turn,us_china_tension,shared_infrastructure,scientific_openness,mars_progress,neutral_access,us_power,china_power,us_public_cooperation,china_public_cooperation,third_force_strength,international_trust,run,event
0,60,15,30,20,20,80,78,40,35,10,30,1,initial
1,56,27,30,20,27,81,78,40,35,19,34,1,india_transport_success
2,54,36,30,20,27,81,77,40,35,19,38,1,us_base_accident
3,62,45,30,20,27,81,77,37,32,19,37,1,earth_tension
4,60,54,30,20,27,81,78,38,33,19,41,1,us_base_accident
5,67,58,30,20,24,80,78,39,34,19,40,1,none
6,74,62,30,20,21,80,79,39,34,19,39,1,none
7,65,75,30,20,23,80,78,40,35,19,46,1,us_base_accident
8,72,79,30,20,20,80,78,40,35,19,45,1,none
9,80,84,30,20,14,80,77,40,35,19,43,1,none
10,87,88,30,20,11,80,77,40,35,19,42,1,none
0,60,15,30,20,20,80,78,40,35,10,30,2,initial
1,68,20,30,20,14,79,77,40,35,10,28,2,none
2,76,25,30,20,8,80,78,39,34,10,26,2,none
3,76,33,30,20,7,79,78,38,33,10,28,2,none
4,79,43,30,20,7,79,79,38,33,22,30,2,japanese_breakthrough
5,81,46,30,35,6,80,79,38,33,22,30,2,mars_breakthrough
6,84,53,30,35,6,79,79,38,33,26,30,2,none
7,92,58,30,35,0,78,79,38,33,26,28,2,none
8,98,62,30,35,0,79,78,38,33,26,27,2,none
9,98,67,30,35,0,79,79,38,33,26,25,2,none
10,98,71,30,35,0,79,79,38,33,26,24,2,none
0,60,15,30,20,20,80,78,40,35,10,30,3,initial
1,60,17,35,20,22,80,79,40,35,10,34,3,none
2,59,24,35,20,24,80,78,40,35,10,37,3,none
3,67,29,41,20,18,80,78,40,35,10,37,3,scientific_discovery
4,59,40,41,20,22,81,78,40,35,10,43,3,none
5,54,43,45,30,21,81,77,41,36,20,38,3,rare_unknown
6,48,51,50,30,23,81,78,42,37,20,45,3,none
7,47,58,50,30,25,82,78,43,38,20,48,3,none
8,54,62,50,30,22,82,78,44,39,20,47,3,none
9,53,69,50,30,24,82,78,45,40,20,50,3,none
10,53,78,50,30,24,81,78,47,42,20,53,3,none
0,60,15,30,20,20,80,78,40,35,10,30,4,initial
1,60,23,30,20,19,81,79,40,35,10,32,4,none
2,69,33,30,20,16,81,79,36,31,10,30,4,earth_tension
3,75,35,30,30,15,82,80,35,30,10,29,4,mars_breakthrough
4,70,45,30,30,20,82,80,36,31,14,33,4,none
5,70,54,30,30,20,83,81,37,32,14,36,4,none
6,73,64,30,30,20,83,80,37,32,26,38,4,japanese_breakthrough
7,79,67,30,30,20,84,79,37,32,26,38,4,none
8,86,70,30,40,16,84,80,37,32,26,36,4,mars_breakthrough
9,92,73,30,40,16,83,80,37,32,26,36,4,none
10,91,80,30,40,18,82,79,37,32,26,39,4,none
0,60,15,30,20,20,80,78,40,35,10,30,5,initial
1,56,27,30,20,23,81,78,40,35,14,34,5,none
2,56,36,30,20,23,81,78,40,35,14,37,5,none
3,56,44,30,20,22,81,79,41,36,14,39,5,none
4,48,59,30,20,22,82,79,42,37,14,46,5,chinese_base_accident
5,54,62,30,30,22,82,79,43,38,14,46,5,mars_breakthrough
6,62,71,32,36,22,81,80,45,40,15,54,5,rare_unknown
7,69,75,32,36,19,81,80,47,42,15,53,5,none
8,64,88,32,36,24,81,80,49,44,27,59,5,japanese_breakthrough
9,64,96,32,36,23,80,81,51,46,27,61,5,none
10,71,100,32,36,20,80,81,52,47,27,60,5,none
0,60,15,30,20,20,80,78,40,35,10,30,6,initial
1,52,26,30,20,24,80,77,40,35,10,36,6,none
2,58,29,30,20,24,80,77,40,35,10,36,6,none
3,57,36,30,20,26,80,78,40,35,10,39,6,none
4,53,48,30,20,29,80,78,41,36,14,43,6,none
5,60,52,30,20,26,81,78,42,37,14,42,6,none
6,59,59,30,20,28,82,79,43,38,14,45,6,none
7,67,64,30,20,22,81,79,44,39,14,43,6,none
8,60,77,30,20,24,81,79,45,40,14,49,6,none
9,67,81,30,20,21,81,79,46,41,14,48,6,none
10,59,96,30,20,21,80,79,48,43,14,55,6,chinese_base_accident
0,60,15,30,20,20,80,78,40,35,10,30,7,initial
1,67,19,30,20,17,79,77,40,35,10,29,7,none
2,67,27,30,20,16,79,77,40,35,10,31,7,none
3,75,32,30,20,10,79,77,39,34,10,29,7,none
4,76,42,30,20,7,79,78,39,34,10,31,7,none
5,68,57,30,20,7,79,79,40,35,10,38,7,chinese_base_accident
6,75,61,30,20,4,79,79,40,35,10,37,7,none
7,75,69,30,30,3,78,80,40,35,10,39,7,mars_breakthrough
8,82,76,30,30,5,78,81,36,31,10,38,7,earth_tension
9,89,80,30,30,2,77,82,36,31,10,37,7,none
10,91,83,30,45,1,77,81,36,31,10,37,7,mars_breakthrough
0,60,15,30,20,20,80,78,40,35,10,30,8,initial
1,59,22,30,20,22,80,78,40,35,10,33,8,none
2,65,25,30,20,26,80,78,40,35,15,33,8,india_transport_success
3,65,27,35,20,28,80,78,40,35,15,37,8,none
4,65,36,35,20,28,80,78,40,35,15,40,8,none
5,65,44,35,20,27,80,78,41,36,15,42,8,none
6,72,48,35,20,24,80,78,41,36,15,41,8,none
7,79,52,35,20,21,81,78,41,36,15,40,8,none
8,86,56,35,20,18,81,77,41,36,15,39,8,none
9,93,60,35,20,15,80,76,41,36,15,38,8,none
10,93,68,35,20,14,81,75,41,36,15,40,8,none
0,60,15,30,20,20,80,78,40,35,10,30,9,initial
1,68,20,30,20,14,80,78,40,35,10,28,9,none
2,74,22,30,20,13,80,77,39,34,10,27,9,none
3,83,32,30,20,10,80,77,34,29,10,25,9,earth_tension
4,83,41,30,20,10,80,77,34,29,10,28,9,none
5,90,45,30,20,7,81,77,34,29,10,27,9,none
6,91,48,35,29,7,81,77,34,29,9,24,9,rare_unknown
7,98,53,35,29,1,82,77,34,29,9,22,9,none
8,97,60,40,29,7,82,77,34,29,25,27,9,japanese_breakthrough
9,98,64,40,29,4,81,77,34,29,25,26,9,none
10,98,68,40,29,1,81,77,34,29,25,25,9,none
0,60,15,30,20,20,80,78,40,35,10,30,10,initial
1,59,22,30,20,22,79,78,40,35,10,33,10,none
2,58,29,30,20,24,79,77,40,35,10,36,10,none
3,65,33,30,20,21,80,77,40,35,10,35,10,none
4,72,37,30,20,18,80,77,39,34,10,34,10,none
5,72,45,30,20,17,80,78,39,34,10,36,10,none
6,80,50,30,20,11,79,79,39,34,10,34,10,none
7,88,55,30,20,5,79,80,39,34,10,32,10,none
8,96,60,30,20,0,79,81,39,34,10,30,10,none
9,98,64,30,20,0,79,81,39,34,10,29,10,none
10,98,71,30,20,0,79,82,39,34,14,29,10,none
0,60,15,30,20,20,80,78,40,35,10,30,11,initial
1,60,24,30,20,20,80,78,40,35,10,33,11,none
2,52,35,30,20,24,80,77,40,35,10,39,11,none
3,51,42,30,20,26,80,77,41,36,10,42,11,none
4,55,47,35,20,26,80,78,42,37,22,45,11,japanese_breakthrough
5,53,52,35,20,30,80,78,43,38,22,48,11,none
6,56,59,34,23,30,80,78,44,39,21,47,11,rare_unknown
7,55,66,34,23,32,80,79,45,40,21,50,11,none
8,55,74,34,23,31,80,79,47,42,21,52,11,none
9,54,81,34,23,33,80,80,49,44,21,55,11,none
10,49,91,34,23,38,80,79,51,46,25,59,11,none
0,60,15,30,20,20,80,78,40,35,10,30,12,initial
1,68,20,30,20,14,80,78,40,35,10,28,12,none
2,67,27,30,20,16,81,78,40,35,10,31,12,none
3,73,30,30,20,16,80,79,39,34,10,31,12,none
4,72,37,30,20,18,80,79,38,33,10,34,12,none
5,79,41,30,20,15,81,78,38,33,10,33,12,none
6,78,48,30,20,17,81,78,38,33,10,36,12,none
7,85,52,30,20,14,81,78,38,33,10,35,12,none
8,78,65,30,20,16,81,78,38,33,10,41,12,none
9,81,72,30,20,16,81,78,38,33,14,41,12,none
10,88,76,30,20,13,81,78,38,33,14,40,12,none
0,60,15,30,20,20,80,78,40,35,10,30,13,initial
1,59,22,30,20,22,80,77,40,35,10,33,13,none
2,59,30,30,20,21,81,77,40,35,10,35,13,none
3,57,35,30,20,25,81,77,40,35,10,38,13,none
4,57,43,30,20,24,82,77,41,36,10,40,13,none
5,55,55,30,20,30,81,77,42,37,26,44,13,japanese_breakthrough
6,47,70,30,20,30,81,77,44,39,26,51,13,chinese_base_accident
7,46,77,30,20,32,82,77,46,41,26,54,13,none
8,51,84,30,20,37,83,77,48,43,30,54,13,new_ice_discovery
9,43,95,30,20,41,84,76,50,45,30,60,13,none
10,49,98,30,20,41,83,76,52,47,30,60,13,none
0,60,15,30,20,20,80,78,40,35,10,30,14,initial
1,59,21,30,20,21,79,77,40,35,10,32,14,none
2,66,25,30,20,18,79,77,40,35,10,31,14,none
3,66,34,30,20,18,78,77,40,35,10,34,14,none
4,73,38,30,20,19,78,76,39,34,15,33,14,india_transport_success
5,79,40,30,20,18,78,76,38,33,15,32,14,none
6,86,44,30,20,15,78,76,38,33,15,31,14,none
7,87,54,30,20,12,78,76,38,33,15,33,14,none
8,98,58,30,20,9,79,76,34,29,15,28,14,earth_tension
9,90,69,30,20,13,78,77,34,29,15,34,14,none
10,92,75,30,20,16,78,78,34,29,19,35,14,none
0,60,15,30,20,20,80,78,40,35,10,30,15,initial
1,68,20,30,20,14,80,78,40,35,10,28,15,none
2,75,24,30,20,11,79,78,39,34,10,27,15,none
3,81,27,30,20,11,78,78,38,33,10,27,15,none
4,81,35,30,20,10,77,77,37,32,10,29,15,none
5,74,48,30,20,12,76,78,37,32,10,35,15,none
6,80,51,30,20,12,75,78,37,32,10,35,15,none
7,89,54,30,20,13,75,78,37,32,10,33,15,new_ice_discovery
8,92,61,30,20,13,75,79,37,32,14,33,15,none
9,98,65,30,20,10,75,78,37,32,14,32,15,none
10,90,76,30,20,14,75,79,37,32,14,38,15,none
0,60,15,30,20,20,80,78,40,35,10,30,16,initial
1,52,26,30,20,24,81,77,40,35,10,36,16,none
2,51,33,30,20,26,82,77,40,35,10,39,16,none
3,52,43,30,20,23,82,77,41,36,10,41,16,none
4,52,52,30,20,23,83,78,42,37,10,44,16,none
5,51,59,30,20,25,83,79,43,38,10,47,16,none
6,57,61,30,20,24,84,79,44,39,10,46,16,none
7,55,70,30,20,24,84,80,45,40,10,50,16,us_base_accident
8,50,80,35,20,24,84,79,47,42,10,57,16,none
9,57,84,35,20,21,84,79,49,44,10,56,16,none
10,56,91,35,20,23,84,80,51,46,10,59,16,none
0,60,15,30,20,20,80,78,40,35,10,30,17,initial
1,59,22,30,20,22,80,78,40,35,10,33,17,none
2,67,21,41,20,19,80,78,40,35,10,35,17,scientific_discovery
3,67,30,41,20,19,80,78,40,35,10,38,17,none
4,63,38,46,20,24,81,78,40,35,22,45,17,japanese_breakthrough
5,59,50,46,20,31,82,78,41,36,31,49,17,india_transport_success
6,54,58,46,35,33,82,77,43,38,31,53,17,mars_breakthrough
7,53,65,46,35,35,81,77,45,40,31,56,17,none
8,60,72,46,35,37,81,77,43,38,31,55,17,earth_tension
9,68,77,46,45,31,81,76,45,40,31,53,17,mars_breakthrough
10,67,84,46,45,33,82,77,47,42,31,56,17,none
0,60,15,30,20,20,80,78,40,35,10,30,18,initial
1,62,17,40,20,20,80,78,40,35,18,37,18,japanese_breakthrough
2,55,30,40,20,22,79,77,40,35,18,43,18,none
3,62,34,40,20,19,79,78,40,35,18,42,18,none
4,62,43,40,20,19,79,78,41,36,18,45,18,none
5,58,55,40,20,26,79,77,42,37,27,49,18,india_transport_success
6,59,65,40,20,23,78,76,44,39,27,51,18,none
7,66,69,46,20,20,78,75,46,41,27,52,18,scientific_discovery
8,59,82,46,20,22,77,74,48,43,27,58,18,none
9,59,90,46,20,21,77,73,50,45,27,60,18,none
10,51,100,46,20,25,76,72,52,47,27,66,18,none
0,60,15,30,20,20,80,78,40,35,10,30,19,initial
1,66,17,30,20,19,80,78,40,35,10,29,19,none
2,64,26,30,20,19,81,78,40,35,10,33,19,us_base_accident
3,59,36,30,20,24,80,79,40,35,14,37,19,none
4,66,43,30,20,26,80,79,37,32,14,36,19,earth_tension
5,61,53,30,20,31,79,78,38,33,18,40,19,none
6,60,60,30,20,33,79,77,39,34,18,43,19,none
7,68,65,30,20,27,79,77,40,35,18,41,19,none
8,76,67,30,20,31,80,77,40,35,18,40,19,new_ice_discovery
9,76,75,30,20,30,80,77,40,35,18,42,19,none
10,83,79,30,20,27,81,77,40,35,18,41,19,none
0,60,15,30,20,20,80,78,40,35,10,30,20,initial
1,58,20,30,20,24,81,77,40,35,10,33,20,none
2,58,28,30,20,23,81,77,40,35,10,35,20,none
3,58,36,30,20,22,80,77,40,35,10,37,20,none
4,57,42,30,20,23,80,77,41,36,10,39,20,none
5,64,46,30,20,20,81,77,42,37,10,38,20,none
6,71,50,30,20,17,82,78,42,37,10,37,20,none
7,78,54,30,20,14,82,78,42,37,10,36,20,none
8,84,57,30,20,14,82,79,42,37,10,36,20,none
9,91,61,30,30,11,82,78,42,37,10,35,20,mars_breakthrough
10,97,63,30,30,10,82,79,42,37,10,34,20,none
0,60,15,30,20,20,80,78,40,35,10,30,21,initial
1,53,28,30,20,22,81,77,40,35,10,36,21,none
2,60,32,30,30,19,80,77,40,35,10,35,21,mars_breakthrough
3,59,39,30,30,21,80,77,40,35,10,38,21,none
4,66,43,30,30,18,80,77,41,36,10,37,21,none
5,73,47,30,30,15,80,76,41,36,10,36,21,none
6,81,52,30,30,9,80,76,41,36,10,34,21,none
7,84,59,30,30,9,79,76,41,36,14,34,21,none
8,91,63,30,30,6,80,76,41,36,14,33,21,none
9,91,71,30,30,5,80,75,41,36,14,35,21,none
10,97,74,30,30,5,81,74,41,36,14,35,21,none
0,60,15,30,20,20,80,78,40,35,10,30,22,initial
1,60,24,30,20,20,79,77,40,35,10,33,22,none
2,52,35,30,20,24,79,77,40,35,10,39,22,none
3,52,43,30,20,23,78,77,41,36,10,41,22,none
4,46,58,30,20,23,78,76,42,37,10,47,22,none
5,51,59,30,20,25,78,76,43,38,10,47,22,none
6,57,61,30,30,24,78,77,44,39,10,46,22,mars_breakthrough
7,57,70,25,36,24,79,78,45,40,17,46,22,rare_unknown
8,56,77,25,36,26,79,79,46,41,17,49,22,none
9,59,81,30,36,29,80,80,48,43,29,53,22,japanese_breakthrough
10,66,85,30,36,26,80,81,50,45,29,52,22,none
0,60,15,30,20,20,80,78,40,35,10,30,23,initial
1,68,20,30,20,14,81,78,40,35,10,28,23,none
2,75,24,30,20,11,81,78,39,34,10,27,23,none
3,82,28,30,20,8,81,79,38,33,10,26,23,none
4,90,31,30,20,13,80,78,37,32,10,26,23,new_ice_discovery
5,89,38,30,20,15,80,77,36,31,10,29,23,none
6,96,42,30,20,12,81,77,36,31,10,28,23,none
7,98,47,30,20,6,81,77,36,31,10,26,23,none
8,98,51,30,20,3,81,77,36,31,10,25,23,none
9,98,54,30,20,3,82,78,36,31,10,25,23,none
10,98,58,30,20,0,83,77,36,31,10,24,23,none
0,60,15,30,20,20,80,78,40,35,10,30,24,initial
1,67,13,35,20,20,80,79,40,35,10,31,24,none
2,67,21,35,20,19,80,78,40,35,10,33,24,none
3,67,30,35,20,19,80,78,40,35,10,36,24,none
4,74,34,35,20,16,80,78,39,34,10,35,24,none
5,74,43,35,20,16,80,77,39,34,10,38,24,none
6,69,53,35,20,21,80,77,40,35,14,42,24,none
7,64,66,35,20,26,80,77,41,36,26,48,24,japanese_breakthrough
8,71,70,35,20,23,80,77,41,36,26,47,24,none
9,74,75,35,35,20,80,76,41,36,26,47,24,mars_breakthrough
10,82,77,35,35,24,79,77,41,36,26,46,24,new_ice_discovery
0,60,15,30,20,20,80,78,40,35,10,30,25,initial
1,58,24,30,20,20,80,79,40,35,10,34,25,chinese_base_accident
2,66,29,30,20,14,81,79,40,35,10,32,25,none
3,69,36,30,20,14,81,80,40,35,14,32,25,none
4,76,40,30,20,11,80,81,39,34,14,31,25,none
5,83,44,30,20,8,79,81,39,34,14,30,25,none
6,79,56,30,20,11,79,81,39,34,18,34,25,none
7,86,60,30,20,8,79,81,39,34,18,33,25,none
8,93,64,30,20,5,78,82,39,34,18,32,25,none
9,93,72,30,20,4,78,82,39,34,18,34,25,none
10,98,76,30,20,1,78,81,39,34,18,33,25,none
0,60,15,30,20,20,80,78,40,35,10,30,26,initial
1,67,19,30,20,17,80,79,40,35,10,29,26,none
2,67,28,30,20,17,80,79,40,35,10,32,26,none
3,74,32,30,20,14,80,78,39,34,10,31,26,none
4,67,45,30,20,16,80,78,40,35,10,37,26,none
5,61,57,30,20,19,80,78,41,36,14,42,26,us_base_accident
6,69,62,30,20,13,80,78,42,37,14,40,26,none
7,78,62,41,20,7,81,78,42,37,14,41,26,scientific_discovery
8,78,70,41,20,6,81,78,42,37,14,43,26,none
9,71,83,41,20,8,81,78,42,37,14,49,26,none
10,77,86,41,20,8,82,77,42,37,14,49,26,none
0,60,15,30,20,20,80,78,40,35,10,30,27,initial
1,60,23,30,20,19,80,78,40,35,10,32,27,none
2,58,28,30,20,23,79,79,40,35,10,35,27,none
3,66,27,41,20,20,79,79,40,35,10,37,27,scientific_discovery
4,74,32,41,20,14,80,80,39,34,10,35,27,none
5,82,31,52,20,11,81,81,38,33,10,37,27,scientific_discovery
6,80,40,52,20,11,80,81,37,32,10,41,27,us_base_accident
7,75,50,52,20,16,80,81,37,32,14,45,27,none
8,83,49,63,20,13,80,81,37,32,14,47,27,scientific_discovery
9,90,53,63,20,10,80,81,37,32,14,46,27,none
10,90,61,63,20,9,80,81,37,32,14,48,27,none
0,60,15,30,20,20,80,78,40,35,10,30,28,initial
1,68,20,30,20,14,80,77,40,35,10,28,28,none
2,68,28,30,20,13,80,77,40,35,10,30,28,none
3,75,32,30,20,10,81,77,39,34,10,29,28,none
4,74,39,30,20,12,81,77,38,33,10,32,28,none
5,73,46,30,20,14,81,76,38,33,10,35,28,none
6,80,50,30,20,11,80,76,38,33,10,34,28,none
7,83,55,30,35,8,79,76,38,33,10,34,28,mars_breakthrough
8,90,59,30,35,5,79,76,38,33,10,33,28,none
9,90,67,30,35,4,79,76,38,33,10,35,28,none
10,92,73,30,35,7,79,76,38,33,14,36,28,none
0,60,15,30,20,20,80,78,40,35,10,30,29,initial
1,60,23,30,20,19,80,78,40,35,10,32,29,none
2,59,27,32,28,16,79,78,40,35,5,29,29,rare_unknown
3,58,34,37,28,22,78,78,40,35,21,34,29,japanese_breakthrough
4,57,41,37,28,24,78,77,41,36,21,37,29,none
5,57,49,37,28,23,78,77,42,37,21,39,29,none
6,56,56,37,28,25,78,78,43,38,21,42,29,none
7,57,66,37,28,22,78,78,44,39,21,44,29,none
8,67,70,37,28,22,78,77,41,36,21,41,29,earth_tension
9,66,77,37,28,24,78,76,42,37,21,44,29,none
10,66,85,37,28,23,78,76,43,38,21,46,29,none
0,60,15,30,20,20,80,78,40,35,10,30,30,initial
1,67,19,30,20,17,80,78,40,35,10,29,30,none
2,67,27,30,20,16,80,78,40,35,10,31,30,none
3,75,32,30,20,10,80,77,39,34,10,29,30,none
4,74,39,30,20,12,79,77,38,33,10,32,30,none
5,68,51,32,24,15,78,76,39,34,24,32,30,rare_unknown
6,75,55,32,24,12,78,76,39,34,24,31,30,none
7,74,62,32,24,14,79,77,39,34,24,34,30,none
8,73,69,32,24,16,79,77,39,34,24,37,30,none
9,81,74,32,24,10,78,77,39,34,24,35,30,none
10,87,77,32,24,10,78,76,39,34,24,35,30,none
0,60,15,30,20,20,80,78,40,35,10,30,31,initial
1,62,20,35,20,17,80,77,40,35,10,33,31,none
2,68,23,35,20,17,81,77,40,35,10,33,31,none
3,67,30,35,20,19,81,77,40,35,10,36,31,none
4,66,37,35,20,21,81,77,40,35,10,39,31,none
5,73,41,35,20,18,81,77,40,35,10,38,31,none
6,73,50,35,20,18,81,77,40,35,10,41,31,none
7,81,55,35,20,12,81,77,40,35,10,39,31,none
8,87,57,35,20,11,82,78,40,35,10,38,31,none
9,90,64,35,20,11,82,78,40,35,14,38,31,none
10,90,72,35,20,10,82,78,40,35,14,40,31,none
0,60,15,30,20,20,80,78,40,35,10,30,32,initial
1,66,18,30,20,20,81,79,40,35,10,30,32,none
2,66,27,30,20,20,80,80,40,35,10,33,32,none
3,73,31,30,20,17,81,80,39,34,10,32,32,none
4,86,34,32,18,17,81,81,38,33,13,34,32,rare_unknown
5,85,41,32,18,19,82,81,38,33,13,37,32,none
6,85,49,32,18,18,81,80,38,33,13,39,32,none
7,98,54,38,20,12,81,80,38,33,16,34,32,rare_unknown
8,98,61,38,30,12,82,79,38,33,20,34,32,mars_breakthrough
9,93,74,38,30,17,83,78,38,33,32,40,32,japanese_breakthrough
10,98,78,38,40,14,83,79,38,33,32,39,32,mars_breakthrough
0,60,15,30,20,20,80,78,40,35,10,30,33,initial
1,60,23,30,20,19,79,78,40,35,10,32,33,none
2,66,26,30,20,19,79,78,40,35,10,32,33,none
3,74,25,35,20,16,79,78,39,34,10,32,33,none
4,81,29,35,20,13,79,78,38,33,10,31,33,none
5,80,36,35,20,15,79,79,37,32,10,34,33,none
6,87,40,35,20,12,80,79,36,31,10,33,33,none
7,94,43,35,20,8,80,79,36,31,10,31,33,none
8,94,52,35,20,8,80,79,36,31,10,34,33,none
9,93,62,35,20,5,80,80,36,31,10,37,33,chinese_base_accident
10,98,66,35,20,2,80,79,36,31,10,36,33,none
0,60,15,30,20,20,80,78,40,35,10,30,34,initial
1,60,24,30,20,20,79,79,40,35,10,33,34,none
2,57,27,30,40,22,79,79,40,35,10,35,34,mars_breakthrough
3,52,37,30,40,27,80,80,40,35,14,39,34,none
4,55,44,30,40,27,79,81,41,36,18,39,34,none
5,50,54,30,40,32,80,81,42,37,22,43,34,none
6,58,56,30,40,36,80,81,43,38,22,42,34,new_ice_discovery
7,53,66,30,40,41,81,81,44,39,26,46,34,none
8,46,79,30,40,43,80,80,46,41,26,52,34,none
9,45,86,30,40,45,80,80,48,43,26,55,34,none
10,51,89,30,40,45,81,80,50,45,26,55,34,none
0,60,15,30,20,20,80,78,40,35,10,30,35,initial
1,59,22,30,20,22,80,79,40,35,10,33,35,none
2,59,30,30,20,21,80,79,40,35,10,35,35,none
3,58,37,30,20,23,81,80,40,35,10,38,35,none
4,58,45,30,20,22,81,81,41,36,10,40,35,none
5,50,56,30,20,26,81,81,42,37,10,46,35,none
6,42,67,30,20,30,82,82,44,39,10,52,35,none
7,49,71,30,20,27,82,83,46,41,10,51,35,none
8,49,80,30,20,31,82,82,48,43,15,54,35,india_transport_success
9,48,87,30,20,33,83,81,50,45,15,57,35,none
10,47,94,30,20,35,83,80,52,47,15,60,35,none
0,60,15,30,20,20,80,78,40,35,10,30,36,initial
1,59,22,30,20,22,81,78,40,35,10,33,36,none
2,60,25,35,20,21,82,78,40,35,10,36,36,none
3,52,36,35,20,25,82,78,40,35,10,42,36,none
4,58,39,35,20,25,82,77,40,35,10,42,36,none
5,51,52,35,20,27,82,76,41,36,10,48,36,none
6,57,55,35,20,27,82,76,42,37,10,48,36,none
7,57,63,35,20,26,83,75,43,38,10,50,36,none
8,62,67,35,20,23,82,76,44,39,10,50,36,chinese_base_accident
9,69,71,35,20,20,81,76,45,40,10,49,36,none
10,62,84,35,20,22,81,75,47,42,10,55,36,none
0,60,15,30,20,20,80,78,40,35,10,30,37,initial
1,52,30,30,20,20,81,78,40,35,10,37,37,chinese_base_accident
2,51,37,30,20,22,81,78,40,35,10,40,37,none
3,51,46,30,20,22,82,77,41,36,10,43,37,none
4,54,53,30,20,22,82,77,42,37,14,43,37,none
5,53,60,30,20,24,82,78,43,38,14,46,37,none
6,60,64,30,20,21,82,77,44,39,14,45,37,none
7,59,71,30,20,23,82,77,45,40,14,48,37,none
8,59,79,30,20,22,82,78,46,41,14,50,37,none
9,59,88,30,20,22,81,78,48,43,14,53,37,none
10,51,99,30,20,26,82,77,50,45,14,59,37,none
0,60,15,30,20,20,80,78,40,35,10,30,38,initial
1,52,26,30,20,24,80,77,40,35,10,36,38,none
2,53,30,35,20,24,80,78,40,35,10,40,38,none
3,52,37,35,20,26,80,78,40,35,10,43,38,none
4,59,41,35,20,23,79,78,41,36,10,42,38,none
5,54,51,40,20,23,80,79,42,37,10,49,38,none
6,62,56,40,20,17,79,80,43,38,10,47,38,none
7,54,67,40,20,21,80,81,45,40,10,53,38,none
8,61,71,40,20,18,80,81,47,42,10,52,38,none
9,69,79,40,20,17,79,80,44,39,10,50,38,earth_tension
10,73,91,40,20,20,78,80,40,35,14,50,38,earth_tension
0,60,15,30,20,20,80,78,40,35,10,30,39,initial
1,60,23,30,20,19,79,79,40,35,10,32,39,none
2,55,33,30,20,24,80,79,40,35,14,36,39,none
3,55,41,30,20,23,80,79,41,36,14,38,39,none
4,62,44,30,30,19,80,79,42,37,14,36,39,mars_breakthrough
5,60,53,30,30,19,81,79,43,38,14,40,39,chinese_base_accident
6,66,56,30,30,19,82,80,44,39,14,40,39,none
7,73,60,30,30,16,83,81,44,39,14,39,39,none
8,73,69,30,30,16,83,81,44,39,14,42,39,none
9,72,76,30,30,18,82,80,44,39,14,45,39,none
10,71,83,30,30,20,82,80,44,39,14,48,39,none
0,60,15,30,20,20,80,78,40,35,10,30,40,initial
1,59,22,30,20,22,80,78,40,35,10,33,40,none
2,58,29,30,20,24,80,77,40,35,10,36,40,none
3,65,33,30,20,21,80,78,40,35,10,35,40,none
4,58,46,30,20,23,79,78,41,36,10,41,40,none
5,53,56,30,20,28,79,79,42,37,14,45,40,none
6,45,67,30,20,32,78,78,44,39,14,51,40,none
7,52,71,30,20,29,78,78,45,40,14,50,40,none
8,58,74,30,20,33,78,78,46,41,19,50,40,india_transport_success
9,57,81,30,20,35,77,78,48,43,19,53,40,none
10,57,89,30,20,34,77,78,50,45,19,55,40,none
0,60,15,30,20,20,80,78,40,35,10,30,41,initial
1,60,23,30,20,19,81,78,40,35,10,32,41,none
2,52,34,30,20,23,81,78,40,35,10,38,41,none
3,53,38,35,20,23,81,77,40,35,10,42,41,none
4,56,45,35,20,23,80,77,41,36,14,42,41,none
5,56,47,40,20,25,81,77,42,37,14,46,41,none
6,63,51,40,20,22,82,77,43,38,14,45,41,none
7,62,57,40,20,23,83,78,44,39,14,47,41,none
8,62,66,40,20,23,82,79,45,40,14,50,41,none
9,61,73,40,20,25,83,80,47,42,14,53,41,none
10,61,82,40,20,25,84,80,49,44,14,56,41,none
0,60,15,30,20,20,80,78,40,35,10,30,42,initial
1,60,24,30,20,20,80,78,40,35,10,33,42,none
2,52,39,30,20,20,80,78,40,35,10,40,42,chinese_base_accident
3,52,47,30,20,19,80,77,41,36,10,42,42,none
4,58,50,30,20,19,80,76,42,37,10,42,42,none
5,58,58,30,20,18,81,76,43,38,10,44,42,none
6,65,62,30,20,15,82,76,44,39,10,43,42,none
7,65,70,30,20,14,81,77,45,40,10,45,42,none
8,64,77,30,20,16,81,77,46,41,10,48,42,none
9,64,86,30,20,16,81,77,48,43,10,51,42,none
10,63,93,30,20,18,81,77,50,45,10,54,42,none
0,60,15,30,20,20,80,78,40,35,10,30,43,initial
1,58,24,30,20,20,81,79,40,35,10,34,43,chinese_base_accident
2,57,31,30,20,22,80,78,40,35,10,37,43,none
3,57,39,30,20,21,80,77,40,35,10,39,43,none
4,57,48,30,20,21,80,77,41,36,10,42,43,none
5,64,52,30,20,18,81,77,42,37,10,41,43,none
6,65,62,30,20,15,82,76,43,38,10,43,43,none
7,72,66,30,20,12,81,76,43,38,10,42,43,none
8,78,69,30,20,12,80,76,43,38,10,42,43,none
9,84,72,30,20,12,80,76,43,38,10,42,43,none
10,77,85,30,20,14,80,76,43,38,10,48,43,none
0,60,15,30,20,20,80,78,40,35,10,30,44,initial
1,69,15,35,20,14,80,78,40,35,10,29,44,none
2,76,19,35,30,11,79,77,39,34,10,28,44,mars_breakthrough
3,75,26,35,30,13,80,76,38,33,10,31,44,none
4,72,33,35,30,15,81,76,37,32,10,35,44,us_base_accident
5,81,37,35,30,17,81,76,36,31,10,34,44,new_ice_discovery
6,88,41,35,30,14,81,76,36,31,10,33,44,none
7,86,46,35,30,18,81,76,36,31,10,36,44,none
8,86,55,35,30,18,80,76,36,31,10,39,44,none
9,92,58,35,30,18,80,76,36,31,10,39,44,none
10,95,63,35,45,15,79,76,36,31,10,39,44,mars_breakthrough
0,60,15,30,20,20,80,78,40,35,10,30,45,initial
1,59,22,30,20,22,80,79,40,35,10,33,45,none
2,62,29,30,20,22,80,79,40,35,14,33,45,none
3,61,36,30,20,24,81,80,40,35,14,36,45,none
4,61,45,30,20,24,82,80,41,36,14,39,45,none
5,60,52,30,20,26,82,80,42,37,14,42,45,none
6,66,55,30,20,26,83,80,43,38,14,42,45,none
7,73,59,30,20,23,83,81,43,38,14,41,45,none
8,81,68,30,20,23,82,81,39,34,14,40,45,earth_tension
9,88,72,30,20,20,81,81,39,34,14,39,45,none
10,96,71,41,20,17,82,81,39,34,14,41,45,scientific_discovery
0,60,15,30,20,20,80,78,40,35,10,30,46,initial
1,60,20,30,26,14,80,78,40,35,6,33,46,rare_unknown
2,59,27,30,26,16,80,79,40,35,6,36,46,none
3,65,30,30,26,16,79,79,40,35,6,36,46,none
4,72,34,30,26,13,79,79,39,34,6,35,46,none
5,78,37,30,26,13,78,79,38,33,6,35,46,none
6,76,46,30,26,13,78,78,38,33,6,39,46,chinese_base_accident
7,83,50,30,26,10,79,78,38,33,6,38,46,none
8,90,54,30,26,7,78,78,38,33,6,37,46,none
9,97,58,30,26,4,77,77,38,33,6,36,46,none
10,98,62,30,26,1,77,76,38,33,6,35,46,none
0,60,15,30,20,20,80,78,40,35,10,30,47,initial
1,60,23,30,20,19,80,78,40,35,10,32,47,none
2,52,38,30,20,19,81,78,40,35,10,39,47,chinese_base_accident
3,51,45,30,20,21,82,78,41,36,10,42,47,none
4,49,50,30,20,25,82,79,42,37,10,45,47,none
5,56,54,30,20,22,82,79,43,38,10,44,47,none
6,57,64,30,20,19,82,79,44,39,10,46,47,none
7,57,72,30,20,18,83,78,45,40,10,48,47,none
8,56,79,30,20,20,82,77,47,42,10,51,47,none
9,55,86,30,20,22,81,77,49,44,10,54,47,none
10,48,99,30,20,24,81,78,51,46,10,60,47,none
0,60,15,30,20,20,80,78,40,35,10,30,48,initial
1,61,25,30,20,17,80,78,40,35,10,32,48,none
2,53,36,30,20,21,79,79,40,35,10,38,48,none
3,60,40,30,20,18,78,79,40,35,10,37,48,none
4,59,47,30,20,20,78,79,41,36,10,40,48,none
5,59,55,30,20,19,77,79,42,37,10,42,48,none
6,66,59,30,20,16,76,79,43,38,10,41,48,none
7,59,72,30,20,18,76,80,44,39,10,47,48,none
8,58,79,30,20,20,77,80,45,40,10,50,48,none
9,60,85,30,20,23,76,80,47,42,14,51,48,none
10,67,89,30,20,20,75,79,48,43,14,50,48,none
0,60,15,30,20,20,80,78,40,35,10,30,49,initial
1,52,30,30,20,20,80,78,40,35,10,37,49,chinese_base_accident
2,51,37,30,20,22,81,78,40,35,10,40,49,none
3,50,44,30,20,24,81,78,41,36,10,43,49,none
4,57,48,30,20,21,81,79,42,37,10,42,49,none
5,63,51,30,20,21,81,80,43,38,10,42,49,none
6,64,61,30,20,18,80,80,44,39,10,44,49,none
7,64,69,30,20,17,80,81,45,40,10,46,49,none
8,71,73,30,20,14,80,81,45,40,10,45,49,none
9,70,80,30,20,16,81,80,46,41,10,48,49,none
10,77,84,30,20,13,82,79,46,41,10,47,49,none
0,60,15,30,20,20,80,78,40,35,10,30,50,initial
1,52,26,30,20,24,80,78,40,35,10,36,50,none
2,53,36,30,20,21,79,79,40,35,10,38,50,none
3,53,44,30,20,20,80,79,41,36,10,40,50,none
4,59,47,30,20,20,80,80,42,37,10,40,50,none
5,57,52,30,20,24,80,81,43,38,10,43,50,none
6,57,60,30,20,23,81,81,44,39,10,45,50,none
7,56,67,30,20,25,81,81,45,40,10,48,50,none
8,48,82,30,20,25,82,82,47,42,10,55,50,chinese_base_accident
9,47,89,30,20,27,82,81,49,44,10,58,50,none
10,46,96,30,20,29,83,81,51,46,10,61,50,none
0,60,15,30,20,20,80,78,40,35,10,30,51,initial
1,60,23,30,20,19,80,79,40,35,10,32,51,none
2,68,28,30,20,13,80,80,40,35,10,30,51,none
3,68,36,30,20,12,80,81,40,35,10,32,51,none
4,72,39,30,20,12,80,81,39,34,10,33,51,us_base_accident
5,80,48,30,20,12,81,81,35,30,10,32,51,earth_tension
6,80,57,30,20,12,80,81,35,30,10,35,51,none
7,87,61,30,20,9,81,82,35,30,10,34,51,none
8,94,65,30,20,6,80,82,35,30,10,33,51,none
9,98,69,30,20,8,80,82,35,30,10,32,51,new_ice_discovery
10,98,74,30,20,2,79,82,35,30,10,30,51,none
0,60,15,30,20,20,80,78,40,35,10,30,52,initial
1,59,22,30,20,22,80,77,40,35,10,33,52,none
2,59,30,36,20,21,80,77,40,35,10,37,52,scientific_discovery
3,58,37,36,20,23,80,76,40,35,10,40,52,none
4,65,41,36,20,20,79,76,41,36,10,39,52,none
5,63,50,36,20,20,80,75,42,37,10,43,52,us_base_accident
6,70,54,36,20,17,80,75,43,38,10,42,52,none
7,77,58,36,20,14,80,75,43,38,10,41,52,none
8,77,67,36,20,14,81,75,43,38,10,44,52,none
9,84,71,36,20,11,81,75,43,38,10,43,52,none
10,87,78,36,20,11,81,76,43,38,14,43,52,none
0,60,15,30,20,20,80,78,40,35,10,30,53,initial
1,59,23,35,21,19,80,78,40,35,5,36,53,rare_unknown
2,58,30,35,21,21,80,78,40,35,5,39,53,none
3,63,37,30,21,23,80,77,40,35,1,35,53,rare_unknown
4,73,43,30,21,26,79,77,36,31,5,32,53,earth_tension
5,73,52,30,21,26,79,76,36,31,5,35,53,none
6,79,55,30,21,26,79,77,36,31,5,35,53,none
7,83,60,35,21,26,79,77,36,31,17,38,53,japanese_breakthrough
8,90,63,35,31,22,79,77,36,31,17,36,53,mars_breakthrough
9,96,65,35,31,21,80,78,36,31,17,35,53,none
10,98,69,41,31,18,81,79,36,31,17,36,53,scientific_discovery
0,60,15,30,20,20,80,78,40,35,10,30,54,initial
1,52,26,30,20,24,80,79,40,35,10,36,54,none
2,55,33,28,26,26,80,78,40,35,14,35,54,rare_unknown
3,62,37,28,26,23,81,77,40,35,14,34,54,none
4,61,44,28,26,25,81,76,41,36,14,37,54,none
5,60,51,28,26,27,82,77,42,37,14,40,54,none
6,58,60,28,26,27,81,76,43,38,14,44,54,us_base_accident
7,58,69,28,26,27,81,77,44,39,14,47,54,none
8,66,78,28,26,27,81,76,41,36,14,46,54,earth_tension
9,66,86,28,26,26,81,76,42,37,14,48,54,none
10,58,97,28,26,30,82,76,44,39,14,54,54,none
0,60,15,30,20,20,80,78,40,35,10,30,55,initial
1,70,20,30,20,19,80,78,40,35,10,28,55,new_ice_discovery
2,70,29,30,20,23,79,79,40,35,15,31,55,india_transport_success
3,70,37,30,20,22,79,79,40,35,15,33,55,none
4,80,42,30,20,21,79,78,40,35,15,31,55,new_ice_discovery
5,89,45,30,20,22,80,77,40,35,15,29,55,new_ice_discovery
6,92,52,30,20,22,80,76,40,35,19,29,55,none
7,98,56,30,20,19,80,76,40,35,19,28,55,none
8,95,63,30,20,21,79,76,40,35,19,31,55,none
9,98,67,30,20,18,79,76,40,35,19,30,55,none
10,98,71,30,20,15,79,76,40,35,19,29,55,none
0,60,15,30,20,20,80,78,40,35,10,30,56,initial
1,60,23,30,20,19,80,79,40,35,10,32,56,none
2,67,27,30,20,16,80,79,40,35,10,31,56,none
3,68,31,26,24,13,80,78,40,35,18,33,56,rare_unknown
4,68,39,26,24,12,80,78,40,35,18,35,56,none
5,71,46,26,24,12,80,78,40,35,22,35,56,none
6,79,51,32,24,6,81,78,40,35,22,35,56,scientific_discovery
7,86,55,32,24,3,81,77,40,35,22,34,56,none
8,92,58,32,24,3,81,77,40,35,22,34,56,none
9,98,61,32,24,3,80,77,40,35,22,34,56,none
10,98,65,32,24,0,80,77,40,35,22,33,56,none
0,60,15,30,20,20,80,78,40,35,10,30,57,initial
1,70,25,32,20,17,81,78,40,35,8,36,57,rare_unknown
2,77,29,32,20,14,81,77,39,34,8,35,57,none
3,85,34,32,20,8,81,76,38,33,8,33,57,none
4,99,33,37,20,5,81,77,33,28,8,29,57,earth_tension
5,98,36,37,20,5,81,77,32,27,8,29,57,none
6,89,49,37,20,7,81,77,32,27,8,36,57,chinese_base_accident
7,95,52,37,20,7,81,77,32,27,8,36,57,none
8,98,57,37,20,1,81,76,32,27,8,34,57,none
9,98,60,37,20,1,81,75,32,27,8,34,57,none
10,98,65,37,20,0,80,75,32,27,8,32,57,none
0,60,15,30,20,20,80,78,40,35,10,30,58,initial
1,67,19,30,20,17,80,78,40,35,10,29,58,none
2,75,24,30,20,11,80,79,39,34,10,27,58,none
3,74,34,30,20,8,80,79,38,33,10,30,58,chinese_base_accident
4,84,33,35,20,10,79,80,37,32,10,30,58,new_ice_discovery
5,91,37,35,20,7,79,80,36,31,10,29,58,none
6,93,40,35,35,6,79,79,35,30,10,29,58,mars_breakthrough
7,98,44,35,35,3,79,79,35,30,10,28,58,none
8,98,49,35,35,0,79,79,35,30,10,26,58,none
9,98,52,35,35,0,79,78,35,30,10,26,58,none
10,98,57,41,35,0,79,77,35,30,10,26,58,scientific_discovery
0,60,15,30,20,20,80,78,40,35,10,30,59,initial
1,59,22,30,20,26,81,79,40,35,15,33,59,india_transport_success
2,58,28,30,20,27,81,78,40,35,15,35,59,none
3,65,32,30,20,24,81,78,40,35,15,34,59,none
4,65,40,30,20,23,82,78,40,35,15,36,59,none
5,60,50,30,20,28,81,78,41,36,19,40,59,none
6,61,60,30,20,25,81,79,42,37,19,42,59,none
7,53,71,30,20,29,81,79,43,38,19,48,59,none
8,52,78,30,20,31,81,78,45,40,19,51,59,none
9,53,81,35,20,30,81,78,47,42,19,54,59,none
10,45,92,35,20,34,81,78,49,44,19,60,59,none
0,60,15,30,20,20,80,78,40,35,10,30,60,initial
1,69,15,41,20,14,79,78,40,35,10,31,60,scientific_discovery
2,76,19,41,20,11,79,77,39,34,10,30,60,none
3,75,26,41,20,13,78,77,38,33,10,33,60,none
4,82,30,41,20,14,78,78,37,32,15,32,60,india_transport_success
5,76,42,41,20,17,78,78,37,32,19,37,60,us_base_accident
6,74,47,41,35,17,78,78,37,32,19,39,60,mars_breakthrough
7,82,52,41,35,11,78,78,37,32,19,37,60,none
8,89,56,41,35,8,79,78,37,32,19,36,60,none
9,96,60,41,35,5,80,79,37,32,19,35,60,none
10,98,65,41,35,0,81,79,37,32,19,33,60,none
0,60,15,30,20,20,80,78,40,35,10,30,61,initial
1,53,28,30,20,22,79,79,40,35,10,36,61,none
2,53,37,30,20,22,79,79,40,35,10,39,61,none
3,60,41,30,20,19,79,79,41,36,10,38,61,none
4,69,44,30,20,20,78,79,42,37,10,36,61,new_ice_discovery
5,76,48,30,20,17,78,79,42,37,10,35,61,none
6,76,57,30,20,17,78,78,42,37,10,38,61,none
7,83,61,30,20,14,77,78,42,37,10,37,61,none
8,94,61,35,20,13,77,78,42,37,10,36,61,new_ice_discovery
9,98,65,35,20,10,76,77,42,37,10,35,61,none
10,97,67,35,20,14,75,77,42,37,10,34,61,new_ice_discovery
0,60,15,30,20,20,80,78,40,35,10,30,62,initial
1,54,21,30,35,24,79,78,40,35,10,34,62,mars_breakthrough
2,61,25,30,35,21,79,78,40,35,10,33,62,none
3,60,32,30,35,23,79,78,40,35,10,36,62,none
4,70,37,30,35,22,79,78,40,35,10,34,62,new_ice_discovery
5,71,44,30,35,29,78,78,40,35,10,37,62,new_ice_discovery
6,70,51,30,35,31,77,79,41,36,10,40,62,none
7,69,58,30,35,33,77,78,42,37,10,43,62,none
8,69,66,30,35,32,78,78,43,38,10,45,62,none
9,71,70,30,35,32,79,78,43,38,10,46,62,none
10,70,80,30,35,29,79,78,44,39,10,49,62,chinese_base_accident
0,60,15,30,20,20,80,78,40,35,10,30,63,initial
1,60,23,30,20,19,80,77,40,35,10,32,63,none
2,59,30,30,20,21,79,78,40,35,10,35,63,none
3,67,35,36,20,15,79,78,40,35,10,35,63,scientific_discovery
4,66,42,36,20,17,79,78,41,36,10,38,63,none
5,73,46,36,20,14,79,79,41,36,10,37,63,none
6,73,54,36,20,13,79,79,41,36,10,39,63,none
7,72,61,36,20,15,79,78,41,36,10,42,63,none
8,65,74,36,20,17,80,77,42,37,10,48,63,none
9,72,78,36,20,14,79,77,42,37,10,47,63,none
10,79,82,36,20,11,79,77,42,37,10,46,63,none
0,60,15,30,20,20,80,78,40,35,10,30,64,initial
1,59,22,30,20,22,79,78,40,35,10,33,64,none
2,59,30,30,20,21,79,78,40,35,10,35,64,none
3,66,34,30,20,18,80,78,40,35,10,34,64,none
4,73,38,30,20,15,81,79,39,34,10,33,64,none
5,80,42,30,20,12,81,78,39,34,10,32,64,none
6,73,55,30,20,14,82,79,39,34,10,38,64,none
7,80,59,30,20,11,82,79,39,34,10,37,64,none
8,87,63,30,20,8,81,79,39,34,10,36,64,none
9,87,72,30,20,8,82,79,39,34,10,39,64,none
10,93,75,30,20,8,82,80,39,34,10,39,64,none
0,60,15,30,20,20,80,78,40,35,10,30,65,initial
1,75,19,30,20,17,80,78,35,30,10,25,65,earth_tension
2,75,27,30,20,16,80,79,34,29,10,27,65,none
3,85,31,27,23,13,80,79,33,28,17,30,65,rare_unknown
4,93,36,27,23,7,80,79,32,27,17,28,65,none
5,98,39,27,23,11,81,80,31,26,22,28,65,india_transport_success
6,95,47,27,23,10,82,80,31,26,22,30,65,none
7,98,54,27,23,10,82,81,31,26,26,30,65,none
8,98,57,27,23,10,83,81,31,26,26,30,65,none
9,98,61,27,23,7,84,80,31,26,26,29,65,none
10,98,65,27,23,4,84,81,31,26,26,28,65,none
0,60,15,30,20,20,80,78,40,35,10,30,66,initial
1,61,25,30,20,17,79,78,40,35,10,32,66,none
2,61,33,30,20,16,78,78,40,35,10,34,66,none
3,68,37,30,20,13,77,78,40,35,10,33,66,none
4,71,44,30,20,13,77,78,40,35,14,33,66,none
5,78,48,30,20,10,77,78,40,35,14,32,66,none
6,77,55,35,20,16,77,79,40,35,30,37,66,japanese_breakthrough
7,84,59,35,20,13,78,78,40,35,30,36,66,none
8,84,68,35,20,13,78,77,40,35,30,39,66,none
9,80,80,35,20,20,77,77,40,35,39,43,66,india_transport_success
10,81,90,35,20,17,77,77,40,35,39,45,66,none
0,60,15,30,20,20,80,78,40,35,10,30,67,initial
1,69,25,30,20,17,79,78,36,31,10,28,67,earth_tension
2,69,33,30,20,16,80,78,36,31,10,30,67,none
3,73,36,30,20,16,80,79,35,30,10,31,67,us_base_accident
4,73,44,30,20,15,80,79,35,30,10,33,67,none
5,66,51,34,18,17,80,79,36,31,13,32,67,rare_unknown
6,73,55,34,18,14,79,80,36,31,13,31,67,none
7,81,60,34,18,8,79,80,36,31,13,29,67,none
8,89,65,34,18,2,79,80,36,31,13,27,67,none
9,89,74,34,18,2,79,80,36,31,13,30,67,none
10,98,79,34,18,0,79,79,32,27,13,24,67,earth_tension
0,60,15,30,20,20,80,78,40,35,10,30,68,initial
1,52,30,30,20,20,79,78,40,35,10,37,68,us_base_accident
2,52,38,30,20,19,79,78,40,35,10,39,68,none
3,51,45,30,20,21,79,79,41,36,10,42,68,none
4,50,52,30,20,23,79,79,42,37,10,45,68,none
5,49,59,30,20,25,79,79,43,38,10,48,68,none
6,49,67,30,20,24,78,78,44,39,10,50,68,none
7,42,80,30,20,26,78,78,46,41,10,56,68,none
8,42,88,30,20,25,78,79,48,43,10,58,68,none
9,41,95,30,20,27,77,79,50,45,10,61,68,none
10,33,100,30,20,31,78,79,52,47,10,67,68,none
0,60,15,30,20,20,80,78,40,35,10,30,69,initial
1,68,14,41,20,17,79,78,40,35,10,32,69,scientific_discovery
2,68,23,41,20,17,80,79,40,35,10,35,69,none
3,60,34,41,20,21,81,78,40,35,10,41,69,none
4,68,39,41,20,15,82,78,40,35,10,39,69,none
5,75,43,41,20,12,82,78,40,35,10,38,69,none
6,82,47,41,20,9,82,78,40,35,10,37,69,none
7,74,58,41,20,13,82,78,40,35,10,43,69,none
8,82,63,47,20,7,81,79,40,35,10,43,69,scientific_discovery
9,81,70,47,20,9,80,79,40,35,10,46,69,none
10,88,74,47,20,6,79,79,40,35,10,45,69,none
0,60,15,30,20,20,80,78,40,35,10,30,70,initial
1,59,22,30,20,22,81,78,40,35,10,33,70,none
2,55,34,30,20,29,81,78,40,35,19,37,70,india_transport_success
3,62,38,30,20,26,80,79,40,35,19,36,70,none
4,68,40,30,20,25,80,78,40,35,19,35,70,none
5,68,49,30,20,25,79,78,41,36,19,38,70,none
6,60,60,30,20,29,79,77,42,37,19,44,70,none
7,60,69,30,20,33,78,77,43,38,24,47,70,india_transport_success
8,66,72,30,20,33,78,76,44,39,24,47,70,none
9,74,77,30,20,27,78,76,44,39,24,45,70,none
10,69,87,30,20,32,77,76,45,40,28,49,70,none
0,60,15,30,20,20,80,78,40,35,10,30,71,initial
1,61,19,41,20,20,80,78,40,35,10,36,71,scientific_discovery
2,53,30,41,20,24,80,79,40,35,10,42,71,none
3,54,34,46,20,24,80,78,40,35,10,46,71,none
4,61,38,46,20,21,79,78,40,35,10,45,71,none
5,68,42,46,20,18,78,78,41,36,10,44,71,none
6,78,47,46,20,17,78,78,41,36,10,42,71,new_ice_discovery
7,88,52,46,20,16,78,78,41,36,10,40,71,new_ice_discovery
8,81,65,46,20,18,78,78,41,36,10,46,71,none
9,81,74,46,20,18,78,78,41,36,10,49,71,none
10,87,77,46,20,18,79,78,41,36,10,49,71,none
0,60,15,30,20,20,80,78,40,35,10,30,72,initial
1,61,25,30,20,21,79,78,40,35,15,32,72,india_transport_success
2,61,33,30,20,20,79,78,40,35,15,34,72,none
3,69,38,30,20,14,78,78,40,35,15,32,72,none
4,56,49,31,28,18,79,78,41,36,21,31,72,rare_unknown
5,63,53,31,28,15,79,78,42,37,21,30,72,none
6,65,59,31,28,18,79,77,43,38,25,31,72,none
7,72,63,31,28,15,79,77,43,38,25,30,72,none
8,79,67,31,28,12,79,77,43,38,25,29,72,none
9,87,72,31,28,6,79,78,43,38,25,27,72,none
10,94,76,31,28,3,79,78,43,38,25,26,72,none
0,60,15,30,20,20,80,78,40,35,10,30,73,initial
1,53,28,30,20,22,79,77,40,35,10,36,73,none
2,61,33,30,20,16,78,76,40,35,10,34,73,none
3,69,38,30,20,10,78,76,40,35,10,32,73,none
4,76,41,30,20,6,78,77,40,35,10,30,73,none
5,83,45,30,20,3,78,78,40,35,10,29,73,none
6,90,49,30,20,0,78,78,40,35,10,28,73,none
7,90,58,30,20,0,78,78,40,35,10,31,73,none
8,93,65,30,20,0,78,78,40,35,14,31,73,none
9,92,72,30,20,2,78,78,40,35,14,34,73,none
10,98,75,30,20,2,78,79,36,31,14,30,73,earth_tension
0,60,15,30,20,20,80,78,40,35,10,30,74,initial
1,69,18,30,20,21,80,79,40,35,10,28,74,new_ice_discovery
2,68,25,30,20,23,81,79,40,35,10,31,74,none
3,69,35,30,20,20,81,80,40,35,10,33,74,none
4,69,43,30,20,19,82,80,41,36,10,35,74,none
5,76,47,30,20,16,81,80,41,36,10,34,74,none
6,76,55,30,20,15,82,79,41,36,10,36,74,none
7,83,59,30,20,12,82,79,41,36,10,35,74,none
8,90,63,30,20,9,82,79,41,36,10,34,74,none
9,98,68,30,20,3,83,78,41,36,10,32,74,none
10,98,72,30,20,0,84,77,41,36,10,31,74,none
0,60,15,30,20,20,80,78,40,35,10,30,75,initial
1,67,19,30,20,17,81,78,40,35,10,29,75,none
2,67,27,30,20,16,81,77,40,35,10,31,75,none
3,67,35,30,20,15,81,77,40,35,10,33,75,none
4,75,40,30,20,9,82,77,39,34,10,31,75,none
5,81,43,30,20,9,81,77,39,34,10,31,75,none
6,80,49,30,20,10,80,77,39,34,10,33,75,none
7,87,53,30,20,7,80,76,39,34,10,32,75,none
8,91,58,35,20,7,80,76,39,34,22,35,75,japanese_breakthrough
9,98,62,35,20,4,81,77,39,34,22,34,75,none
10,98,70,35,20,3,80,78,39,34,22,36,75,none
0,60,15,30,20,20,80,78,40,35,10,30,76,initial
1,68,17,35,20,17,80,78,40,35,18,32,76,japanese_breakthrough
2,59,26,35,20,23,81,78,40,35,18,38,76,none
3,51,41,35,20,23,81,78,41,36,18,45,76,chinese_base_accident
4,58,45,35,20,20,81,78,42,37,18,44,76,none
5,68,50,35,20,19,80,78,43,38,18,42,76,new_ice_discovery
6,75,54,35,20,16,80,78,43,38,18,41,76,none
7,81,57,35,20,16,80,79,43,38,18,41,76,none
8,80,64,35,20,18,80,79,43,38,18,44,76,none
9,86,68,38,20,15,80,79,43,38,25,38,76,rare_unknown
10,92,71,38,20,15,79,78,43,38,25,38,76,none
0,60,15,30,20,20,80,78,40,35,10,30,77,initial
1,68,20,30,20,14,80,79,40,35,10,28,77,none
2,75,24,30,20,11,79,79,39,34,10,27,77,none
3,75,32,30,20,10,79,78,38,33,10,29,77,none
4,83,37,30,20,4,79,78,37,32,10,27,77,none
5,82,44,30,20,6,80,78,37,32,10,30,77,none
6,89,48,30,20,3,80,78,37,32,10,29,77,none
7,87,51,27,27,3,80,78,37,32,10,28,77,rare_unknown
8,94,55,27,27,0,79,78,37,32,10,27,77,none
9,98,59,27,27,0,80,78,33,28,10,22,77,earth_tension
10,98,63,27,27,0,80,78,33,28,10,21,77,none
0,60,15,30,20,20,80,78,40,35,10,30,78,initial
1,53,28,30,20,22,81,77,40,35,10,36,78,none
2,52,35,30,20,24,82,76,40,35,10,39,78,none
3,59,39,30,20,21,81,76,40,35,10,38,78,none
4,51,50,30,20,25,82,75,41,36,10,44,78,none
5,58,54,30,20,22,82,74,42,37,10,43,78,none
6,57,61,30,20,24,82,75,43,38,10,46,78,none
7,52,71,30,20,29,82,76,44,39,14,50,78,none
8,52,79,30,20,28,83,75,46,41,14,52,78,none
9,51,86,30,20,30,83,76,48,43,14,55,78,none
10,43,97,30,20,34,83,76,50,45,14,61,78,none
0,60,15,30,20,20,80,78,40,35,10,30,79,initial
1,52,26,30,20,24,80,79,40,35,10,36,79,none
2,52,35,30,20,24,80,79,40,35,10,39,79,none
3,53,38,35,20,23,80,79,40,35,10,42,79,none
4,46,51,35,20,25,80,80,41,36,10,48,79,none
5,54,56,35,20,19,79,80,42,37,10,46,79,none
6,61,59,41,20,15,79,80,43,38,10,46,79,scientific_discovery
7,61,68,41,20,15,78,81,44,39,10,49,79,none
8,53,79,41,20,19,78,82,46,41,10,55,79,none
9,61,84,41,20,13,77,82,48,43,10,53,79,none
10,55,92,46,20,15,77,83,50,45,10,60,79,none
0,60,15,30,20,20,80,78,40,35,10,30,80,initial
1,59,22,30,20,22,79,78,40,35,10,33,80,none
2,66,26,30,20,19,79,78,40,35,10,32,80,none
3,73,33,30,20,21,78,78,35,30,10,31,80,earth_tension
4,65,44,30,20,25,77,79,36,31,10,37,80,none
5,66,54,30,20,22,76,78,37,32,10,39,80,none
6,58,65,30,20,26,76,77,38,33,10,45,80,none
7,65,69,30,20,23,76,77,39,34,10,44,80,none
8,68,76,30,20,23,76,77,40,35,14,44,80,none
9,67,83,30,20,25,75,77,41,36,14,47,80,none
10,66,90,30,20,27,74,77,42,37,14,50,80,none
0,60,15,30,20,20,80,78,40,35,10,30,81,initial
1,59,22,30,20,22,80,78,40,35,10,33,81,none
2,58,30,31,30,21,80,79,40,35,10,33,81,rare_unknown
3,58,38,31,30,20,81,78,40,35,10,35,81,none
4,57,45,31,30,22,82,78,41,36,10,38,81,none
5,60,52,31,30,22,82,78,42,37,14,38,81,none
6,69,52,42,30,16,82,78,43,38,14,39,81,scientific_discovery
7,76,56,42,30,13,82,77,43,38,14,38,81,none
8,83,60,42,30,10,81,78,43,38,14,37,81,none
9,82,67,42,30,12,81,78,43,38,14,40,81,none
10,89,71,42,30,9,81,78,43,38,14,39,81,none
0,60,15,30,20,20,80,78,40,35,10,30,82,initial
1,53,28,30,20,22,80,78,40,35,10,36,82,none
2,60,32,30,20,19,80,78,40,35,10,35,82,none
3,59,39,30,20,21,81,78,40,35,10,38,82,none
4,58,46,30,20,23,81,78,41,36,10,41,82,none
5,65,50,30,20,24,80,77,42,37,15,40,82,india_transport_success
6,72,54,30,20,21,80,77,42,37,15,39,82,none
7,75,59,30,35,18,80,77,42,37,15,39,82,mars_breakthrough
8,74,66,30,35,20,80,77,42,37,15,42,82,none
9,72,75,30,35,20,80,78,42,37,15,46,82,chinese_base_accident
10,78,78,30,35,20,81,77,42,37,15,46,82,none
0,60,15,30,20,20,80,78,40,35,10,30,83,initial
1,61,25,30,20,17,79,79,40,35,10,32,83,none
2,64,29,35,20,20,80,78,40,35,22,36,83,japanese_breakthrough
3,64,37,35,20,19,80,78,40,35,22,38,83,none
4,64,45,35,20,18,80,78,41,36,22,40,83,none
5,67,52,35,20,22,80,79,42,37,31,40,83,india_transport_success
6,67,60,35,20,21,80,78,43,38,31,42,83,none
7,74,64,35,20,18,79,78,43,38,31,41,83,none
8,81,68,35,20,15,79,79,43,38,31,40,83,none
9,80,75,35,20,17,78,78,43,38,31,43,83,none
10,81,85,35,20,14,78,79,43,38,31,45,83,none
0,60,15,30,20,20,80,78,40,35,10,30,84,initial
1,52,30,30,20,20,80,78,40,35,10,37,84,chinese_base_accident
2,51,37,30,20,22,79,78,40,35,10,40,84,none
3,50,44,30,20,24,79,78,41,36,10,43,84,none
4,49,51,30,20,26,79,78,42,37,10,46,84,none
5,56,55,30,20,23,79,77,43,38,10,45,84,none
6,63,59,30,20,20,78,77,44,39,10,44,84,none
7,63,68,30,20,20,78,77,45,40,10,47,84,none
8,70,72,30,20,17,78,77,46,41,10,46,84,none
9,67,79,30,20,19,78,76,47,42,10,50,84,us_base_accident
10,62,89,30,20,24,79,77,49,44,14,54,84,none
0,60,15,30,20,20,80,78,40,35,10,30,85,initial
1,68,20,30,20,14,80,78,40,35,10,28,85,none
2,71,25,30,35,11,81,78,39,34,10,28,85,mars_breakthrough
3,80,28,30,35,12,80,78,38,33,10,26,85,new_ice_discovery
4,79,35,30,35,14,81,78,37,32,10,29,85,none
5,86,39,30,35,11,81,78,36,31,10,28,85,none
6,95,39,41,35,5,80,78,35,30,10,29,85,scientific_discovery
7,94,49,41,35,2,79,78,35,30,10,32,85,chinese_base_accident
8,98,52,41,35,2,79,79,35,30,10,32,85,none
9,98,60,41,35,1,79,79,35,30,10,34,85,none
10,98,64,41,35,0,79,79,35,30,10,33,85,none
0,60,15,30,20,20,80,78,40,35,10,30,86,initial
1,56,27,30,20,23,79,78,40,35,14,34,86,none
2,55,34,30,20,25,79,78,40,35,14,37,86,none
3,63,39,30,20,19,79,79,40,35,14,35,86,none
4,66,46,30,20,19,80,80,41,36,18,35,86,none
5,64,55,30,20,19,80,80,42,37,18,39,86,us_base_accident
6,56,66,30,20,23,79,80,43,38,18,45,86,none
7,63,70,30,20,20,79,80,44,39,18,44,86,none
8,63,78,30,20,19,80,81,45,40,18,46,86,none
9,64,91,30,20,21,80,81,42,37,18,48,86,earth_tension
10,55,100,30,20,27,80,81,44,39,18,54,86,none
0,60,15,30,20,20,80,78,40,35,10,30,87,initial
1,59,22,30,20,22,81,77,40,35,10,33,87,none
2,59,31,30,20,22,81,77,40,35,10,36,87,none
3,60,41,30,20,19,81,76,41,36,10,38,87,none
4,68,46,30,20,13,81,76,42,37,10,36,87,none
5,68,54,30,20,12,81,77,43,38,10,38,87,none
6,68,63,30,20,12,82,78,44,39,10,41,87,none
7,76,68,30,20,6,82,79,44,39,10,39,87,none
8,83,72,30,20,3,82,80,44,39,10,38,87,none
9,83,80,30,20,2,81,81,44,39,10,40,87,none
10,82,87,30,20,4,81,81,44,39,10,43,87,none
0,60,15,30,20,20,80,78,40,35,10,30,88,initial
1,60,24,30,20,20,80,78,40,35,10,33,88,none
2,60,32,30,20,19,81,78,40,35,10,35,88,none
3,58,44,30,20,25,80,78,41,36,26,39,88,japanese_breakthrough
4,66,49,30,20,19,80,78,42,37,26,37,88,none
5,73,53,30,20,16,80,77,42,37,26,36,88,none
6,72,60,30,20,18,80,78,42,37,26,39,88,none
7,79,64,30,20,15,79,78,42,37,26,38,88,none
8,79,73,30,20,15,79,77,42,37,26,41,88,none
9,86,77,30,20,12,79,77,42,37,26,40,88,none
10,96,82,30,20,11,80,77,42,37,26,38,88,new_ice_discovery
0,60,15,30,20,20,80,78,40,35,10,30,89,initial
1,53,28,30,20,22,80,77,40,35,10,36,89,none
2,53,36,30,20,21,81,77,40,35,10,38,89,none
3,52,43,29,26,23,80,77,41,36,10,49,89,rare_unknown
4,59,47,29,26,20,80,78,42,37,10,48,89,none
5,62,57,29,26,25,80,79,39,34,14,48,89,earth_tension
6,70,62,29,26,19,81,79,40,35,14,46,89,none
7,77,66,29,26,16,82,79,40,35,14,45,89,none
8,77,74,29,26,15,82,79,40,35,14,47,89,none
9,84,78,29,26,12,82,79,40,35,14,46,89,none
10,84,87,29,26,12,82,79,40,35,14,49,89,none
0,60,15,30,20,20,80,78,40,35,10,30,90,initial
1,52,26,30,20,24,80,78,40,35,10,36,90,none
2,53,36,30,20,21,80,78,40,35,10,38,90,none
3,53,45,30,20,21,79,79,41,36,10,41,90,none
4,53,54,30,20,21,79,79,42,37,10,44,90,none
5,54,64,30,20,18,79,79,43,38,10,46,90,none
6,62,69,30,20,12,79,78,44,39,10,44,90,none
7,62,77,30,20,11,80,79,45,40,10,46,90,none
8,61,84,30,20,13,80,79,46,41,10,49,90,none
9,61,93,30,20,13,79,80,48,43,10,52,90,none
10,60,100,30,20,15,79,80,50,45,10,55,90,none
0,60,15,30,20,20,80,78,40,35,10,30,91,initial
1,59,22,30,20,22,79,78,40,35,10,33,91,none
2,62,27,30,35,19,79,78,40,35,10,33,91,mars_breakthrough
3,60,32,30,45,23,79,79,40,35,10,36,91,mars_breakthrough
4,67,36,30,45,20,79,79,40,35,10,35,91,none
5,74,40,30,45,17,78,78,39,34,10,34,91,none
6,74,48,30,45,16,77,78,39,34,10,36,91,none
7,82,53,30,45,10,77,78,39,34,10,34,91,none
8,89,57,30,45,7,78,78,39,34,10,33,91,none
9,89,65,30,45,6,77,77,39,34,10,35,91,none
10,95,68,30,45,6,77,77,39,34,10,35,91,none
0,60,15,30,20,20,80,78,40,35,10,30,92,initial
1,71,22,30,20,20,79,78,35,30,14,26,92,earth_tension
2,71,30,30,20,19,79,79,34,29,14,28,92,none
3,63,41,30,20,23,80,79,35,30,14,34,92,none
4,64,51,30,20,20,80,79,36,31,14,36,92,none
5,70,54,30,20,20,80,78,37,32,14,36,92,none
6,78,59,30,20,14,81,78,37,32,14,34,92,none
7,85,63,30,20,11,81,78,37,32,14,33,92,none
8,92,67,30,20,8,81,78,37,32,14,32,92,none
9,92,76,30,20,8,81,77,37,32,14,35,92,none
10,98,79,30,20,8,80,77,37,32,14,35,92,none
0,60,15,30,20,20,80,78,40,35,10,30,93,initial
1,60,24,30,20,20,81,78,40,35,10,33,93,none
2,60,32,30,20,19,81,77,40,35,10,35,93,none
3,62,38,30,20,22,81,78,40,35,14,36,93,none
4,54,49,30,20,26,82,79,41,36,14,42,93,none
5,53,56,30,20,28,81,79,42,37,14,45,93,none
6,60,60,30,20,25,81,79,43,38,14,44,93,none
7,68,65,30,20,19,81,80,44,39,14,42,93,none
8,75,69,30,20,16,81,80,44,39,14,41,93,none
9,74,75,30,20,17,80,81,44,39,14,43,93,none
10,74,77,35,20,19,80,81,44,39,14,47,93,none
0,60,15,30,20,20,80,78,40,35,10,30,94,initial
1,60,23,30,20,19,81,77,40,35,10,32,94,none
2,60,31,30,20,18,81,77,40,35,10,34,94,none
3,53,44,30,20,20,81,78,41,36,10,40,94,none
4,61,49,30,20,14,82,78,42,37,10,38,94,none
5,62,52,41,20,13,82,78,43,38,10,43,94,scientific_discovery
6,62,60,41,20,12,82,78,44,39,10,45,94,none
7,70,65,41,20,6,83,78,45,40,10,43,94,none
8,76,67,41,20,5,84,78,45,40,10,42,94,none
9,76,76,41,20,5,84,79,45,40,10,45,94,none
10,79,83,41,20,5,84,79,45,40,14,45,94,none
0,60,15,30,20,20,80,78,40,35,10,30,95,initial
1,67,18,30,30,16,80,77,40,35,10,28,95,mars_breakthrough
2,74,22,30,30,13,80,78,39,34,10,27,95,none
3,74,31,30,30,13,80,79,38,33,10,30,95,none
4,73,38,30,30,15,80,79,37,32,10,33,95,none
5,65,49,30,30,19,80,79,38,33,10,39,95,none
6,73,48,35,30,16,80,79,38,33,10,39,95,none
7,79,51,35,30,16,81,79,38,33,10,39,95,none
8,79,59,35,30,15,80,78,38,33,10,41,95,none
9,85,62,35,30,15,81,78,38,33,10,41,95,none
10,90,65,37,28,15,80,79,38,33,20,45,95,rare_unknown
0,60,15,30,20,20,80,78,40,35,10,30,96,initial
1,59,22,30,20,22,80,78,40,35,10,33,96,none
2,58,29,30,20,24,80,79,40,35,10,36,96,none
3,57,36,30,20,26,79,79,40,35,10,39,96,none
4,49,47,30,20,30,79,79,41,36,10,45,96,none
5,41,58,30,20,34,80,79,43,38,10,51,96,none
6,40,65,30,20,36,80,80,45,40,10,54,96,none
7,39,72,30,20,38,80,81,47,42,10,57,96,none
8,31,83,30,20,42,79,82,49,44,10,63,96,none
9,33,88,30,20,44,78,82,51,46,14,63,96,none
10,33,97,30,20,44,78,82,53,48,14,66,96,none
0,60,15,30,20,20,80,78,40,35,10,30,97,initial
1,60,23,30,20,19,81,79,40,35,10,32,97,none
2,60,31,30,20,18,82,79,40,35,10,34,97,none
3,60,40,30,20,18,82,80,40,35,10,37,97,none
4,60,48,30,20,17,82,79,41,36,10,39,97,none
5,64,53,35,20,17,82,79,42,37,22,42,97,japanese_breakthrough
6,64,62,35,20,17,81,79,43,38,22,45,97,none
7,64,71,35,20,17,81,79,44,39,22,48,97,none
8,64,80,35,20,17,81,80,46,41,22,51,97,none
9,63,86,35,20,18,82,79,48,43,22,53,97,none
10,63,95,35,20,18,82,79,50,45,22,56,97,none
0,60,15,30,20,20,80,78,40,35,10,30,98,initial
1,54,23,30,20,27,81,78,40,35,14,34,98,none
2,61,27,30,20,24,80,77,40,35,14,33,98,none
3,56,37,30,20,29,79,77,40,35,18,37,98,none
4,62,39,30,20,28,80,77,40,35,18,36,98,none
5,54,54,30,20,28,79,77,41,36,18,43,98,us_base_accident
6,62,59,30,20,22,79,77,42,37,18,41,98,none
7,62,67,30,20,21,79,77,43,38,18,43,98,none
8,61,74,30,20,23,79,77,44,39,18,46,98,none
9,68,78,30,20,20,80,77,45,40,18,45,98,none
10,73,79,30,20,22,80,77,45,40,18,45,98,none
0,60,15,30,20,20,80,78,40,35,10,30,99,initial
1,67,19,30,20,17,81,78,40,35,10,29,99,none
2,66,26,30,20,19,82,79,40,35,10,32,99,none
3,66,34,30,20,18,82,78,40,35,10,34,99,none
4,72,37,30,20,18,82,78,39,34,10,34,99,none
5,71,44,30,20,20,83,79,39,34,10,37,99,none
6,69,49,30,20,24,82,79,40,35,10,40,99,none
7,68,56,30,20,26,83,80,41,36,10,43,99,none
8,70,62,30,20,33,83,80,42,37,19,44,99,india_transport_success
9,70,70,30,20,32,83,81,43,38,19,46,99,none
10,78,72,30,20,36,84,81,43,38,19,45,99,new_ice_discovery
0,60,15,30,20,20,80,78,40,35,10,30,100,initial
1,52,26,30,20,24,80,78,40,35,10,36,100,none
2,68,31,30,20,18,80,78,36,31,10,30,100,earth_tension
3,75,35,30,20,15,79,78,35,30,10,29,100,none
4,81,37,30,20,14,79,78,34,29,10,28,100,none
5,87,40,30,20,18,79,78,33,28,15,28,100,india_transport_success
6,87,49,30,20,18,79,78,33,28,15,31,100,none
7,93,52,30,20,18,80,78,33,28,15,31,100,none
8,98,56,30,20,15,80,78,33,28,15,30,100,none
9,98,60,30,20,12,80,79,33,28,15,29,100,none
10,96,69,30,20,12,80,79,33,28,15,32,100,none
0,60,15,30,20,20,80,78,40,35,10,30,101,initial
1,59,22,30,20,22,80,78,40,35,10,33,101,none
2,58,29,30,20,24,81,78,40,35,10,36,101,none
3,49,38,30,20,30,81,78,40,35,10,42,101,none
4,43,53,30,20,30,81,78,41,36,10,48,101,none
5,38,66,30,20,35,82,78,43,38,22,54,101,japanese_breakthrough
6,38,74,30,20,34,82,79,45,40,22,56,101,none
7,45,78,30,20,31,82,78,47,42,22,55,101,none
8,45,84,30,20,34,81,77,49,44,26,57,101,us_base_accident
9,54,87,30,20,35,81,76,51,46,26,55,101,new_ice_discovery
10,54,95,30,20,34,81,76,53,48,26,57,101,none
0,60,15,30,20,20,80,78,40,35,10,30,102,initial
1,60,23,30,20,19,79,78,40,35,10,32,102,none
2,53,36,30,20,21,78,79,40,35,10,38,102,none
3,53,44,30,20,20,78,79,41,36,10,40,102,none
4,53,53,30,20,20,79,79,42,37,10,43,102,none
5,59,56,30,20,20,79,79,43,38,10,43,102,none
6,59,64,30,20,19,79,79,44,39,10,45,102,none
7,59,72,30,20,18,78,80,45,40,10,47,102,none
8,66,76,30,20,15,78,80,46,41,10,46,102,none
9,73,80,30,20,12,77,81,46,41,10,45,102,none
10,76,87,30,20,12,78,81,46,41,14,45,102,none
0,60,15,30,20,20,80,78,40,35,10,30,103,initial
1,68,20,30,20,14,80,78,40,35,10,28,103,none
2,61,33,30,20,16,80,78,40,35,10,34,103,none
3,53,44,30,20,20,80,77,41,36,10,40,103,none
4,45,55,30,20,24,79,78,42,37,10,46,103,none
5,54,58,30,20,25,79,78,43,38,10,44,103,new_ice_discovery
6,46,73,30,20,25,80,78,45,40,10,51,103,us_base_accident
7,46,75,35,20,27,81,78,47,42,10,55,103,none
8,46,83,35,20,26,80,79,49,44,10,57,103,none
9,46,92,35,20,26,80,79,51,46,10,60,103,none
10,46,100,35,20,26,79,79,53,48,10,63,103,none
0,60,15,30,20,20,80,78,40,35,10,30,104,initial
1,67,19,30,20,17,81,78,40,35,10,29,104,none
2,67,28,30,20,17,81,78,40,35,10,32,104,none
3,67,37,30,20,17,81,79,40,35,10,35,104,none
4,59,48,30,20,21,81,79,41,36,10,41,104,none
5,66,52,30,20,18,81,79,42,37,10,40,104,none
6,73,56,30,20,15,80,78,42,37,10,39,104,none
7,73,65,30,20,15,81,78,42,37,10,42,104,none
8,79,68,30,20,15,81,78,42,37,10,42,104,none
9,86,72,30,20,12,82,78,42,37,10,41,104,none
10,86,81,30,20,12,82,78,42,37,10,44,104,none
0,60,15,30,20,20,80,78,40,35,10,30,105,initial
1,53,28,30,20,22,80,78,40,35,10,36,105,none
2,52,35,30,20,24,80,79,40,35,10,39,105,none
3,61,38,30,20,25,80,78,40,35,10,37,105,new_ice_discovery
4,61,47,30,20,25,80,78,41,36,10,40,105,none
5,70,46,30,35,22,80,79,42,37,10,37,105,mars_breakthrough
6,77,50,30,35,19,80,79,42,37,10,36,105,none
7,76,57,30,35,21,80,80,42,37,10,39,105,none
8,75,64,30,35,23,79,81,42,37,10,42,105,none
9,76,74,30,35,20,79,81,42,37,10,44,105,none
10,77,84,30,35,17,79,81,42,37,10,46,105,none
0,60,15,30,20,20,80,78,40,35,10,30,106,initial
1,51,24,30,20,26,79,78,40,35,10,36,106,none
2,56,28,30,20,23,79,78,40,35,10,36,106,us_base_accident
3,64,33,30,20,17,79,77,40,35,10,34,106,none
4,56,44,30,20,21,80,77,41,36,10,40,106,none
5,58,50,30,20,28,79,76,42,37,19,41,106,india_transport_success
6,65,54,30,20,25,78,76,43,38,19,40,106,none
7,64,61,30,20,27,78,76,44,39,19,43,106,none
8,56,72,30,20,31,78,76,45,40,19,49,106,none
9,55,79,30,20,33,77,76,47,42,19,52,106,none
10,56,82,41,20,32,77,76,49,44,19,57,106,scientific_discovery
0,60,15,30,20,20,80,78,40,35,10,30,107,initial
1,68,17,30,20,24,80,78,40,35,10,29,107,new_ice_discovery
2,67,24,30,20,26,80,77,40,35,10,32,107,none
3,66,31,30,20,28,80,77,40,35,10,35,107,none
4,74,30,41,20,25,79,77,39,34,10,37,107,scientific_discovery
5,79,31,41,20,27,80,77,38,33,10,37,107,none
6,70,44,41,20,29,80,76,39,34,10,44,107,chinese_base_accident
7,77,48,41,20,26,81,75,39,34,10,43,107,none
8,76,55,41,20,28,81,74,39,34,10,46,107,none
9,82,58,41,20,28,81,74,39,34,10,46,107,none
10,89,62,41,20,25,81,74,39,34,10,45,107,none
0,60,15,30,20,20,80,78,40,35,10,30,108,initial
1,67,19,30,20,17,80,79,40,35,10,29,108,none
2,66,26,30,20,19,80,79,40,35,10,32,108,none
3,58,37,30,20,23,79,79,40,35,10,38,108,none
4,65,41,30,20,20,79,78,41,36,10,37,108,none
5,67,49,30,20,24,79,79,42,37,10,39,108,new_ice_discovery
6,63,61,30,20,31,79,80,43,38,19,43,108,india_transport_success
7,62,67,30,20,32,79,79,44,39,19,45,108,none
8,68,74,30,20,35,79,79,41,36,23,43,108,earth_tension
9,68,82,30,20,34,78,79,42,37,23,45,108,none
10,67,89,30,20,36,77,79,43,38,23,48,108,none
0,60,15,30,20,20,80,78,40,35,10,30,109,initial
1,59,22,30,20,22,81,78,40,35,10,33,109,none
2,59,31,30,20,22,81,79,40,35,10,36,109,none
3,59,39,30,20,21,82,78,40,35,10,38,109,none
4,57,44,30,20,25,83,78,41,36,10,41,109,none
5,64,48,30,20,26,83,79,42,37,15,40,109,india_transport_success
6,56,59,30,20,30,83,79,43,38,15,46,109,none
7,55,65,30,30,31,83,79,44,39,15,48,109,mars_breakthrough
8,62,69,30,30,28,82,79,45,40,15,47,109,none
9,55,82,30,30,30,82,79,47,42,15,53,109,none
10,55,90,30,30,29,82,79,49,44,15,55,109,none
0,60,15,30,20,20,80,78,40,35,10,30,110,initial
1,60,23,30,20,19,80,79,40,35,10,32,110,none
2,60,31,30,20,18,81,79,40,35,10,34,110,none
3,67,35,30,20,15,82,80,40,35,10,33,110,none
4,73,38,30,20,15,83,79,39,34,10,33,110,none
5,73,47,30,20,15,83,79,39,34,10,36,110,none
6,81,52,36,20,9,83,79,39,34,10,36,110,scientific_discovery
7,81,60,36,20,8,84,78,39,34,10,38,110,none
8,77,70,36,25,8,83,77,39,34,10,42,110,none
9,84,74,36,25,5,82,77,39,34,10,41,110,none
10,84,82,36,25,4,83,77,39,34,10,43,110,none
0,60,15,30,20,20,80,78,40,35,10,30,111,initial
1,59,22,30,20,22,80,78,40,35,10,33,111,none
2,67,27,30,20,16,80,78,40,35,10,31,111,none
3,67,35,30,20,15,80,78,40,35,10,33,111,none
4,73,38,30,20,15,80,79,39,34,10,33,111,none
5,79,41,30,20,15,80,79,39,34,10,33,111,none
6,81,46,30,20,17,79,80,39,34,14,33,111,none
7,87,49,30,20,17,79,81,39,34,14,33,111,none
8,94,53,30,20,14,80,80,39,34,14,32,111,none
9,98,58,30,20,8,80,79,39,34,14,30,111,none
10,98,61,30,20,8,80,78,39,34,14,30,111,none
0,60,15,30,20,20,80,78,40,35,10,30,112,initial
1,55,25,30,20,25,80,78,40,35,14,34,112,none
2,47,36,30,20,29,79,78,40,35,14,40,112,none
3,46,43,30,20,31,79,78,41,36,14,43,112,none
4,52,46,30,20,31,79,78,42,37,14,43,112,none
5,47,56,30,20,36,79,78,43,38,18,47,112,none
6,54,60,30,20,33,80,79,44,39,18,46,112,none
7,55,63,41,20,32,80,79,46,41,18,51,112,scientific_discovery
8,55,72,41,20,32,80,79,48,43,18,54,112,none
9,55,80,41,20,31,80,79,50,45,18,56,112,none
10,54,87,41,20,33,80,79,52,47,18,59,112,none
0,60,15,30,20,20,80,78,40,35,10,30,113,initial
1,59,22,30,20,22,79,78,40,35,10,33,113,none
2,66,26,30,20,19,78,78,40,35,10,32,113,none
3,65,33,30,20,21,78,77,40,35,10,35,113,none
4,72,37,30,20,18,78,77,39,34,10,34,113,none
5,71,44,30,20,20,78,78,39,34,10,37,113,none
6,78,48,30,20,17,78,78,39,34,10,36,113,none
7,85,52,30,20,14,78,77,39,34,10,35,113,none
8,92,56,30,20,11,78,77,39,34,10,34,113,none
9,92,64,30,20,10,78,77,39,34,10,36,113,none
10,91,71,30,20,12,78,76,39,34,10,39,113,none
0,60,15,30,20,20,80,78,40,35,10,30,114,initial
1,60,23,30,20,19,81,78,40,35,10,32,114,none
2,67,27,30,20,16,81,77,40,35,10,31,114,none
3,68,37,30,20,13,81,77,40,35,10,33,114,none
4,75,41,30,20,10,81,76,40,35,10,32,114,none
5,75,49,30,20,9,80,76,40,35,10,34,114,none
6,82,53,30,20,6,80,77,40,35,10,33,114,none
7,89,57,30,20,3,80,77,40,35,10,32,114,none
8,95,59,30,20,2,79,76,40,35,10,31,114,none
9,97,68,30,20,5,79,76,40,35,22,34,114,japanese_breakthrough
10,95,75,30,20,7,79,76,40,35,22,37,114,none
0,60,15,30,20,20,80,78,40,35,10,30,115,initial
1,60,23,30,20,19,80,77,40,35,10,32,115,none
2,60,31,30,20,18,80,77,40,35,10,34,115,none
3,60,40,30,20,18,80,78,40,35,10,37,115,none
4,53,53,30,20,20,79,79,41,36,10,43,115,none
5,55,59,30,20,27,78,78,42,37,19,44,115,india_transport_success
6,62,63,30,20,24,79,78,43,38,19,43,115,none
7,61,70,30,20,26,79,78,44,39,19,46,115,none
8,61,78,30,20,25,79,78,45,40,19,48,115,none
9,68,82,30,20,22,79,78,46,41,19,47,115,none
10,68,90,30,20,21,78,79,47,42,19,49,115,none
0,60,15,30,20,20,80,78,40,35,10,30,116,initial
1,60,23,30,20,19,80,78,40,35,10,32,116,none
2,59,30,30,20,21,80,78,40,35,10,35,116,none
3,66,34,30,20,18,80,77,40,35,10,34,116,none
4,66,43,30,20,18,81,77,41,36,10,37,116,none
5,58,54,30,20,22,81,76,42,37,10,43,116,none
6,57,61,30,20,24,81,76,43,38,10,46,116,none
7,64,65,30,20,21,81,76,44,39,10,45,116,none
8,72,64,41,20,18,81,76,44,39,10,47,116,scientific_discovery
9,79,68,41,20,15,81,75,44,39,10,46,116,none
10,87,73,41,20,9,80,74,44,39,10,44,116,none
0,60,15,30,20,20,80,78,40,35,10,30,117,initial
1,59,22,30,20,22,80,78,40,35,10,33,117,none
2,51,33,30,20,26,79,78,40,35,10,39,117,none
3,50,40,30,20,28,80,79,40,35,10,42,117,none
4,57,44,36,20,25,80,80,41,36,10,43,117,scientific_discovery
5,50,57,36,20,31,80,80,42,37,15,49,117,india_transport_success
6,57,61,36,20,28,80,80,43,38,15,48,117,none
7,49,76,36,20,28,80,80,45,40,15,55,117,chinese_base_accident
8,41,87,36,20,32,80,79,47,42,15,61,117,none
9,41,96,36,20,32,80,79,49,44,15,64,117,none
10,40,100,36,20,34,81,79,51,46,15,67,117,none
0,60,15,30,20,20,80,78,40,35,10,30,118,initial
1,52,26,30,20,24,80,77,40,35,10,36,118,none
2,59,30,30,20,21,80,77,40,35,10,35,118,none
3,61,36,30,20,24,80,78,40,35,14,36,118,none
4,68,40,30,20,21,80,78,40,35,14,35,118,none
5,73,41,30,20,27,79,79,40,35,19,35,118,india_transport_success
6,67,53,30,20,30,78,79,41,36,23,40,118,us_base_accident
7,72,60,30,20,35,78,80,41,36,27,40,118,new_ice_discovery
8,71,67,30,20,37,77,80,41,36,27,43,118,none
9,77,70,30,20,37,77,80,41,36,27,43,118,none
10,85,75,30,20,31,77,81,41,36,27,41,118,none
0,60,15,30,20,20,80,78,40,35,10,30,119,initial
1,56,27,30,20,27,80,78,40,35,19,34,119,india_transport_success
2,55,34,30,20,29,80,78,40,35,19,37,119,none
3,58,41,30,20,29,80,78,41,36,23,37,119,none
4,58,49,30,20,28,80,78,42,37,23,39,119,none
5,57,56,30,20,30,80,79,43,38,23,42,119,none
6,56,62,30,20,31,80,79,44,39,23,44,119,none
7,55,69,30,20,33,80,80,45,40,23,47,119,none
8,55,78,30,20,33,80,80,46,41,23,50,119,none
9,61,81,30,20,33,80,79,47,42,23,50,119,none
10,67,84,30,30,33,81,79,48,43,23,50,119,mars_breakthrough
0,60,15,30,20,20,80,78,40,35,10,30,120,initial
1,52,26,30,20,24,80,78,40,35,10,36,120,none
2,52,35,30,20,24,80,78,40,35,10,39,120,none
3,53,45,30,20,21,81,78,41,36,10,41,120,none
4,56,52,30,20,21,80,77,42,37,14,41,120,none
5,63,56,30,20,18,79,77,43,38,14,40,120,none
6,64,66,30,20,15,78,77,44,39,14,42,120,none
7,63,73,30,20,17,78,77,45,40,14,45,120,none
8,63,81,30,20,16,79,78,46,41,14,47,120,none
9,64,91,30,20,13,78,78,47,42,14,49,120,none
10,59,100,30,20,18,79,79,49,44,18,53,120,none
0,60,15,30,20,20,80,78,40,35,10,30,121,initial
1,55,25,30,20,25,80,78,40,35,14,34,121,none
2,55,33,30,20,24,80,79,40,35,14,36,121,none
3,53,42,30,20,24,81,78,41,36,14,40,121,chinese_base_accident
4,45,53,30,20,28,81,79,42,37,14,46,121,none
5,44,60,30,20,30,80,79,43,38,14,49,121,none
6,44,68,30,20,29,80,79,45,40,14,51,121,none
7,36,79,30,20,33,80,78,47,42,14,57,121,none
8,35,86,30,20,35,80,78,49,44,14,60,121,none
9,35,94,30,20,34,80,79,51,46,14,62,121,none
10,37,100,30,20,38,80,79,53,48,14,64,121,new_ice_discovery
0,60,15,30,20,20,80,78,40,35,10,30,122,initial
1,52,26,30,20,24,80,77,40,35,10,36,122,none
2,51,33,30,20,26,80,77,40,35,10,39,122,none
3,51,41,30,20,25,81,76,41,36,10,41,122,none
4,50,48,35,20,31,81,75,42,37,26,46,122,japanese_breakthrough
5,58,53,35,20,25,81,74,43,38,26,44,122,none
6,63,57,35,20,22,81,75,44,39,26,44,122,us_base_accident
7,71,62,35,20,16,82,76,44,39,26,42,122,none
8,71,71,35,20,16,81,76,44,39,26,45,122,none
9,77,74,35,20,16,82,77,44,39,26,45,122,none
10,86,74,46,20,10,82,78,44,39,26,46,122,scientific_discovery
0,60,15,30,20,20,80,78,40,35,10,30,123,initial
1,55,25,30,20,25,79,78,40,35,14,34,123,none
2,58,32,30,30,25,79,78,40,35,18,34,123,mars_breakthrough
3,57,39,30,30,27,79,78,40,35,18,37,123,none
4,52,49,30,30,32,79,79,41,36,22,41,123,none
5,60,54,30,30,26,78,80,42,37,22,39,123,none
6,66,57,30,30,26,78,80,43,38,22,39,123,none
7,65,64,30,30,28,78,80,44,39,22,42,123,none
8,66,70,30,30,34,79,81,45,40,22,44,123,new_ice_discovery
9,67,74,35,30,34,79,81,46,41,22,48,123,none
10,66,81,35,30,36,80,80,48,43,22,51,123,none
0,60,15,30,20,20,80,78,40,35,10,30,124,initial
1,59,22,30,20,22,80,77,40,35,10,33,124,none
2,65,25,30,20,22,79,77,40,35,10,33,124,none
3,72,29,30,20,19,79,77,39,34,10,32,124,none
4,64,40,30,20,23,80,77,39,34,10,38,124,none
5,73,40,41,20,17,80,76,38,33,10,39,124,scientific_discovery
6,73,48,41,20,16,81,76,38,33,10,41,124,none
7,73,56,41,20,15,82,76,38,33,10,43,124,none
8,79,59,41,20,15,81,76,38,33,10,43,124,none
9,86,63,41,20,12,80,77,38,33,10,42,124,none
10,86,71,41,20,11,81,77,38,33,10,44,124,none
0,60,15,30,20,20,80,78,40,35,10,30,125,initial
1,60,23,30,20,19,80,78,40,35,10,32,125,none
2,52,34,30,20,23,81,77,40,35,10,38,125,none
3,60,39,30,20,17,81,77,40,35,10,36,125,none
4,59,46,30,20,19,82,77,41,36,10,39,125,none
5,58,53,30,20,21,83,78,42,37,10,42,125,none
6,57,59,30,30,22,83,78,43,38,10,44,125,mars_breakthrough
7,68,66,29,39,22,83,78,44,39,10,37,125,rare_unknown
8,68,74,29,39,21,82,79,45,40,10,39,125,none
9,69,84,29,39,18,81,79,46,41,10,41,125,none
10,68,91,29,39,20,82,79,47,42,10,44,125,none
0,60,15,30,20,20,80,78,40,35,10,30,126,initial
1,64,19,26,18,17,79,79,40,35,19,31,126,rare_unknown
2,71,23,26,28,14,78,80,39,34,19,30,126,mars_breakthrough
3,70,30,26,28,16,78,80,39,34,19,33,126,none
4,70,38,26,28,15,78,80,39,34,19,35,126,none
5,70,46,26,28,14,78,79,40,35,19,37,126,none
6,78,51,26,28,8,78,79,40,35,19,35,126,none
7,85,55,26,28,5,78,79,40,35,19,34,126,none
8,91,58,26,28,5,78,79,40,35,19,34,126,none
9,93,64,26,28,8,78,80,40,35,23,35,126,none
10,94,74,26,28,5,78,80,40,35,23,37,126,none
0,60,15,30,20,20,80,78,40,35,10,30,127,initial
1,60,23,30,20,19,80,78,40,35,10,32,127,none
2,61,33,30,20,16,80,79,40,35,10,34,127,none
3,68,37,30,20,13,81,79,40,35,10,33,127,none
4,71,44,30,20,13,81,79,40,35,14,33,127,none
5,78,48,30,20,10,81,79,40,35,14,32,127,none
6,77,55,30,20,12,81,80,40,35,14,35,127,none
7,76,61,30,20,13,80,80,40,35,14,37,127,none
8,75,68,30,20,15,81,81,40,35,14,40,127,none
9,75,76,30,20,14,81,81,40,35,14,42,127,none
10,77,81,41,20,11,81,80,40,35,14,47,127,scientific_discovery
0,60,15,30,20,20,80,78,40,35,10,30,128,initial
1,61,25,30,20,17,80,77,40,35,10,32,128,none
2,69,30,30,20,11,79,78,40,35,10,30,128,none
3,68,37,30,20,13,79,78,40,35,10,33,128,none
4,65,47,35,20,16,79,79,41,36,22,40,128,japanese_breakthrough
5,65,55,35,20,15,78,79,42,37,22,42,128,none
6,71,58,35,20,15,77,80,42,37,22,42,128,none
7,74,65,35,20,15,76,79,42,37,26,42,128,none
8,67,78,35,20,17,75,80,43,38,26,48,128,none
9,70,83,35,35,14,74,79,44,39,26,48,128,mars_breakthrough
10,77,87,35,35,11,74,78,44,39,26,47,128,none
0,60,15,30,20,20,80,78,40,35,10,30,129,initial
1,54,27,30,20,23,79,78,40,35,14,35,129,us_base_accident
2,61,31,30,20,20,79,78,40,35,14,34,129,none
3,69,36,30,20,14,78,78,40,35,14,32,129,none
4,60,45,30,30,20,78,77,41,36,14,38,129,mars_breakthrough
5,52,60,30,30,20,79,76,42,37,14,45,129,us_base_accident
6,58,63,30,30,20,79,76,43,38,14,45,129,none
7,67,63,41,30,14,79,75,44,39,14,46,129,scientific_discovery
8,67,71,41,30,13,78,76,45,40,14,48,129,none
9,65,76,41,30,17,77,77,47,42,14,51,129,none
10,72,80,41,30,14,77,77,47,42,14,50,129,none
0,60,15,30,20,20,80,78,40,35,10,30,130,initial
1,60,23,30,20,19,80,79,40,35,10,32,130,none
2,63,30,30,20,19,80,79,40,35,14,32,130,none
3,69,33,30,20,19,81,79,40,35,14,32,130,none
4,61,48,30,20,19,81,78,41,36,14,39,130,chinese_base_accident
5,67,51,30,20,19,81,79,42,37,14,39,130,none
6,74,55,30,20,16,80,78,42,37,14,38,130,none
7,81,59,30,20,13,81,78,42,37,14,37,130,none
8,80,66,30,20,15,80,77,42,37,14,40,130,none
9,87,70,30,20,12,81,77,42,37,14,39,130,none
10,94,74,30,20,9,82,76,42,37,14,38,130,none
0,60,15,30,20,20,80,78,40,35,10,30,131,initial
1,59,22,30,20,22,80,78,40,35,10,33,131,none
2,62,29,30,20,22,80,78,40,35,14,33,131,none
3,69,33,30,20,19,81,78,40,35,14,32,131,none
4,84,37,30,20,16,80,78,35,30,14,27,131,earth_tension
5,90,40,30,20,16,80,77,34,29,14,27,131,none
6,93,47,30,20,16,80,77,34,29,18,27,131,none
7,93,56,30,20,16,81,77,34,29,18,30,131,none
8,93,64,30,20,15,81,77,34,29,18,32,131,none
9,98,68,30,20,12,81,76,34,29,18,31,131,none
10,91,81,30,20,14,81,76,34,29,18,37,131,none
0,60,15,30,20,20,80,78,40,35,10,30,132,initial
1,59,21,30,30,21,80,77,40,35,10,32,132,mars_breakthrough
2,60,31,30,30,18,81,78,40,35,10,34,132,none
3,60,39,30,30,17,81,78,40,35,10,36,132,none
4,67,43,30,30,14,81,77,41,36,10,35,132,none
5,66,50,30,30,16,82,78,42,37,10,38,132,none
6,66,58,30,30,15,82,78,43,38,10,40,132,none
7,64,63,30,30,19,82,78,44,39,10,43,132,none
8,67,70,30,30,19,82,78,45,40,14,43,132,none
9,67,79,30,30,19,82,78,46,41,14,46,132,none
10,74,83,30,30,16,83,78,46,41,14,45,132,none
0,60,15,30,20,20,80,78,40,35,10,30,133,initial
1,64,20,35,20,20,79,78,40,35,22,33,133,japanese_breakthrough
2,72,25,35,20,14,78,78,39,34,22,31,133,none
3,72,33,35,20,13,77,79,38,33,22,33,133,none
4,71,40,35,20,15,77,80,37,32,22,36,133,none
5,65,55,35,20,15,78,79,38,33,22,42,133,none
6,72,59,35,20,12,78,79,38,33,22,41,133,none
7,79,63,35,20,9,79,80,38,33,22,40,133,none
8,78,70,35,20,11,80,80,38,33,22,43,133,none
9,85,74,35,20,8,79,79,38,33,22,42,133,none
10,84,81,35,20,10,80,78,38,33,22,45,133,none
0,60,15,30,20,20,80,78,40,35,10,30,134,initial
1,60,24,30,20,20,80,78,40,35,10,33,134,none
2,59,31,30,20,22,80,78,40,35,10,36,134,none
3,59,39,30,20,21,80,78,40,35,10,38,134,none
4,65,41,30,20,20,80,78,41,36,10,37,134,none
5,59,56,30,20,20,80,78,42,37,10,43,134,none
6,66,60,30,20,17,81,78,43,38,10,42,134,none
7,65,67,30,20,19,81,78,44,39,10,45,134,none
8,72,71,30,20,16,81,78,44,39,10,44,134,none
9,66,79,35,20,18,82,77,46,41,10,51,134,none
10,65,86,35,20,20,82,77,48,43,10,54,134,none
0,60,15,30,20,20,80,78,40,35,10,30,135,initial
1,60,23,30,20,19,80,79,40,35,10,32,135,none
2,68,28,30,20,13,79,79,40,35,10,30,135,none
3,75,32,30,20,10,79,79,39,34,10,29,135,none
4,75,41,30,20,10,78,79,39,34,10,32,135,none
5,82,45,30,20,7,77,79,39,34,10,31,135,none
6,82,53,30,20,6,77,79,39,34,10,33,135,none
7,89,57,30,20,3,76,78,39,34,10,32,135,none
8,90,67,30,20,0,75,79,39,34,10,34,135,none
9,82,78,30,20,4,74,79,39,34,10,40,135,none
10,86,80,35,20,4,74,78,39,34,14,41,135,none
0,60,15,30,20,20,80,78,40,35,10,30,136,initial
1,67,19,30,20,17,79,79,40,35,10,29,136,none
2,65,28,30,20,17,79,79,40,35,10,33,136,chinese_base_accident
3,63,37,30,20,17,79,79,40,35,10,37,136,chinese_base_accident
4,70,41,30,20,14,79,79,41,36,10,36,136,none
5,70,50,30,20,14,79,79,42,37,10,39,136,none
6,69,57,30,20,16,79,78,43,38,10,42,136,none
7,77,62,30,20,10,78,79,43,38,10,40,136,none
8,85,67,30,20,4,78,79,43,38,10,38,136,none
9,93,72,30,20,0,79,80,43,38,10,36,136,none
10,93,80,30,20,0,79,80,43,38,10,38,136,none
0,60,15,30,20,20,80,78,40,35,10,30,137,initial
1,61,25,30,20,17,81,79,40,35,10,32,137,none
2,65,30,35,20,17,81,78,40,35,22,35,137,japanese_breakthrough
3,64,37,35,20,19,81,78,40,35,22,38,137,none
4,72,42,35,20,13,82,77,40,35,22,36,137,none
5,75,49,35,20,13,82,77,40,35,26,36,137,none
6,82,53,35,20,10,83,77,40,35,26,35,137,none
7,76,68,35,20,10,83,78,40,35,26,41,137,none
8,84,73,35,20,4,82,78,40,35,26,39,137,none
9,92,78,35,20,0,82,77,40,35,26,37,137,none
10,98,82,35,20,0,83,77,40,35,26,36,137,none
0,60,15,30,20,20,80,78,40,35,10,30,138,initial
1,52,26,30,20,24,80,77,40,35,10,36,138,none
2,58,29,30,20,24,80,78,40,35,10,36,138,none
3,51,42,30,20,26,80,78,41,36,10,42,138,none
4,60,45,30,20,27,79,77,42,37,10,40,138,new_ice_discovery
5,67,49,30,20,24,79,76,43,38,10,39,138,none
6,74,53,30,20,21,78,76,43,38,10,38,138,none
7,82,58,30,20,15,77,77,43,38,10,36,138,none
8,82,66,30,20,14,77,77,43,38,10,38,138,none
9,74,81,30,20,14,77,77,43,38,10,45,138,chinese_base_accident
10,66,92,30,20,18,77,77,45,40,10,51,138,none
0,60,15,30,20,20,80,78,40,35,10,30,139,initial
1,52,26,30,20,24,80,78,40,35,10,36,139,none
2,51,33,30,20,26,80,77,40,35,10,39,139,none
3,43,44,30,20,30,80,76,41,36,10,45,139,none
4,51,49,30,20,24,79,75,42,37,10,43,139,none
5,51,58,30,20,24,79,75,43,38,10,46,139,none
6,59,57,35,20,21,78,75,44,39,10,46,139,none
7,51,68,35,20,25,78,74,46,41,10,52,139,none
8,58,72,35,20,22,78,73,48,43,10,51,139,none
9,64,75,35,20,22,78,73,50,45,10,51,139,none
10,65,85,35,20,19,79,74,52,47,10,53,139,none
0,60,15,30,20,20,80,78,40,35,10,30,140,initial
1,67,19,30,20,17,81,79,40,35,10,29,140,none
2,67,28,30,20,17,81,78,40,35,10,32,140,none
3,66,35,30,20,19,81,79,40,35,10,35,140,none
4,73,39,30,20,16,81,79,39,34,10,34,140,none
5,81,44,30,20,10,81,79,39,34,10,32,140,none
6,84,49,30,35,7,81,79,39,34,10,32,140,mars_breakthrough
7,91,53,30,35,4,82,79,39,34,10,31,140,none
8,83,68,30,35,4,81,79,39,34,10,38,140,chinese_base_accident
9,89,71,30,35,4,81,79,39,34,10,38,140,none
10,88,78,30,35,6,80,79,39,34,10,41,140,none
0,60,15,30,20,20,80,78,40,35,10,30,141,initial
1,69,18,30,20,21,79,77,40,35,10,28,141,new_ice_discovery
2,77,23,30,20,15,79,77,39,34,10,26,141,none
3,77,31,30,30,14,80,77,38,33,10,28,141,mars_breakthrough
4,76,38,30,30,16,79,77,37,32,10,31,141,none
5,83,42,30,30,13,79,76,37,32,10,30,141,none
6,82,49,30,30,15,78,76,37,32,10,33,141,none
7,89,53,30,30,12,77,77,37,32,10,32,141,none
8,96,57,30,30,9,77,77,37,32,10,31,141,none
9,98,61,30,30,6,77,77,37,32,10,30,141,none
10,96,71,30,30,3,76,77,37,32,10,33,141,chinese_base_accident
0,60,15,30,20,20,80,78,40,35,10,30,142,initial
1,68,20,36,20,14,79,78,40,35,10,30,142,scientific_discovery
2,76,25,36,20,8,79,78,39,34,10,28,142,none
3,83,29,36,20,5,78,78,38,33,10,27,142,none
4,83,38,36,20,5,78,78,37,32,10,30,142,none
5,86,45,36,20,5,78,78,37,32,14,30,142,none
6,93,49,36,20,2,79,79,37,32,14,29,142,none
7,96,56,36,20,2,78,79,37,32,18,29,142,none
8,94,65,36,20,2,78,79,37,32,18,33,142,chinese_base_accident
9,97,67,36,30,2,79,78,37,32,18,32,142,mars_breakthrough
10,90,80,36,30,4,79,78,37,32,18,38,142,none
0,60,15,30,20,20,80,78,40,35,10,30,143,initial
1,55,25,30,20,25,81,78,40,35,14,34,143,none
2,62,29,30,20,22,81,78,40,35,14,33,143,none
3,62,37,30,20,21,81,79,40,35,14,35,143,none
4,61,44,30,20,23,81,80,41,36,14,38,143,none
5,67,47,30,20,23,81,80,42,37,14,38,143,none
6,69,50,30,35,22,81,81,43,38,14,38,143,mars_breakthrough
7,68,57,30,35,24,81,81,44,39,14,41,143,none
8,60,68,30,35,28,82,82,45,40,14,47,143,none
9,53,81,30,35,30,82,81,47,42,14,53,143,none
10,51,90,30,35,30,83,81,49,44,14,57,143,chinese_base_accident
0,60,15,30,20,20,80,78,40,35,10,30,144,initial
1,60,23,36,20,19,81,77,40,35,10,34,144,scientific_discovery
2,67,27,36,20,16,81,76,40,35,10,33,144,none
3,74,31,36,20,13,81,77,39,34,10,32,144,none
4,80,34,36,20,13,82,77,38,33,10,32,144,none
5,83,44,36,20,13,82,77,38,33,22,34,144,japanese_breakthrough
6,86,51,36,20,13,81,77,38,33,26,34,144,none
7,86,59,36,20,12,81,77,38,33,26,36,144,none
8,93,63,36,20,9,81,77,38,33,26,35,144,none
9,92,69,36,20,10,80,77,38,33,26,37,144,none
10,95,74,36,35,7,80,77,38,33,26,37,144,mars_breakthrough
0,60,15,30,20,20,80,78,40,35,10,30,145,initial
1,52,26,30,20,24,80,78,40,35,10,36,145,none
2,67,30,30,20,21,80,78,36,31,10,31,145,earth_tension
3,79,34,25,26,18,79,78,35,30,11,36,145,rare_unknown
4,88,34,36,26,12,79,78,34,29,11,37,145,scientific_discovery
5,95,38,36,36,9,78,78,33,28,11,36,145,mars_breakthrough
6,99,37,47,36,6,79,77,32,27,11,38,145,scientific_discovery
7,98,41,47,36,3,80,76,32,27,11,37,145,none
8,98,46,47,45,0,79,76,32,27,12,33,145,rare_unknown
9,95,53,47,45,2,80,76,28,23,12,32,145,earth_tension
10,98,57,47,45,0,80,75,28,23,12,31,145,none
0,60,15,30,20,20,80,78,40,35,10,30,146,initial
1,59,22,30,20,22,81,78,40,35,10,33,146,none
2,54,32,30,20,27,82,78,40,35,14,37,146,none
3,61,36,30,20,24,82,77,40,35,14,36,146,none
4,61,44,30,20,23,81,76,41,36,14,38,146,none
5,54,57,30,20,25,82,75,42,37,14,44,146,none
6,57,64,30,20,25,82,75,43,38,18,44,146,none
7,57,73,30,20,25,82,74,44,39,18,47,146,none
8,57,81,30,20,24,82,75,45,40,18,49,146,none
9,56,88,30,20,26,82,75,47,42,18,52,146,none
10,63,92,30,20,23,81,74,49,44,18,51,146,none
0,60,15,30,20,20,80,78,40,35,10,30,147,initial
1,67,19,30,20,17,80,77,40,35,10,29,147,none
2,67,27,30,20,16,80,76,40,35,10,31,147,none
3,67,36,30,20,16,80,77,40,35,10,34,147,none
4,75,41,30,20,10,80,76,40,35,10,32,147,none
5,74,48,30,20,12,79,77,40,35,10,35,147,none
6,81,52,30,20,9,79,77,40,35,10,34,147,none
7,80,59,30,20,11,80,76,40,35,10,37,147,none
8,78,68,30,20,11,79,76,40,35,10,41,147,us_base_accident
9,78,76,30,20,10,79,77,40,35,10,43,147,none
10,78,84,30,20,9,79,77,40,35,10,45,147,none
0,60,15,30,20,20,80,78,40,35,10,30,148,initial
1,53,28,30,20,22,80,78,40,35,10,36,148,none
2,60,31,27,18,22,80,78,40,35,17,40,148,rare_unknown
3,67,35,27,18,19,80,78,40,35,17,39,148,none
4,83,38,27,25,19,81,78,39,34,14,44,148,rare_unknown
5,91,43,27,25,13,80,78,39,34,14,42,148,none
6,99,43,32,25,12,80,78,39,34,14,41,148,new_ice_discovery
7,91,54,32,25,16,80,78,39,34,14,47,148,none
8,97,57,32,25,16,80,79,39,34,14,47,148,none
9,98,61,32,25,13,81,79,39,34,14,46,148,none
10,97,68,32,25,15,81,79,39,34,14,49,148,none
0,60,15,30,20,20,80,78,40,35,10,30,149,initial
1,68,20,30,20,14,80,78,40,35,10,28,149,none
2,67,27,30,20,16,80,78,40,35,10,31,149,none
3,75,32,30,20,10,80,78,39,34,10,29,149,none
4,81,35,30,20,10,80,79,38,33,10,29,149,none
5,83,41,30,20,13,81,79,38,33,14,30,149,none
6,92,44,30,20,14,81,80,38,33,14,28,149,new_ice_discovery
7,98,48,30,20,11,82,81,38,33,14,27,149,none
8,98,52,30,20,8,81,81,38,33,14,26,149,none
9,98,60,30,20,7,80,81,38,33,14,28,149,none
10,98,65,30,20,1,80,80,38,33,14,26,149,none
0,60,15,30,20,20,80,78,40,35,10,30,150,initial
1,52,26,30,20,24,79,78,40,35,10,36,150,none
2,52,34,30,20,23,79,77,40,35,10,38,150,none
3,60,39,30,20,17,80,76,40,35,10,36,150,none
4,60,47,30,20,16,81,76,41,36,10,38,150,none
5,59,54,30,20,18,81,76,42,37,10,41,150,none
6,58,61,30,20,20,80,76,43,38,10,44,150,none
7,57,68,30,20,22,79,75,44,39,10,47,150,none
8,56,75,30,20,24,78,75,45,40,10,50,150,none
9,49,88,30,20,26,77,74,47,42,10,56,150,none
10,48,95,30,20,28,77,73,49,44,10,59,150,none
0,60,15,30,20,20,80,78,40,35,10,30,151,initial
1,60,23,30,20,19,79,77,40,35,10,32,151,none
2,60,31,30,20,18,79,77,40,35,10,34,151,none
3,56,43,30,20,21,79,78,41,36,14,38,151,none
4,48,54,30,20,25,79,78,42,37,14,44,151,none
5,56,59,30,20,19,79,79,43,38,14,42,151,none
6,55,66,30,20,21,79,79,44,39,14,45,151,none
7,61,69,30,20,21,78,78,45,40,14,45,151,none
8,67,72,30,20,21,79,78,46,41,14,45,151,none
9,67,81,30,20,21,78,78,47,42,14,48,151,none
10,73,84,30,20,21,78,78,47,42,14,48,151,none
0,60,15,30,20,20,80,78,40,35,10,30,152,initial
1,58,24,30,20,20,81,77,40,35,10,34,152,chinese_base_accident
2,50,39,30,20,20,81,77,40,35,10,41,152,chinese_base_accident
3,57,43,30,20,17,80,77,41,36,10,40,152,none
4,56,50,30,20,19,80,77,42,37,10,43,152,none
5,55,57,30,20,21,81,77,43,38,10,46,152,none
6,61,59,30,30,20,82,77,44,39,10,45,152,mars_breakthrough
7,67,62,36,30,20,82,78,45,40,10,47,152,scientific_discovery
8,75,67,36,30,14,83,77,45,40,10,45,152,none
9,74,74,36,30,16,83,77,45,40,10,48,152,none
10,83,77,36,30,17,83,78,45,40,10,46,152,new_ice_discovery
0,60,15,30,20,20,80,78,40,35,10,30,153,initial
1,67,19,30,20,17,81,79,40,35,10,29,153,none
2,76,22,30,20,18,81,79,39,34,10,27,153,new_ice_discovery
3,83,26,30,20,15,81,79,38,33,10,26,153,none
4,82,33,30,20,17,82,78,37,32,10,29,153,none
5,98,38,30,20,11,82,78,32,27,10,23,153,earth_tension
6,97,44,30,20,12,81,79,32,27,10,25,153,none
7,97,46,30,30,11,81,79,32,27,10,24,153,mars_breakthrough
8,98,50,30,30,8,81,79,32,27,10,23,153,none
9,99,55,35,30,8,80,78,32,27,22,26,153,japanese_breakthrough
10,97,60,40,40,5,80,79,32,27,22,29,153,mars_breakthrough
0,60,15,30,20,20,80,78,40,35,10,30,154,initial
1,56,27,30,20,23,81,79,40,35,14,34,154,none
2,57,37,30,20,20,82,79,40,35,14,36,154,none
3,64,41,30,20,17,82,80,41,36,14,35,154,none
4,71,45,30,20,14,82,80,41,36,14,34,154,none
5,69,54,30,20,14,83,80,42,37,14,38,154,us_base_accident
6,76,58,30,20,11,83,80,42,37,14,37,154,none
7,83,62,30,20,8,83,79,42,37,14,36,154,none
8,85,68,30,20,11,83,79,42,37,18,37,154,none
9,84,75,30,20,13,83,79,42,37,18,40,154,none
10,90,78,30,20,13,82,79,42,37,18,40,154,none
0,60,15,30,20,20,80,78,40,35,10,30,155,initial
1,61,25,30,20,17,81,79,40,35,10,32,155,none
2,53,36,30,20,21,81,79,40,35,10,38,155,none
3,52,43,30,20,23,80,80,41,36,10,41,155,none
4,55,48,30,35,20,80,80,42,37,10,41,155,mars_breakthrough
5,55,56,30,35,19,80,80,43,38,10,43,155,none
6,69,59,27,32,19,80,80,45,40,8,51,155,rare_unknown
7,68,66,27,32,21,81,80,47,42,8,54,155,none
8,68,75,27,32,21,81,80,49,44,8,57,155,none
9,60,86,27,32,25,80,81,51,46,8,63,155,none
10,52,97,27,32,29,80,81,53,48,8,69,155,none
0,60,15,30,20,20,80,78,40,35,10,30,156,initial
1,63,22,30,20,20,81,78,40,35,14,30,156,none
2,63,31,30,20,20,81,78,40,35,14,33,156,none
3,66,38,30,20,20,81,78,40,35,18,33,156,none
4,67,48,30,20,17,82,78,41,36,18,35,156,none
5,75,53,36,20,11,82,78,41,36,18,35,156,scientific_discovery
6,82,57,36,20,8,82,78,41,36,18,34,156,none
7,90,62,36,20,2,82,78,41,36,18,32,156,none
8,97,66,36,20,0,82,79,41,36,18,31,156,none
9,98,70,36,20,0,82,80,41,36,18,30,156,none
10,96,80,36,20,0,82,80,41,36,18,33,156,chinese_base_accident
0,60,15,30,20,20,80,78,40,35,10,30,157,initial
1,60,24,30,20,20,80,78,40,35,10,33,157,none
2,66,27,30,20,20,80,78,40,35,10,33,157,none
3,65,34,30,20,22,80,79,40,35,10,36,157,none
4,64,41,30,20,24,80,79,41,36,10,39,157,none
5,64,49,30,20,23,80,79,42,37,10,41,157,none
6,65,59,30,20,20,80,79,43,38,10,43,157,none
7,65,68,30,20,20,80,79,44,39,10,46,157,none
8,73,73,30,20,14,81,79,44,39,10,44,157,none
9,80,77,30,20,11,81,79,44,39,10,43,157,none
10,78,86,30,20,11,81,80,44,39,10,47,157,chinese_base_accident
0,60,15,30,20,20,80,78,40,35,10,30,158,initial
1,52,30,30,20,20,79,78,40,35,10,37,158,chinese_base_accident
2,59,34,30,20,17,79,78,40,35,10,36,158,none
3,51,45,30,20,21,79,79,41,36,10,42,158,none
4,59,50,36,20,15,79,79,42,37,10,42,158,scientific_discovery
5,66,54,36,20,12,79,80,43,38,10,41,158,none
6,72,62,35,29,11,80,80,43,38,9,36,158,rare_unknown
7,79,66,35,29,8,80,81,43,38,9,35,158,none
8,79,74,35,29,7,81,81,43,38,9,37,158,none
9,78,81,35,29,9,82,80,43,38,9,40,158,none
10,78,90,35,29,9,82,80,43,38,9,43,158,none
0,60,15,30,20,20,80,78,40,35,10,30,159,initial
1,63,22,30,30,20,80,78,40,35,14,30,159,mars_breakthrough
2,78,26,30,30,17,79,79,35,30,14,25,159,earth_tension
3,78,34,30,30,16,79,79,34,29,14,27,159,none
4,86,39,30,30,10,79,79,33,28,14,25,159,none
5,92,42,30,30,10,79,80,33,28,14,25,159,none
6,98,47,30,30,4,79,80,33,28,14,23,159,none
7,98,51,30,30,1,80,80,33,28,14,22,159,none
8,98,55,30,30,0,80,80,33,28,14,21,159,none
9,98,63,36,30,0,80,80,33,28,14,25,159,scientific_discovery
10,98,66,36,30,0,80,80,33,28,14,25,159,none
0,60,15,30,20,20,80,78,40,35,10,30,160,initial
1,67,19,30,20,17,80,78,40,35,10,29,160,none
2,67,27,30,20,16,80,78,40,35,10,31,160,none
3,65,32,30,20,20,79,78,40,35,10,34,160,none
4,65,41,30,20,24,78,77,41,36,15,37,160,india_transport_success
5,68,48,30,20,24,78,77,42,37,19,37,160,none
6,75,52,30,20,21,78,78,42,37,19,36,160,none
7,82,56,30,20,18,78,78,42,37,19,35,160,none
8,82,64,30,20,17,78,78,42,37,19,37,160,none
9,81,71,30,20,19,78,78,42,37,19,40,160,none
10,74,84,30,20,21,79,78,42,37,19,46,160,none
0,60,15,30,20,20,80,78,40,35,10,30,161,initial
1,59,21,30,20,21,80,78,40,35,10,32,161,none
2,60,31,30,20,18,80,79,40,35,10,34,161,none
3,59,38,30,20,20,80,79,40,35,10,37,161,none
4,58,45,30,20,22,80,80,41,36,10,40,161,none
5,73,49,25,22,19,80,80,41,36,14,37,161,rare_unknown
6,81,54,25,22,13,79,81,41,36,14,35,161,none
7,85,61,33,27,13,80,81,41,36,28,40,161,rare_unknown
8,92,65,33,27,10,80,82,41,36,28,39,161,none
9,98,72,41,35,10,79,82,41,36,35,31,161,rare_unknown
10,95,82,41,35,15,79,82,37,32,39,31,161,earth_tension
0,60,15,30,20,20,80,78,40,35,10,30,162,initial
1,66,17,30,20,19,79,78,40,35,10,29,162,none
2,66,26,30,20,19,80,78,40,35,10,32,162,none
3,74,31,30,20,13,80,77,39,34,10,30,162,none
4,82,34,30,19,13,80,76,38,33,5,26,162,rare_unknown
5,84,37,37,26,13,80,76,37,32,7,34,162,rare_unknown
6,91,41,37,26,10,80,76,37,32,7,33,162,none
7,98,45,37,26,7,80,76,37,32,7,32,162,none
8,98,49,37,26,4,80,76,37,32,7,31,162,none
9,98,57,37,26,3,79,76,37,32,7,33,162,none
10,99,56,42,26,0,79,75,37,32,7,33,162,none
0,60,15,30,20,20,80,78,40,35,10,30,163,initial
1,60,23,30,20,19,81,77,40,35,10,32,163,none
2,67,27,30,20,16,81,77,40,35,10,31,163,none
3,73,30,30,20,16,81,76,39,34,10,31,163,none
4,73,38,30,20,15,81,75,38,33,10,33,163,none
5,72,44,30,20,16,81,75,38,33,10,35,163,none
6,64,59,30,20,16,81,75,39,34,10,42,163,chinese_base_accident
7,56,70,30,20,20,81,74,40,35,10,48,163,none
8,55,77,30,20,22,80,73,42,37,10,51,163,none
9,54,84,30,20,24,80,74,44,39,10,54,163,none
10,65,84,35,20,23,81,74,46,41,10,53,163,new_ice_discovery
0,60,15,30,20,20,80,78,40,35,10,30,164,initial
1,60,23,30,20,19,79,78,40,35,10,32,164,none
2,75,27,30,20,16,78,78,35,30,10,27,164,earth_tension
3,75,36,30,20,16,78,77,34,29,10,30,164,none
4,85,41,30,20,15,78,77,34,29,10,28,164,new_ice_discovery
5,92,45,30,20,12,78,76,34,29,10,27,164,none
6,98,50,30,20,6,77,77,34,29,10,25,164,none
7,98,54,30,30,3,77,77,34,29,10,24,164,mars_breakthrough
8,98,58,30,30,0,76,76,34,29,10,23,164,none
9,98,62,30,30,0,77,76,34,29,10,22,164,none
10,98,69,30,30,0,77,77,30,25,14,18,164,earth_tension
0,60,15,30,20,20,80,78,40,35,10,30,165,initial
1,53,28,30,20,22,80,78,40,35,10,36,165,none
2,45,39,30,20,26,81,78,40,35,10,42,165,none
3,52,42,30,30,22,81,78,41,36,10,40,165,mars_breakthrough
4,60,47,30,30,16,82,78,42,37,10,38,165,none
5,67,51,30,30,13,82,78,43,38,10,37,165,none
6,66,58,30,30,15,82,79,44,39,10,40,165,none
7,58,69,30,30,19,82,80,45,40,10,46,165,none
8,57,76,30,40,21,82,80,46,41,10,49,165,mars_breakthrough
9,63,79,30,40,21,82,81,47,42,10,49,165,none
10,70,83,30,40,18,81,81,48,43,10,48,165,none
0,60,15,30,20,20,80,78,40,35,10,30,166,initial
1,67,19,30,30,17,80,78,40,35,10,29,166,mars_breakthrough
2,67,21,35,30,19,80,79,40,35,10,33,166,none
3,73,24,35,30,19,80,79,39,34,10,33,166,none
4,81,29,35,30,13,81,79,38,33,10,31,166,none
5,84,36,35,30,13,82,79,37,32,14,31,166,none
6,85,46,35,40,10,83,79,37,32,14,33,166,mars_breakthrough
7,92,50,35,40,7,82,80,37,32,14,32,166,none
8,98,54,35,40,4,82,80,37,32,14,31,166,none
9,98,59,35,40,0,82,81,37,32,14,29,166,none
10,96,68,35,40,0,83,81,37,32,14,32,166,none
0,60,15,30,20,20,80,78,40,35,10,30,167,initial
1,60,23,30,20,19,81,78,40,35,10,32,167,none
2,59,30,30,20,21,81,77,40,35,10,35,167,none
3,58,37,30,20,23,81,76,40,35,10,38,167,none
4,62,40,30,20,23,81,77,40,35,10,39,167,us_base_accident
5,63,50,30,20,20,82,77,41,36,10,41,167,none
6,70,54,30,20,17,82,78,42,37,10,40,167,none
7,71,64,30,20,14,83,78,42,37,10,42,167,none
8,78,68,30,20,11,83,77,42,37,10,41,167,none
9,75,73,35,35,11,83,77,42,37,10,46,167,mars_breakthrough
10,81,76,35,35,11,83,78,42,37,10,46,167,none
0,60,15,30,20,20,80,78,40,35,10,30,168,initial
1,68,20,30,20,14,81,78,40,35,10,28,168,none
2,68,28,27,22,13,80,78,40,35,13,24,168,rare_unknown
3,67,35,27,22,15,79,77,40,35,13,27,168,none
4,60,48,27,22,17,79,78,41,36,13,33,168,none
5,60,56,27,22,16,80,78,42,37,13,35,168,none
6,59,63,27,22,18,80,79,43,38,13,38,168,none
7,66,67,27,22,15,80,80,44,39,13,37,168,none
8,66,76,27,22,19,80,80,45,40,18,40,168,india_transport_success
9,65,83,27,22,21,80,79,46,41,18,43,168,none
10,57,94,27,22,25,80,79,47,42,18,49,168,none
0,60,15,30,20,20,80,78,40,35,10,30,169,initial
1,52,26,30,20,24,80,77,40,35,10,36,169,none
2,52,35,30,20,24,81,77,40,35,10,39,169,none
3,53,45,30,20,21,81,77,41,36,10,41,169,none
4,56,55,30,20,21,80,76,42,37,22,43,169,japanese_breakthrough
5,55,62,30,20,23,79,77,43,38,22,46,169,none
6,62,66,30,20,20,79,77,44,39,22,45,169,none
7,61,73,30,20,22,80,76,45,40,22,48,169,none
8,70,73,35,20,16,81,75,46,41,22,47,169,none
9,69,80,35,20,18,82,75,47,42,22,50,169,none
10,76,84,35,20,15,82,75,47,42,22,49,169,none
0,60,15,30,20,20,80,78,40,35,10,30,170,initial
1,67,19,30,20,17,81,79,40,35,10,29,170,none
2,75,18,41,20,14,81,79,39,34,10,31,170,scientific_discovery
3,82,22,41,20,11,80,79,38,33,10,30,170,none
4,78,34,41,20,18,80,79,37,32,19,34,170,india_transport_success
5,77,41,41,20,20,81,79,37,32,19,37,170,none
6,82,42,41,20,22,82,79,37,32,19,37,170,none
7,89,46,41,20,19,82,79,37,32,19,36,170,none
8,89,54,41,20,18,82,79,37,32,19,38,170,none
9,96,58,41,20,15,81,79,37,32,19,37,170,none
10,98,61,41,20,15,80,79,37,32,19,37,170,none
0,60,15,30,20,20,80,78,40,35,10,30,171,initial
1,66,17,30,20,19,80,77,40,35,10,29,171,none
2,65,24,30,20,21,80,77,40,35,10,32,171,none
3,73,23,41,20,18,81,77,39,34,10,34,171,scientific_discovery
4,73,31,41,20,17,81,77,38,33,10,36,171,none
5,79,34,41,20,21,80,77,37,32,15,36,171,india_transport_success
6,88,37,41,20,22,80,77,36,31,15,34,171,new_ice_discovery
7,87,44,41,20,24,81,77,36,31,15,37,171,none
8,94,48,41,20,21,81,77,36,31,15,36,171,none
9,98,52,41,20,18,80,77,36,31,15,35,171,none
10,98,55,41,20,18,79,77,36,31,15,35,171,none
0,60,15,30,20,20,80,78,40,35,10,30,172,initial
1,64,18,30,20,20,79,78,40,35,10,31,172,chinese_base_accident
2,64,26,30,20,19,80,78,40,35,10,33,172,none
3,71,30,30,20,16,80,78,39,34,10,32,172,none
4,78,34,30,20,13,81,78,38,33,10,31,172,none
5,79,44,30,20,10,80,78,38,33,10,33,172,none
6,72,57,30,20,12,80,79,38,33,10,39,172,none
7,79,61,30,20,9,79,80,38,33,10,38,172,none
8,79,69,30,20,8,79,79,38,33,10,40,172,none
9,79,77,30,20,7,80,78,38,33,10,42,172,none
10,79,86,30,20,7,80,78,38,33,10,45,172,none
0,60,15,30,20,20,80,78,40,35,10,30,173,initial
1,59,22,30,20,22,79,78,40,35,10,33,173,none
2,51,33,30,20,26,79,78,40,35,10,39,173,none
3,43,44,30,20,30,79,79,41,36,10,45,173,none
4,36,57,30,20,32,79,80,43,38,10,51,173,none
5,41,61,30,20,29,79,80,45,40,10,51,173,us_base_accident
6,33,72,30,20,33,79,79,47,42,10,57,173,none
7,29,87,30,20,36,79,80,49,44,22,63,173,japanese_breakthrough
8,37,92,30,20,30,78,81,51,46,22,61,173,none
9,36,99,30,20,32,79,81,53,48,22,64,173,none
10,33,100,35,20,35,79,81,55,50,34,71,173,japanese_breakthrough
0,60,15,30,20,20,80,78,40,35,10,30,174,initial
1,60,23,30,20,19,80,78,40,35,10,32,174,none
2,59,30,30,20,21,80,78,40,35,10,35,174,none
3,66,34,30,20,18,79,78,40,35,10,34,174,none
4,73,41,30,20,20,79,77,36,31,10,33,174,earth_tension
5,79,43,30,20,19,79,77,36,31,10,32,174,none
6,86,47,30,20,16,79,76,36,31,10,31,174,none
7,86,56,30,20,16,80,76,36,31,10,34,174,none
8,86,64,30,20,15,79,76,36,31,10,36,174,none
9,93,68,30,20,12,79,77,36,31,10,35,174,none
10,98,72,30,20,9,78,77,36,31,10,34,174,none
0,60,15,30,20,20,80,78,40,35,10,30,175,initial
1,68,20,30,20,14,80,77,40,35,10,28,175,none
2,69,27,30,20,21,80,77,40,35,10,31,175,new_ice_discovery
3,61,38,30,20,25,80,76,40,35,10,37,175,none
4,68,42,30,20,22,81,76,41,36,10,36,175,none
5,74,45,30,20,22,81,76,41,36,10,36,175,none
6,76,51,30,20,29,81,76,41,36,19,37,175,india_transport_success
7,76,60,30,20,29,81,76,41,36,19,40,175,none
8,83,64,30,20,26,81,76,41,36,19,39,175,none
9,83,73,30,20,26,82,75,41,36,19,42,175,none
10,75,84,30,20,30,82,75,41,36,19,48,175,none
0,60,15,30,20,20,80,78,40,35,10,30,176,initial
1,60,23,30,20,19,80,78,40,35,10,32,176,none
2,62,28,35,20,16,81,79,40,35,10,35,176,none
3,54,43,35,20,16,82,78,41,36,10,42,176,us_base_accident
4,60,46,35,20,16,81,78,42,37,10,42,176,none
5,59,53,35,20,18,81,77,43,38,10,45,176,none
6,66,57,35,20,15,81,77,44,39,10,44,176,none
7,73,61,35,20,12,81,77,44,39,10,43,176,none
8,79,63,35,20,11,80,77,44,39,10,42,176,none
9,94,67,35,20,8,80,78,40,35,10,37,176,earth_tension
10,98,72,35,20,2,79,78,40,35,10,35,176,none
0,60,15,30,20,20,80,78,40,35,10,30,177,initial
1,53,28,30,20,22,81,77,40,35,10,36,177,none
2,52,35,30,20,24,81,76,40,35,10,39,177,none
3,51,42,30,20,26,81,77,41,36,10,42,177,none
4,51,50,30,20,25,80,77,42,37,10,44,177,none
5,46,60,30,20,30,80,78,43,38,14,48,177,none
6,46,69,30,20,30,81,78,45,40,14,51,177,none
7,46,77,30,20,29,81,77,47,42,14,53,177,none
8,41,87,30,20,34,82,77,49,44,18,57,177,none
9,36,97,30,20,39,82,77,51,46,22,61,177,none
10,35,100,30,20,41,83,77,53,48,22,64,177,none
0,60,15,30,20,20,80,78,40,35,10,30,178,initial
1,59,22,30,20,22,80,79,40,35,10,33,178,none
2,58,29,30,20,24,79,79,40,35,10,36,178,none
3,50,40,30,20,28,80,78,40,35,10,42,178,none
4,45,50,30,20,33,81,78,41,36,14,46,178,none
5,53,55,30,20,27,81,78,42,37,14,44,178,none
6,60,59,30,20,24,81,78,43,38,14,43,178,none
7,68,64,36,20,18,81,78,44,39,14,43,178,scientific_discovery
8,76,69,36,20,12,82,77,44,39,14,41,178,none
9,76,78,36,20,12,82,77,44,39,14,44,178,none
10,76,86,36,20,11,82,76,44,39,14,46,178,none
0,60,15,30,20,20,80,78,40,35,10,30,179,initial
1,58,24,30,20,20,81,78,40,35,10,34,179,chinese_base_accident
2,66,29,30,20,14,81,77,40,35,10,32,179,none
3,74,34,30,20,8,80,77,39,34,10,30,179,none
4,73,41,30,20,10,80,77,39,34,10,33,179,none
5,80,45,30,20,7,79,77,39,34,10,32,179,none
6,86,48,30,20,7,80,77,39,34,10,32,179,none
7,86,56,30,20,6,79,77,39,34,10,34,179,none
8,93,60,30,20,3,79,77,39,34,10,33,179,none
9,92,70,30,20,0,79,76,39,34,10,36,179,chinese_base_accident
10,97,71,30,20,2,79,76,39,34,10,36,179,none
0,60,15,30,20,20,80,78,40,35,10,30,180,initial
1,59,22,30,20,22,79,78,40,35,10,33,180,none
2,63,27,35,20,22,79,78,40,35,22,36,180,japanese_breakthrough
3,70,31,35,20,19,79,79,40,35,22,35,180,none
4,72,35,35,35,19,79,79,39,34,22,36,180,mars_breakthrough
5,79,39,41,35,16,79,80,38,33,22,37,180,scientific_discovery
6,80,49,41,35,13,80,81,38,33,22,39,180,none
7,79,56,41,35,15,81,80,38,33,22,42,180,none
8,72,69,41,35,17,82,80,38,33,22,48,180,none
9,80,74,47,35,11,82,80,38,33,22,48,180,scientific_discovery
10,87,78,47,35,12,82,81,38,33,27,47,180,india_transport_success
0,60,15,30,20,20,80,78,40,35,10,30,181,initial
1,60,24,30,20,20,81,78,40,35,10,33,181,none
2,61,28,35,20,20,80,78,40,35,10,37,181,none
3,76,32,35,20,17,80,78,35,30,10,32,181,earth_tension
4,75,39,35,20,19,81,77,34,29,10,35,181,none
5,82,43,35,20,16,81,77,34,29,10,34,181,none
6,89,47,35,20,13,80,76,34,29,10,33,181,none
7,96,51,35,20,10,79,76,34,29,10,32,181,none
8,98,56,35,20,4,78,76,34,29,10,30,181,none
9,98,60,35,20,1,79,76,34,29,10,29,181,none
10,98,70,35,20,0,79,77,34,29,10,31,181,none
0,60,15,30,20,20,80,78,40,35,10,30,182,initial
1,53,28,30,20,22,80,77,40,35,10,36,182,none
2,56,35,30,20,22,81,77,40,35,14,36,182,none
3,61,36,30,20,24,82,76,40,35,14,36,182,none
4,64,43,30,20,24,82,75,41,36,18,36,182,none
5,71,47,30,20,21,82,75,41,36,18,35,182,none
6,72,57,30,20,18,82,75,41,36,18,37,182,none
7,81,57,41,20,12,81,74,41,36,18,38,182,scientific_discovery
8,88,61,41,20,9,81,75,41,36,18,37,182,none
9,98,66,41,20,8,82,75,41,36,18,35,182,new_ice_discovery
10,95,74,41,20,7,82,74,41,36,18,37,182,none
0,60,15,30,20,20,80,78,40,35,10,30,183,initial
1,60,23,30,20,19,79,78,40,35,10,32,183,none
2,67,27,30,30,16,79,78,40,35,10,31,183,mars_breakthrough
3,60,40,30,30,18,80,78,40,35,10,37,183,none
4,66,43,30,30,22,79,78,41,36,15,37,183,india_transport_success
5,69,50,30,30,22,80,78,42,37,19,37,183,none
6,75,53,30,30,22,80,78,42,37,19,37,183,none
7,70,63,30,30,27,80,78,43,38,23,41,183,none
8,71,73,30,30,24,80,78,43,38,23,43,183,none
9,70,80,30,30,26,81,78,44,39,23,46,183,none
10,62,91,30,30,30,80,78,46,41,23,52,183,none
0,60,15,30,20,20,80,78,40,35,10,30,184,initial
1,67,19,30,20,17,80,79,40,35,10,29,184,none
2,74,23,30,20,14,80,78,39,34,10,28,184,none
3,82,28,30,20,8,80,78,38,33,10,26,184,none
4,89,32,30,20,5,80,77,37,32,10,25,184,none
5,96,36,30,30,2,80,77,36,31,10,24,184,mars_breakthrough
6,98,40,30,30,0,81,77,35,30,10,23,184,none
7,98,50,30,30,0,81,76,35,30,10,25,184,none
8,98,53,30,30,0,80,76,35,30,10,25,184,none
9,97,60,30,30,2,80,76,35,30,10,28,184,none
10,98,64,30,30,0,80,76,35,30,10,27,184,none
0,60,15,30,20,20,80,78,40,35,10,30,185,initial
1,71,15,35,20,19,81,78,39,34,10,29,185,new_ice_discovery
2,77,17,35,20,18,81,78,38,33,10,28,185,none
3,83,20,35,20,18,82,78,37,32,10,28,185,none
4,90,24,35,20,15,83,78,36,31,10,27,185,none
5,89,31,35,20,17,83,78,35,30,10,30,185,none
6,95,34,35,20,17,83,78,34,29,10,30,185,none
7,95,43,35,20,21,82,78,34,29,15,33,185,india_transport_success
8,98,46,35,20,21,81,77,34,29,15,33,185,none
9,98,49,35,20,21,81,77,34,29,15,33,185,none
10,98,54,35,20,15,81,77,34,29,15,31,185,none
0,60,15,30,20,20,80,78,40,35,10,30,186,initial
1,71,15,35,20,19,80,78,39,34,10,29,186,new_ice_discovery
2,79,14,46,20,16,79,78,38,33,10,31,186,scientific_discovery
3,85,17,46,20,16,79,78,37,32,10,31,186,none
4,92,21,46,20,13,79,78,36,31,10,30,186,none
5,88,33,46,20,16,79,79,35,30,14,34,186,none
6,96,38,46,20,10,79,79,34,29,14,32,186,none
7,99,37,51,20,7,79,78,33,28,14,32,186,none
8,98,44,51,20,9,80,79,33,28,14,35,186,none
9,92,56,51,20,12,80,79,33,28,18,40,186,us_base_accident
10,84,67,51,20,16,80,80,33,28,18,46,186,none
0,60,15,30,20,20,80,78,40,35,10,30,187,initial
1,52,30,30,20,20,80,78,40,35,10,37,187,us_base_accident
2,55,37,30,20,20,79,78,40,35,14,37,187,none
3,55,45,30,30,19,79,77,41,36,14,39,187,mars_breakthrough
4,54,52,30,30,21,79,77,42,37,14,42,187,none
5,61,56,30,30,18,80,77,43,38,14,41,187,none
6,60,63,30,30,20,81,77,44,39,14,44,187,none
7,67,67,30,30,17,80,77,45,40,14,43,187,none
8,66,74,30,30,19,81,77,46,41,14,46,187,none
9,73,78,30,30,16,81,77,46,41,14,45,187,none
10,73,86,30,30,15,81,78,46,41,14,47,187,none
0,60,15,30,20,20,80,78,40,35,10,30,188,initial
1,51,24,30,20,26,80,78,40,35,10,36,188,none
2,42,33,30,20,32,80,78,40,35,10,42,188,none
3,47,37,30,20,29,80,78,40,35,10,42,188,us_base_accident
4,44,40,45,20,29,79,79,41,36,18,53,188,japanese_breakthrough
5,46,46,45,20,32,80,79,43,38,22,54,188,none
6,52,49,45,20,32,79,78,45,40,22,54,188,none
7,51,56,45,20,34,78,77,47,42,22,57,188,none
8,50,63,45,20,36,78,77,49,44,22,60,188,none
9,58,68,45,20,30,78,77,51,46,22,58,188,none
10,50,83,45,20,30,78,77,53,48,22,65,188,us_base_accident
0,60,15,30,20,20,80,78,40,35,10,30,189,initial
1,59,22,30,20,22,80,77,40,35,10,33,189,none
2,51,33,30,20,26,79,77,40,35,10,39,189,none
3,51,41,30,20,25,80,77,41,36,10,41,189,none
4,58,45,30,20,22,80,77,42,37,10,40,189,none
5,66,50,30,20,16,80,77,43,38,10,38,189,none
6,73,54,30,20,13,80,77,43,38,10,37,189,none
7,72,61,30,20,15,81,77,43,38,10,40,189,none
8,75,68,30,20,15,81,77,43,38,14,40,189,none
9,75,76,30,20,14,81,77,43,38,14,42,189,none
10,74,83,30,20,16,80,77,43,38,14,45,189,none
0,60,15,30,20,20,80,78,40,35,10,30,190,initial
1,68,20,30,20,14,80,77,40,35,10,28,190,none
2,67,27,30,20,16,80,78,40,35,10,31,190,none
3,66,34,30,20,18,80,78,40,35,10,34,190,none
4,58,45,30,20,22,81,78,41,36,10,40,190,none
5,57,52,30,20,24,81,78,42,37,10,43,190,none
6,56,59,30,20,26,80,78,43,38,10,46,190,none
7,55,66,30,30,28,81,78,44,39,10,49,190,mars_breakthrough
8,47,77,30,30,32,81,77,46,41,10,55,190,none
9,55,82,30,30,26,81,77,48,43,10,53,190,none
10,54,89,30,30,28,80,78,50,45,10,56,190,none
0,60,15,30,20,20,80,78,40,35,10,30,191,initial
1,67,19,30,20,17,80,78,40,35,10,29,191,none
2,66,26,30,20,19,80,78,40,35,10,32,191,none
3,73,30,30,20,16,80,78,39,34,10,31,191,none
4,87,32,30,20,15,80,78,34,29,10,26,191,earth_tension
5,86,39,30,20,17,81,78,33,28,10,29,191,none
6,95,43,30,20,19,81,78,33,28,10,28,191,new_ice_discovery
7,98,46,30,20,19,81,79,33,28,10,28,191,none
8,97,48,30,20,18,81,79,33,28,10,27,191,none
9,98,55,30,20,22,80,80,33,28,19,27,191,india_transport_success
10,98,60,30,20,16,79,80,33,28,19,25,191,none
0,60,15,30,20,20,80,78,40,35,10,30,192,initial
1,52,26,30,20,24,79,79,40,35,10,36,192,none
2,44,37,30,20,28,79,80,40,35,10,42,192,none
3,44,45,30,20,27,79,80,41,36,10,44,192,none
4,59,49,30,20,24,79,79,38,33,10,39,192,earth_tension
5,58,56,30,20,26,80,80,39,34,10,42,192,none
6,65,54,41,20,26,81,80,40,35,10,45,192,scientific_discovery
7,72,58,41,20,23,80,79,40,35,10,44,192,none
8,78,61,41,20,27,79,78,40,35,15,44,192,india_transport_success
9,84,64,41,20,27,79,77,40,35,15,44,192,none
10,83,71,41,20,29,79,77,40,35,15,47,192,none
0,60,15,30,20,20,80,78,40,35,10,30,193,initial
1,62,23,30,20,24,80,77,40,35,10,32,193,new_ice_discovery
2,61,30,30,20,26,79,76,40,35,10,35,193,none
3,60,37,30,20,28,79,76,40,35,10,38,193,none
4,59,44,30,20,30,79,76,41,36,10,41,193,none
5,66,48,30,20,27,79,76,42,37,10,40,193,none
6,67,58,30,20,24,79,76,43,38,10,42,193,none
7,66,65,30,20,26,79,77,44,39,10,45,193,none
8,65,72,30,20,28,80,77,45,40,10,48,193,none
9,71,74,30,20,27,81,77,45,40,10,47,193,none
10,72,84,30,20,24,81,77,45,40,10,49,193,none
0,60,15,30,20,20,80,78,40,35,10,30,194,initial
1,60,23,30,20,19,80,78,40,35,10,32,194,none
2,60,31,30,20,18,79,77,40,35,10,34,194,none
3,59,38,30,20,20,79,77,40,35,10,37,194,none
4,66,42,30,20,17,79,78,41,36,10,36,194,none
5,66,50,30,20,16,79,79,42,37,10,38,194,none
6,76,55,30,20,15,80,80,42,37,10,36,194,new_ice_discovery
7,82,58,30,20,15,81,80,42,37,10,36,194,none
8,77,68,30,20,20,82,80,42,37,14,40,194,none
9,78,78,30,20,17,82,79,42,37,14,42,194,none
10,86,83,36,20,11,82,80,42,37,14,42,194,scientific_discovery
0,60,15,30,20,20,80,78,40,35,10,30,195,initial
1,63,25,30,20,20,80,79,40,35,22,32,195,japanese_breakthrough
2,62,32,30,20,22,81,80,40,35,22,35,195,none
3,62,40,30,20,21,82,80,40,35,22,37,195,none
4,69,44,30,20,18,82,80,41,36,22,36,195,none
5,69,52,30,20,17,82,81,42,37,22,38,195,none
6,80,52,35,20,16,82,81,42,37,22,37,195,new_ice_discovery
7,79,61,36,22,16,81,82,42,37,26,38,195,rare_unknown
8,72,74,36,22,18,81,83,42,37,26,44,195,none
9,79,78,36,22,15,81,84,42,37,26,43,195,none
10,78,85,42,22,17,81,84,42,37,26,48,195,scientific_discovery
0,60,15,30,20,20,80,78,40,35,10,30,196,initial
1,52,26,30,20,24,80,78,40,35,10,36,196,none
2,51,33,30,20,26,80,79,40,35,10,39,196,none
3,50,40,30,20,28,80,78,40,35,10,42,196,none
4,58,45,30,20,22,81,77,41,36,10,40,196,none
5,58,54,30,20,22,81,77,42,37,10,43,196,none
6,57,61,30,20,24,80,77,43,38,10,46,196,none
7,49,72,30,20,28,81,76,45,40,10,52,196,none
8,41,87,30,20,28,81,77,47,42,10,59,196,chinese_base_accident
9,40,94,30,20,30,80,76,49,44,10,62,196,none
10,44,100,30,20,33,80,76,47,42,14,62,196,earth_tension
0,60,15,30,20,20,80,78,40,35,10,30,197,initial
1,60,23,30,20,19,80,78,40,35,10,32,197,none
2,59,30,30,20,21,80,78,40,35,10,35,197,none
3,66,34,30,20,18,80,78,40,35,10,34,197,none
4,67,44,30,20,15,80,78,41,36,10,36,197,none
5,58,53,30,20,21,79,79,42,37,10,42,197,none
6,50,64,30,20,25,79,79,43,38,10,48,197,none
7,59,68,30,20,27,79,80,44,39,10,47,197,new_ice_discovery
8,66,72,30,20,24,79,81,45,40,10,46,197,none
9,73,76,30,20,21,80,82,45,40,10,45,197,none
10,74,86,30,20,18,80,82,45,40,10,47,197,none
0,60,15,30,20,20,80,78,40,35,10,30,198,initial
1,64,20,35,20,20,80,79,40,35,22,33,198,japanese_breakthrough
2,57,33,35,20,22,81,79,40,35,22,39,198,none
3,57,42,35,20,22,81,79,41,36,22,42,198,none
4,62,43,35,20,24,81,79,42,37,22,42,198,none
5,61,50,35,20,26,81,79,43,38,22,45,198,none
6,67,53,35,20,26,81,79,44,39,22,45,198,none
7,73,56,35,20,30,81,80,44,39,27,45,198,india_transport_success
8,84,56,40,20,29,81,80,44,39,27,44,198,new_ice_discovery
9,83,63,40,20,31,81,80,44,39,27,47,198,none
10,81,68,40,20,35,81,80,44,39,27,50,198,none
0,60,15,30,20,20,80,78,40,35,10,30,199,initial
1,60,24,30,20,20,80,78,40,35,10,33,199,none
2,57,34,35,20,23,80,78,40,35,22,40,199,japanese_breakthrough
3,57,42,35,20,22,79,77,41,36,22,42,199,none
4,56,49,35,20,24,79,77,42,37,22,45,199,none
5,54,54,35,20,28,79,78,43,38,22,48,199,none
6,54,62,35,20,27,79,78,44,39,22,50,199,none
7,61,66,35,30,24,79,78,45,40,22,49,199,mars_breakthrough
8,67,68,35,30,23,79,77,46,41,22,48,199,none
9,60,81,35,30,25,78,77,48,43,22,54,199,none
10,59,88,35,30,27,78,76,50,45,22,57,199,none
0,60,15,30,20,20,80,78,40,35,10,30,200,initial
1,64,20,35,20,20,80,78,40,35,22,33,200,japanese_breakthrough
2,70,23,35,20,24,79,78,40,35,27,33,200,india_transport_success
3,77,27,35,20,21,79,77,39,34,27,32,200,none
4,76,34,35,20,23,80,76,38,33,27,35,200,none
5,83,38,35,20,20,81,76,37,32,27,34,200,none
6,91,43,35,20,14,82,76,37,32,27,32,200,none
7,98,47,35,20,11,83,76,33,28,27,27,200,earth_tension
8,96,56,35,20,11,84,75,33,28,27,30,200,none
9,98,60,35,20,8,84,74,33,28,27,29,200,none
10,98,64,35,20,5,83,75,33,28,27,28,200,none
0,60,15,30,20,20,80,78,40,35,10,30,201,initial
1,61,25,30,20,17,80,79,40,35,10,32,201,none
2,67,28,30,20,17,80,79,40,35,10,32,201,none
3,67,36,30,20,16,80,79,40,35,10,34,201,none
4,66,43,30,20,18,80,79,41,36,10,37,201,none
5,74,48,30,20,12,80,79,41,36,10,35,201,none
6,80,51,30,20,12,80,79,41,36,10,35,201,none
7,87,55,30,20,9,81,78,41,36,10,34,201,none
8,94,59,30,20,6,82,78,41,36,10,33,201,none
9,98,63,30,20,3,82,78,41,36,10,32,201,none
10,98,67,30,20,0,82,78,41,36,10,31,201,none
0,60,15,30,20,20,80,78,40,35,10,30,202,initial
1,61,25,30,20,17,80,78,40,35,10,32,202,none
2,62,35,30,20,14,80,78,40,35,10,34,202,none
3,62,43,30,20,13,80,77,41,36,10,36,202,none
4,62,52,30,20,13,80,77,42,37,10,39,202,none
5,69,56,30,20,10,80,78,43,38,10,38,202,none
6,76,60,30,20,7,80,77,43,38,10,37,202,none
7,83,64,30,20,4,80,77,43,38,10,36,202,none
8,84,74,30,20,1,81,77,43,38,10,38,202,none
9,91,78,30,20,0,80,78,43,38,10,37,202,none
10,98,82,36,20,0,79,78,43,38,10,38,202,scientific_discovery
0,60,15,30,20,20,80,78,40,35,10,30,203,initial
1,62,23,30,20,24,79,78,40,35,10,32,203,new_ice_discovery
2,69,26,30,20,20,80,78,40,35,10,30,203,none
3,64,36,30,20,25,80,78,40,35,14,34,203,none
4,63,43,30,20,27,80,78,41,36,14,37,203,none
5,64,53,30,20,24,81,78,42,37,14,39,203,none
6,71,57,30,20,25,81,79,42,37,19,38,203,india_transport_success
7,78,61,30,20,22,80,78,42,37,19,37,203,none
8,87,61,35,20,16,79,78,42,37,19,36,203,none
9,94,65,35,20,13,79,77,42,37,19,35,203,none
10,98,70,35,20,7,79,77,42,37,19,33,203,none
0,60,15,30,20,20,80,78,40,35,10,30,204,initial
1,66,17,30,20,19,79,78,40,35,10,29,204,none
2,65,24,30,20,21,79,77,40,35,10,32,204,none
3,72,28,30,20,18,79,76,39,34,10,31,204,none
4,78,31,30,20,22,79,77,38,33,15,31,204,india_transport_success
5,77,38,30,20,24,79,78,37,32,15,34,204,none
6,80,43,30,35,21,79,77,37,32,15,34,204,mars_breakthrough
7,83,50,30,35,21,80,77,37,32,19,34,204,none
8,91,55,30,35,15,79,76,37,32,19,32,204,none
9,90,62,30,35,17,78,76,37,32,19,35,204,none
10,90,70,30,35,16,78,75,37,32,19,37,204,none
0,60,15,30,20,20,80,78,40,35,10,30,205,initial
1,61,18,35,20,19,80,78,40,35,10,33,205,none
2,67,21,35,20,19,81,78,40,35,10,33,205,none
3,67,29,35,20,18,81,79,40,35,10,35,205,none
4,82,33,35,20,15,81,80,35,30,10,30,205,earth_tension
5,88,36,35,20,15,81,80,34,29,10,30,205,none
6,98,39,35,20,15,80,80,29,24,10,26,205,earth_tension
7,96,41,40,20,17,81,79,29,24,10,30,205,none
8,96,49,40,20,16,81,79,29,24,10,32,205,none
9,98,52,39,18,16,81,79,29,24,15,29,205,rare_unknown
10,95,59,39,18,18,82,79,29,24,15,32,205,none
0,60,15,30,20,20,80,78,40,35,10,30,206,initial
1,67,19,30,20,17,80,77,40,35,10,29,206,none
2,66,26,30,20,19,80,77,40,35,10,32,206,none
3,66,35,30,20,19,81,78,40,35,10,35,206,none
4,74,43,30,20,18,81,78,36,31,10,33,206,earth_tension
5,80,46,30,20,18,81,79,36,31,10,33,206,none
6,76,52,34,18,19,81,79,36,31,6,39,206,rare_unknown
7,75,59,34,18,21,82,80,36,31,6,42,206,none
8,75,67,34,18,20,82,81,36,31,6,44,206,none
9,82,70,34,18,16,82,82,36,31,6,42,206,none
10,81,77,34,18,18,82,81,36,31,6,45,206,none
0,60,15,30,20,20,80,78,40,35,10,30,207,initial
1,60,23,30,20,19,80,79,40,35,10,32,207,none
2,59,30,30,20,21,80,79,40,35,10,35,207,none
3,51,41,30,20,25,80,79,41,36,10,41,207,none
4,50,48,30,20,27,80,79,42,37,10,44,207,none
5,50,57,30,20,27,80,79,43,38,10,47,207,none
6,42,68,30,20,31,80,80,45,40,10,53,207,none
7,41,75,30,20,33,81,79,47,42,10,56,207,none
8,40,82,30,20,35,81,80,49,44,10,59,207,none
9,39,89,30,20,37,81,80,51,46,10,62,207,none
10,38,96,30,20,39,81,81,53,48,10,65,207,none
0,60,15,30,20,20,80,78,40,35,10,30,208,initial
1,60,24,30,20,20,81,78,40,35,10,33,208,none
2,59,31,30,20,22,81,77,40,35,10,36,208,none
3,57,36,30,20,26,81,77,40,35,10,39,208,none
4,57,48,30,20,26,81,77,41,36,18,44,208,japanese_breakthrough
5,57,56,30,20,25,81,77,42,37,18,46,208,none
6,64,60,30,20,22,82,77,43,38,18,45,208,none
7,71,64,30,20,19,82,77,43,38,18,44,208,none
8,66,74,30,20,24,82,76,44,39,22,48,208,none
9,66,82,30,20,23,83,76,45,40,22,50,208,none
10,62,94,30,20,26,82,77,47,42,26,54,208,none
0,60,15,30,20,20,80,78,40,35,10,30,209,initial
1,67,19,30,20,17,81,79,40,35,10,29,209,none
2,66,26,30,20,19,80,79,40,35,10,32,209,none
3,67,36,30,20,16,80,79,40,35,10,34,209,none
4,67,45,30,20,16,79,79,41,36,10,37,209,none
5,74,49,30,20,13,79,79,41,36,10,36,209,none
6,81,53,30,20,10,80,80,41,36,10,35,209,none
7,89,55,30,20,14,80,80,41,36,10,34,209,new_ice_discovery
8,96,59,30,20,11,79,81,41,36,10,33,209,none
9,95,66,30,20,13,79,82,41,36,10,36,209,none
10,94,73,30,20,15,80,82,41,36,10,39,209,none
0,60,15,30,20,20,80,78,40,35,10,30,210,initial
1,53,28,30,20,22,81,79,40,35,10,36,210,none
2,47,40,30,20,25,80,80,40,35,14,41,210,us_base_accident
3,55,48,30,20,24,80,80,37,32,14,39,210,earth_tension
4,62,52,30,20,21,80,81,38,33,14,38,210,none
5,69,56,30,20,18,80,80,39,34,14,37,210,none
6,69,64,30,20,17,80,79,40,35,14,39,210,none
7,69,73,30,20,17,80,78,41,36,14,42,210,none
8,77,78,30,20,11,81,78,41,36,14,40,210,none
9,84,76,35,20,11,81,77,41,36,14,41,210,none
10,84,84,35,20,10,81,77,41,36,14,43,210,none
0,60,15,30,20,20,80,78,40,35,10,30,211,initial
1,67,19,30,20,17,80,77,40,35,10,29,211,none
2,67,28,30,20,17,79,76,40,35,10,32,211,none
3,67,36,30,20,16,79,76,40,35,10,34,211,none
4,75,41,30,20,10,79,77,40,35,10,32,211,none
5,68,54,30,20,12,80,77,41,36,10,38,211,none
6,75,58,30,20,9,79,78,41,36,10,37,211,none
7,83,63,36,20,3,79,78,41,36,10,37,211,scientific_discovery
8,75,78,36,20,3,79,78,41,36,10,44,211,chinese_base_accident
9,73,87,36,20,3,79,78,41,36,10,48,211,chinese_base_accident
10,73,96,36,20,3,79,78,42,37,10,51,211,none
0,60,15,30,20,20,80,78,40,35,10,30,212,initial
1,52,26,30,20,24,80,78,40,35,10,36,212,none
2,52,34,30,20,23,81,77,40,35,10,38,212,none
3,59,38,30,20,20,81,77,40,35,10,37,212,none
4,59,46,30,20,19,80,78,41,36,10,39,212,none
5,65,49,30,20,23,79,77,42,37,15,39,212,india_transport_success
6,58,62,30,20,25,79,77,43,38,15,45,212,none
7,58,70,30,20,24,79,77,44,39,15,47,212,none
8,50,85,30,20,24,79,77,46,41,15,54,212,chinese_base_accident
9,45,95,30,20,29,78,76,48,43,19,58,212,none
10,52,99,30,20,26,79,76,50,45,19,57,212,none
0,60,15,30,20,20,80,78,40,35,10,30,213,initial
1,70,20,30,20,19,80,77,40,35,10,28,213,new_ice_discovery
2,73,27,30,20,19,80,78,39,34,14,28,213,none
3,70,37,35,20,22,79,78,39,34,26,35,213,japanese_breakthrough
4,72,42,35,20,24,79,78,39,34,30,35,213,none
5,74,48,35,20,31,79,78,39,34,39,36,213,india_transport_success
6,74,57,35,20,31,78,78,39,34,39,39,213,none
7,81,61,35,20,32,78,79,39,34,44,38,213,india_transport_success
8,90,65,35,20,37,78,79,35,30,48,35,213,earth_tension
9,90,72,36,25,39,79,79,35,30,44,43,213,rare_unknown
10,86,84,36,25,42,79,79,35,30,48,47,213,none
0,60,15,30,20,20,80,78,40,35,10,30,214,initial
1,59,22,30,20,22,79,77,40,35,10,33,214,none
2,61,28,30,20,29,78,77,40,35,19,34,214,india_transport_success
3,57,33,41,20,34,78,77,40,35,23,41,214,scientific_discovery
4,56,40,41,20,36,78,77,40,35,23,44,214,none
5,65,40,52,20,30,77,76,40,35,23,45,214,scientific_discovery
6,74,43,52,20,31,76,76,40,35,23,43,214,new_ice_discovery
7,73,50,52,20,33,76,77,40,35,23,46,214,none
8,73,59,52,20,33,75,77,40,35,23,49,214,none
9,80,63,52,20,30,76,76,40,35,23,48,214,none
10,80,71,52,20,29,77,77,40,35,23,50,214,none
0,60,15,30,20,20,80,78,40,35,10,30,215,initial
1,66,18,30,20,20,80,79,40,35,10,30,215,none
2,65,25,30,20,22,80,79,40,35,10,33,215,none
3,57,40,30,20,22,80,80,40,35,10,40,215,chinese_base_accident
4,65,45,30,20,16,80,81,41,36,10,38,215,none
5,71,48,30,20,16,80,81,41,36,10,38,215,none
6,78,52,30,20,13,79,81,41,36,10,37,215,none
7,86,57,30,20,7,78,82,41,36,10,35,215,none
8,94,62,30,20,1,78,82,41,36,10,33,215,none
9,98,66,30,20,0,79,82,41,36,10,32,215,none
10,96,75,30,20,0,78,82,41,36,10,36,215,us_base_accident
0,60,15,30,20,20,80,78,40,35,10,30,216,initial
1,52,26,30,20,24,80,77,40,35,10,36,216,none
2,51,33,30,20,26,80,77,40,35,10,39,216,none
3,57,35,30,20,25,80,77,40,35,10,38,216,none
4,64,39,30,20,22,80,77,40,35,10,37,216,none
5,59,49,30,20,27,80,76,41,36,14,41,216,none
6,61,55,30,20,34,80,75,42,37,23,42,216,india_transport_success
7,68,59,30,20,31,80,74,43,38,23,41,216,none
8,67,66,30,20,33,81,74,44,39,23,44,216,none
9,66,73,30,20,35,80,74,45,40,23,47,216,none
10,73,77,30,20,32,79,74,45,40,23,46,216,none
0,60,15,30,20,20,80,78,40,35,10,30,217,initial
1,63,22,30,20,20,80,78,40,35,14,30,217,none
2,71,27,36,20,14,80,78,39,34,14,30,217,scientific_discovery
3,70,34,36,20,16,81,79,39,34,14,33,217,none
4,70,43,36,20,16,81,79,40,35,14,36,217,none
5,78,48,36,20,10,81,80,40,35,14,34,217,none
6,86,53,36,20,4,81,81,40,35,14,32,217,none
7,92,56,36,20,4,81,80,40,35,14,32,217,none
8,98,59,36,20,4,81,80,36,31,14,28,217,earth_tension
9,98,63,36,20,6,82,80,36,31,14,27,217,new_ice_discovery
10,98,71,36,30,5,82,80,36,31,14,29,217,mars_breakthrough
0,60,15,30,20,20,80,78,40,35,10,30,218,initial
1,52,26,30,20,24,79,78,40,35,10,36,218,none
2,51,33,30,20,26,78,79,40,35,10,39,218,none
3,54,40,30,20,26,79,79,40,35,14,39,218,none
4,62,45,30,20,20,80,80,41,36,14,37,218,none
5,69,49,30,20,17,81,81,42,37,14,36,218,none
6,67,58,30,20,17,81,81,43,38,14,40,218,chinese_base_accident
7,75,63,30,20,11,81,81,43,38,14,38,218,none
8,71,75,30,20,18,80,81,43,38,23,42,218,india_transport_success
9,70,82,30,20,20,81,80,44,39,23,45,218,none
10,76,85,30,20,20,81,80,44,39,23,45,218,none
0,60,15,30,20,20,80,78,40,35,10,30,219,initial
1,60,24,30,20,20,80,78,40,35,10,33,219,none
2,59,31,30,20,22,80,78,40,35,10,36,219,none
3,66,35,30,20,19,79,79,40,35,10,35,219,none
4,61,45,30,20,24,79,79,41,36,14,39,219,none
5,53,56,30,20,28,80,79,42,37,14,45,219,none
6,45,67,30,20,32,80,78,44,39,14,51,219,none
7,37,78,30,20,36,80,78,46,41,14,57,219,none
8,36,85,30,20,38,80,78,48,43,14,60,219,none
9,27,98,30,20,40,81,78,50,45,14,67,219,us_base_accident
10,27,100,30,20,39,80,79,52,47,14,69,219,none
0,60,15,30,20,20,80,78,40,35,10,30,220,initial
1,60,23,30,20,19,80,79,40,35,10,32,220,none
2,60,32,30,20,19,79,80,40,35,10,35,220,none
3,61,42,30,20,16,78,80,41,36,10,37,220,none
4,69,47,36,20,10,77,81,42,37,10,37,220,scientific_discovery
5,76,51,36,20,7,77,81,42,37,10,36,220,none
6,83,55,36,20,4,77,81,42,37,10,35,220,none
7,90,59,36,20,1,78,81,42,37,10,34,220,none
8,86,71,36,20,8,78,81,42,37,19,38,220,india_transport_success
9,98,75,33,28,5,78,81,42,37,15,36,220,rare_unknown
10,98,79,33,28,2,77,81,42,37,15,35,220,none
0,60,15,30,20,20,80,78,40,35,10,30,221,initial
1,53,28,30,20,22,80,77,40,35,10,36,221,none
2,60,32,30,20,19,81,77,40,35,10,35,221,none
3,52,43,30,20,23,81,76,41,36,10,41,221,none
4,59,47,30,20,20,82,76,42,37,10,40,221,none
5,66,51,30,20,17,81,76,43,38,10,39,221,none
6,59,64,30,20,19,80,76,44,39,10,45,221,none
7,58,71,30,20,21,80,77,45,40,10,48,221,none
8,61,75,35,20,24,80,78,47,42,22,52,221,japanese_breakthrough
9,61,84,35,20,24,80,78,49,44,22,55,221,none
10,55,99,35,20,24,80,78,51,46,22,61,221,none
0,60,15,30,20,20,80,78,40,35,10,30,222,initial
1,60,24,30,20,20,79,78,40,35,10,33,222,none
2,56,32,35,20,25,80,77,40,35,22,40,222,japanese_breakthrough
3,56,41,35,20,25,79,78,41,36,22,43,222,none
4,59,48,35,20,25,78,78,42,37,26,43,222,none
5,51,59,35,20,29,79,78,43,38,26,49,222,none
6,43,70,35,20,33,79,78,45,40,26,55,222,none
7,50,74,41,20,30,79,79,47,42,26,56,222,scientific_discovery
8,50,82,41,20,29,80,78,49,44,26,58,222,none
9,58,87,41,20,23,81,78,51,46,26,56,222,none
10,58,96,41,20,27,80,79,53,48,31,59,222,india_transport_success
0,60,15,30,20,20,80,78,40,35,10,30,223,initial
1,60,23,30,20,19,79,79,40,35,10,32,223,none
2,60,31,30,20,18,78,79,40,35,10,34,223,none
3,59,38,30,20,20,78,80,40,35,10,37,223,none
4,51,49,30,20,24,78,80,41,36,10,43,223,none
5,50,56,30,20,26,78,80,42,37,10,46,223,none
6,57,60,30,20,23,78,80,43,38,10,45,223,none
7,57,68,30,20,22,78,81,44,39,10,47,223,none
8,64,72,30,20,19,78,81,45,40,10,46,223,none
9,71,76,30,30,16,78,80,45,40,10,45,223,mars_breakthrough
10,78,80,30,30,13,79,81,45,40,10,44,223,none
0,60,15,30,20,20,80,78,40,35,10,30,224,initial
1,52,26,30,20,24,80,79,40,35,10,36,224,none
2,52,35,30,20,24,80,80,40,35,10,39,224,none
3,59,39,30,20,21,79,80,40,35,10,38,224,none
4,60,45,30,20,27,79,80,41,36,10,40,224,new_ice_discovery
5,59,51,30,20,28,80,80,42,37,10,42,224,none
6,59,60,30,20,28,80,80,43,38,10,45,224,none
7,65,63,30,20,28,79,80,44,39,10,45,224,none
8,64,70,30,20,30,79,80,45,40,10,48,224,none
9,56,81,30,20,34,79,81,47,42,10,54,224,none
10,55,88,30,20,36,80,80,49,44,10,57,224,none
0,60,15,30,20,20,80,78,40,35,10,30,225,initial
1,59,22,30,20,22,80,78,40,35,10,33,225,none
2,62,29,36,28,24,80,79,40,35,14,31,225,rare_unknown
3,69,33,36,28,21,79,78,40,35,14,30,225,none
4,70,43,36,28,18,79,79,41,36,14,32,225,none
5,76,46,36,28,18,80,79,41,36,14,32,225,none
6,83,50,36,28,15,80,80,41,36,14,31,225,none
7,83,58,36,28,14,80,79,41,36,14,33,225,none
8,90,62,36,28,11,81,80,41,36,14,32,225,none
9,97,66,36,28,8,80,80,41,36,14,31,225,none
10,89,77,36,28,12,81,79,41,36,14,37,225,none
0,60,15,30,20,20,80,78,40,35,10,30,226,initial
1,59,22,30,20,22,80,78,40,35,10,33,226,none
2,66,26,30,20,19,80,79,40,35,10,32,226,none
3,65,33,30,20,21,80,80,40,35,10,35,226,none
4,72,37,30,20,18,80,80,39,34,10,34,226,none
5,71,44,30,20,20,79,80,39,34,10,37,226,none
6,78,48,30,20,17,79,80,39,34,10,36,226,none
7,85,52,30,20,14,79,81,39,34,10,35,226,none
8,82,55,26,19,10,78,82,39,34,20,35,226,rare_unknown
9,78,67,26,19,17,78,82,39,34,29,39,226,india_transport_success
10,85,71,26,19,14,78,82,39,34,29,38,226,none
0,60,15,30,20,20,80,78,40,35,10,30,227,initial
1,60,23,30,20,19,81,78,40,35,10,32,227,none
2,57,33,35,20,22,81,77,40,35,22,39,227,japanese_breakthrough
3,49,48,35,20,22,81,78,41,36,22,46,227,chinese_base_accident
4,58,58,35,20,19,81,77,38,33,22,44,227,earth_tension
5,65,62,35,20,16,81,77,39,34,22,43,227,none
6,64,69,35,20,18,81,77,40,35,22,46,227,none
7,71,73,35,20,15,81,77,40,35,22,45,227,none
8,78,77,35,20,12,80,77,40,35,22,44,227,none
9,78,86,35,20,12,80,77,40,35,22,47,227,none
10,70,97,35,20,16,80,76,42,37,22,53,227,none
0,60,15,30,20,20,80,78,40,35,10,30,228,initial
1,60,23,30,20,19,81,77,40,35,10,32,228,none
2,60,32,30,20,19,81,78,40,35,10,35,228,none
3,63,39,36,20,19,81,78,40,35,14,37,228,scientific_discovery
4,69,42,36,20,19,82,78,41,36,14,37,228,none
5,76,46,36,20,16,82,78,41,36,14,36,228,none
6,75,53,36,20,18,82,78,41,36,14,39,228,none
7,67,68,36,20,18,82,78,42,37,14,46,228,chinese_base_accident
8,69,74,36,20,25,82,79,43,38,23,47,228,india_transport_success
9,76,78,36,20,22,81,79,43,38,23,46,228,none
10,84,83,42,20,16,81,80,43,38,23,46,228,scientific_discovery
0,60,15,30,20,20,80,78,40,35,10,30,229,initial
1,60,23,30,20,19,80,78,40,35,10,32,229,none
2,59,30,30,20,21,79,78,40,35,10,35,229,none
3,66,34,30,20,18,78,77,40,35,10,34,229,none
4,58,45,30,20,22,77,77,41,36,10,40,229,none
5,61,52,30,20,22,76,78,42,37,14,40,229,none
6,60,59,30,20,24,76,78,43,38,14,43,229,none
7,66,62,30,20,24,75,78,44,39,14,43,229,none
8,73,66,30,20,21,75,78,44,39,14,42,229,none
9,72,73,30,20,23,76,77,44,39,14,45,229,none
10,79,77,30,20,20,76,77,44,39,14,44,229,none
0,60,15,30,20,20,80,78,40,35,10,30,230,initial
1,69,15,41,20,14,81,78,40,35,10,31,230,scientific_discovery
2,65,27,41,20,17,81,78,40,35,14,35,230,none
3,64,34,41,20,19,81,78,40,35,14,38,230,none
4,71,38,41,20,16,81,79,39,34,14,37,230,none
5,63,49,41,20,20,81,80,40,35,14,43,230,none
6,63,57,41,20,19,80,80,41,36,14,45,230,none
7,72,57,52,20,13,80,80,41,36,14,46,230,scientific_discovery
8,80,62,52,20,7,80,80,41,36,14,44,230,none
9,80,71,52,20,7,80,80,41,36,14,47,230,none
10,81,81,52,20,4,81,80,41,36,14,49,230,none
0,60,15,30,20,20,80,78,40,35,10,30,231,initial
1,59,22,30,20,22,81,79,40,35,10,33,231,none
2,65,25,30,20,22,81,78,40,35,10,33,231,none
3,71,28,30,20,22,81,79,39,34,10,33,231,none
4,78,32,30,20,19,81,79,38,33,10,32,231,none
5,93,30,35,20,19,81,79,33,28,10,29,231,earth_tension
6,91,39,35,20,19,81,79,32,27,10,33,231,us_base_accident
7,98,43,35,20,16,81,80,32,27,10,32,231,none
8,98,48,35,20,10,81,81,32,27,10,30,231,none
9,98,55,35,20,10,82,81,32,27,14,30,231,none
10,98,60,35,20,4,83,81,32,27,14,28,231,none
0,60,15,30,20,20,80,78,40,35,10,30,232,initial
1,63,20,30,35,17,80,77,40,35,10,30,232,mars_breakthrough
2,70,24,30,35,14,81,77,40,35,10,29,232,none
3,73,29,30,50,11,81,76,39,34,10,29,232,mars_breakthrough
4,79,32,30,50,11,81,75,38,33,10,29,232,none
5,86,36,30,50,8,81,76,37,32,10,28,232,none
6,78,51,30,50,8,82,76,37,32,10,35,232,chinese_base_accident
7,77,58,30,50,10,82,76,37,32,10,38,232,none
8,85,63,30,50,4,82,77,37,32,10,36,232,none
9,92,67,30,50,1,83,78,37,32,10,35,232,none
10,93,77,30,50,0,83,77,37,32,10,37,232,none
0,60,15,30,20,20,80,78,40,35,10,30,233,initial
1,66,18,30,20,20,79,78,40,35,10,30,233,none
2,73,22,30,20,17,79,77,39,34,10,29,233,none
3,81,25,30,23,17,78,78,38,33,9,25,233,rare_unknown
4,80,32,30,23,19,79,77,37,32,9,28,233,none
5,88,37,30,23,13,79,77,36,31,9,26,233,none
6,91,44,30,23,13,78,76,36,31,13,26,233,none
7,98,48,30,23,10,79,76,36,31,13,25,233,none
8,94,60,30,23,13,79,76,36,31,17,29,233,none
9,98,64,30,23,10,78,76,36,31,17,28,233,none
10,97,67,30,33,6,77,76,36,31,17,26,233,mars_breakthrough
0,60,15,30,20,20,80,78,40,35,10,30,234,initial
1,76,20,30,20,14,81,78,35,30,10,24,234,earth_tension
2,75,27,30,20,16,81,77,34,29,10,27,234,none
3,83,32,36,20,10,82,78,33,28,10,27,234,scientific_discovery
4,91,37,36,20,4,81,78,32,27,10,25,234,none
5,90,44,36,20,6,82,78,32,27,10,28,234,none
6,96,47,36,20,6,82,78,32,27,10,28,234,none
7,98,50,36,20,6,83,78,32,27,10,28,234,none
8,98,54,36,20,3,84,78,32,27,10,27,234,none
9,98,58,36,20,0,84,78,32,27,10,26,234,none
10,98,63,36,20,0,85,78,32,27,10,25,234,chinese_base_accident
0,60,15,30,20,20,80,78,40,35,10,30,235,initial
1,54,27,30,20,23,80,78,40,35,14,35,235,us_base_accident
2,57,37,30,20,23,79,78,40,35,26,37,235,japanese_breakthrough
3,57,45,30,20,22,79,77,41,36,26,39,235,none
4,57,53,30,20,21,80,77,42,37,26,41,235,none
5,57,62,30,20,21,81,78,43,38,26,44,235,none
6,64,66,30,20,18,81,78,44,39,26,43,235,none
7,69,67,30,20,20,82,78,45,40,26,43,235,none
8,75,70,30,20,20,82,78,45,40,26,43,235,none
9,75,79,30,20,20,82,77,45,40,26,46,235,none
10,82,83,30,20,17,83,77,45,40,26,45,235,none
0,60,15,30,20,20,80,78,40,35,10,30,236,initial
1,68,20,36,20,14,80,77,40,35,10,30,236,scientific_discovery
2,75,24,36,20,11,80,78,39,34,10,29,236,none
3,67,35,36,20,15,79,78,39,34,10,35,236,none
4,66,42,36,20,17,80,78,40,35,10,38,236,none
5,57,51,36,20,23,80,78,41,36,10,44,236,none
6,56,58,36,20,25,80,78,42,37,10,47,236,none
7,56,66,36,20,24,80,79,43,38,10,49,236,none
8,55,76,36,20,21,79,79,45,40,10,52,236,chinese_base_accident
9,63,81,36,20,15,79,79,46,41,10,50,236,none
10,55,92,36,20,19,79,80,48,43,10,56,236,none
0,60,15,30,20,20,80,78,40,35,10,30,237,initial
1,60,23,30,20,19,81,77,40,35,10,32,237,none
2,52,38,30,20,19,81,77,40,35,10,39,237,us_base_accident
3,51,45,30,20,21,81,76,41,36,10,42,237,none
4,58,52,30,20,18,82,76,42,37,18,43,237,japanese_breakthrough
5,58,61,30,20,18,81,77,43,38,18,46,237,none
6,51,74,30,20,20,81,77,45,40,18,52,237,none
7,43,89,30,20,20,80,77,47,42,18,59,237,chinese_base_accident
8,51,98,30,20,20,79,77,45,40,18,58,237,earth_tension
9,43,100,30,20,24,79,76,47,42,18,64,237,none
10,50,100,30,20,21,79,77,49,44,18,63,237,none
0,60,15,30,20,20,80,78,40,35,10,30,238,initial
1,68,20,30,20,14,80,78,40,35,10,28,238,none
2,60,31,30,20,18,79,78,40,35,10,34,238,none
3,61,41,30,20,15,80,77,41,36,10,36,238,none
4,68,45,30,20,12,81,78,42,37,10,35,238,none
5,60,56,30,20,16,81,78,43,38,10,41,238,none
6,69,56,41,20,10,82,77,44,39,10,42,238,scientific_discovery
7,70,66,41,20,7,81,77,45,40,10,44,238,none
8,77,70,41,20,4,81,77,45,40,10,43,238,none
9,85,69,46,30,1,80,77,45,40,10,43,238,mars_breakthrough
10,92,73,46,30,0,80,76,45,40,10,42,238,none
0,60,15,30,20,20,80,78,40,35,10,30,239,initial
1,56,25,41,30,20,80,79,40,35,8,36,239,rare_unknown
2,52,37,41,30,27,80,79,40,35,17,40,239,india_transport_success
3,51,44,41,30,29,79,79,41,36,17,43,239,none
4,57,46,41,40,28,78,79,42,37,17,42,239,mars_breakthrough
5,64,50,41,40,25,77,78,43,38,17,41,239,none
6,64,58,41,40,24,77,78,44,39,17,43,239,none
7,64,66,41,40,23,77,78,45,40,17,45,239,none
8,64,74,41,40,22,77,77,46,41,17,47,239,none
9,70,77,41,40,22,77,77,47,42,17,47,239,none
10,69,84,41,40,24,77,78,48,43,17,50,239,none
0,60,15,30,20,20,80,78,40,35,10,30,240,initial
1,66,18,30,20,20,81,78,40,35,10,30,240,none
2,66,27,30,20,20,81,78,40,35,10,33,240,none
3,58,38,30,20,24,81,79,40,35,10,39,240,none
4,58,47,30,20,24,80,79,41,36,10,42,240,none
5,61,52,30,35,21,80,79,42,37,10,42,240,mars_breakthrough
6,64,56,35,35,24,81,79,43,38,22,46,240,japanese_breakthrough
7,63,63,35,35,26,81,78,44,39,22,49,240,none
8,71,68,35,35,20,81,79,44,39,22,47,240,none
9,63,83,35,35,20,80,79,46,41,22,54,240,chinese_base_accident
10,61,92,35,35,20,80,80,48,43,22,58,240,chinese_base_accident
0,60,15,30,20,20,80,78,40,35,10,30,241,initial
1,55,25,30,20,25,81,77,40,35,14,34,241,none
2,48,38,30,20,27,81,76,40,35,14,40,241,none
3,50,42,30,25,27,80,75,41,36,14,41,241,none
4,59,42,41,25,21,80,75,42,37,14,42,241,scientific_discovery
5,67,47,41,25,15,80,74,43,38,14,40,241,none
6,66,54,41,25,17,79,74,44,39,14,43,241,none
7,80,57,41,25,17,79,73,40,35,14,39,241,earth_tension
8,88,62,41,25,11,79,73,40,35,14,37,241,none
9,95,66,41,25,8,79,73,40,35,14,36,241,none
10,98,70,41,25,5,79,73,40,35,14,35,241,none
0,60,15,30,20,20,80,78,40,35,10,30,242,initial
1,59,22,30,20,22,81,78,40,35,10,33,242,none
2,59,30,30,20,21,81,78,40,35,10,35,242,none
3,58,37,30,20,23,80,77,40,35,10,38,242,none
4,63,44,30,20,28,81,78,41,36,14,38,242,new_ice_discovery
5,55,55,30,20,32,81,78,42,37,14,44,242,none
6,55,63,30,20,31,81,78,43,38,14,46,242,none
7,50,73,30,20,36,80,78,44,39,18,50,242,none
8,50,81,30,20,35,80,77,46,41,18,52,242,none
9,49,88,30,20,37,80,77,48,43,18,55,242,none
10,42,94,35,20,41,79,77,50,45,18,62,242,none
0,60,15,30,20,20,80,78,40,35,10,30,243,initial
1,64,18,30,20,20,80,78,40,35,10,31,243,chinese_base_accident
2,59,28,30,20,25,80,79,40,35,14,35,243,none
3,61,32,30,35,25,79,79,40,35,14,36,243,mars_breakthrough
4,68,36,30,45,22,79,79,40,35,14,35,243,mars_breakthrough
5,78,35,35,45,24,78,79,39,34,14,35,243,new_ice_discovery
6,73,45,35,45,29,78,80,39,34,18,39,243,none
7,81,50,35,55,23,79,80,39,34,18,37,243,mars_breakthrough
8,82,60,35,55,20,79,80,39,34,18,39,243,none
9,97,64,35,55,17,79,80,35,30,18,34,243,earth_tension
10,98,68,35,55,14,78,79,35,30,18,34,243,us_base_accident
0,60,15,30,20,20,80,78,40,35,10,30,244,initial
1,68,14,41,20,17,81,79,40,35,10,32,244,scientific_discovery
2,75,21,41,20,19,81,79,35,30,10,31,244,earth_tension
3,66,30,41,20,25,81,78,35,30,10,37,244,none
4,74,29,52,20,22,81,78,34,29,10,39,244,scientific_discovery
5,74,38,52,20,22,81,78,33,28,10,42,244,none
6,81,42,52,20,19,82,78,33,28,10,41,244,none
7,83,45,52,35,18,82,78,33,28,10,41,244,mars_breakthrough
8,84,55,52,35,15,82,77,33,28,10,43,244,none
9,91,59,52,35,12,82,78,33,28,10,42,244,none
10,91,68,52,35,12,81,78,33,28,10,45,244,none
0,60,15,30,20,20,80,78,40,35,10,30,245,initial
1,59,22,30,20,22,80,78,40,35,10,33,245,none
2,58,29,30,20,24,79,78,40,35,10,36,245,none
3,57,36,30,20,26,79,78,40,35,10,39,245,none
4,49,51,30,20,26,79,77,41,36,10,46,245,us_base_accident
5,42,64,30,20,28,80,77,43,38,10,52,245,none
6,48,67,30,20,28,79,77,45,40,10,52,245,none
7,47,73,30,20,29,79,76,47,42,10,54,245,none
8,53,75,30,20,28,78,77,49,44,10,53,245,none
9,45,86,30,20,32,79,77,51,46,10,59,245,none
10,53,91,30,20,26,79,77,53,48,10,57,245,none
0,60,15,30,20,20,80,78,40,35,10,30,246,initial
1,59,22,30,20,22,80,77,40,35,10,33,246,none
2,51,33,30,20,26,79,77,40,35,10,39,246,none
3,54,40,30,20,26,79,76,40,35,14,39,246,none
4,61,44,30,20,23,79,76,41,36,14,38,246,none
5,61,53,30,20,23,80,75,42,37,14,41,246,none
6,60,60,30,20,25,80,75,43,38,14,44,246,none
7,76,65,30,20,19,80,75,39,34,14,38,246,earth_tension
8,83,69,30,20,16,80,75,39,34,14,37,246,none
9,92,69,41,20,10,80,76,39,34,14,38,246,scientific_discovery
10,98,72,41,20,10,80,76,39,34,14,38,246,none
0,60,15,30,20,20,80,78,40,35,10,30,247,initial
1,60,24,30,20,20,81,78,40,35,10,33,247,none
2,52,35,30,20,24,81,78,40,35,10,39,247,none
3,52,43,30,20,23,81,78,41,36,10,41,247,none
4,59,47,30,20,20,80,79,42,37,10,40,247,none
5,59,55,30,20,19,80,78,43,38,10,42,247,none
6,59,64,30,20,19,81,78,44,39,10,45,247,none
7,51,75,30,20,23,81,77,46,41,10,51,247,none
8,51,84,30,20,23,80,76,48,43,10,54,247,none
9,50,91,30,20,25,80,75,50,45,10,57,247,none
10,58,96,30,20,19,79,75,52,47,10,55,247,none
0,60,15,30,20,20,80,78,40,35,10,30,248,initial
1,68,20,30,20,14,80,79,40,35,10,28,248,none
2,76,22,30,20,18,81,79,39,34,10,27,248,new_ice_discovery
3,77,32,30,20,15,81,79,38,33,10,29,248,none
4,78,42,30,20,12,81,78,38,33,10,31,248,none
5,77,49,30,20,14,81,78,38,33,10,34,248,none
6,75,54,30,20,18,82,78,38,33,10,37,248,none
7,81,57,30,20,18,81,78,38,33,10,37,248,none
8,88,61,30,20,15,81,77,38,33,10,36,248,none
9,87,68,30,20,17,81,77,38,33,10,39,248,none
10,86,75,30,20,19,81,76,38,33,10,42,248,none
0,60,15,30,20,20,80,78,40,35,10,30,249,initial
1,51,28,30,20,22,80,78,40,35,10,37,249,chinese_base_accident
2,58,32,30,20,19,79,78,40,35,10,36,249,none
3,54,44,30,20,22,79,77,41,36,14,40,249,none
4,58,49,35,20,22,80,78,42,37,26,43,249,japanese_breakthrough
5,58,57,35,20,21,80,77,43,38,26,45,249,none
6,50,68,35,20,25,80,77,45,40,26,51,249,none
7,42,79,35,20,29,80,77,47,42,26,57,249,none
8,41,86,35,20,31,80,77,49,44,26,60,249,none
9,41,88,40,20,33,79,77,51,46,26,64,249,none
10,44,95,40,20,33,79,76,53,48,30,64,249,none
0,60,15,30,20,20,80,78,40,35,10,30,250,initial
1,58,24,30,20,20,80,78,40,35,10,34,250,us_base_accident
2,65,28,30,20,17,79,79,40,35,10,33,250,none
3,60,38,30,20,26,79,78,40,35,19,37,250,india_transport_success
4,60,47,30,20,26,79,78,41,36,19,40,250,none
5,59,54,30,20,28,79,78,42,37,19,43,250,none
6,62,61,30,20,32,79,78,43,38,28,43,250,india_transport_success
7,69,65,30,20,29,78,78,44,39,28,42,250,none
8,76,69,30,20,26,79,79,44,39,28,41,250,none
9,83,73,30,20,23,80,80,44,39,28,40,250,none
10,82,80,30,20,25,80,79,44,39,28,43,250,none
0,60,15,30,20,20,80,78,40,35,10,30,251,initial
1,58,20,30,20,24,80,78,40,35,10,33,251,none
2,57,27,30,20,26,80,78,40,35,10,36,251,none
3,63,30,30,20,26,80,78,40,35,10,36,251,none
4,67,35,35,20,26,81,78,40,35,22,39,251,japanese_breakthrough
5,75,34,40,20,23,81,78,39,34,22,39,251,none
6,83,33,51,20,20,80,78,38,33,22,41,251,scientific_discovery
7,91,32,56,20,17,81,77,37,32,22,41,251,none
8,90,39,56,20,19,81,77,36,31,22,44,251,none
9,92,42,56,35,18,80,76,36,31,22,44,251,mars_breakthrough
10,98,46,56,45,15,80,76,36,31,22,43,251,mars_breakthrough
0,60,15,30,20,20,80,78,40,35,10,30,252,initial
1,52,26,30,20,24,80,78,40,35,10,36,252,none
2,59,30,30,20,21,80,78,40,35,10,35,252,none
3,51,45,30,20,21,80,78,41,36,10,42,252,chinese_base_accident
4,58,49,30,20,18,80,79,42,37,10,41,252,none
5,58,57,30,20,17,80,78,43,38,10,43,252,none
6,66,62,30,20,11,80,78,44,39,10,41,252,none
7,58,77,30,20,11,81,78,45,40,10,48,252,us_base_accident
8,58,85,30,20,10,80,78,46,41,10,50,252,none
9,65,89,30,20,7,80,79,47,42,10,49,252,none
10,66,92,35,20,6,79,79,49,44,10,52,252,none
0,60,15,30,20,20,80,78,40,35,10,30,253,initial
1,61,25,30,20,17,81,78,40,35,10,32,253,none
2,61,33,30,20,16,81,78,40,35,10,34,253,none
3,60,40,30,20,18,81,79,40,35,10,37,253,none
4,67,44,30,20,15,81,80,41,36,10,36,253,none
5,74,48,30,20,12,81,80,41,36,10,35,253,none
6,74,56,30,20,11,81,79,41,36,10,37,253,none
7,73,63,30,20,13,81,80,41,36,10,40,253,none
8,66,76,30,20,15,82,79,42,37,10,46,253,none
9,66,84,30,20,14,82,79,43,38,10,48,253,none
10,78,87,27,30,14,82,79,43,38,14,46,253,rare_unknown
0,60,15,30,20,20,80,78,40,35,10,30,254,initial
1,60,23,30,20,19,80,79,40,35,10,32,254,none
2,60,32,30,20,19,80,79,40,35,10,35,254,none
3,59,39,30,20,21,81,80,40,35,10,38,254,none
4,60,46,35,20,21,81,80,41,36,18,44,254,japanese_breakthrough
5,59,53,35,20,23,82,79,42,37,18,47,254,none
6,66,57,35,20,20,82,80,43,38,18,46,254,none
7,66,65,35,20,19,81,81,44,39,18,48,254,none
8,59,78,35,20,21,81,81,46,41,18,54,254,none
9,58,85,35,20,23,82,81,48,43,18,57,254,none
10,58,93,35,20,22,82,81,50,45,18,59,254,none
0,60,15,30,20,20,80,78,40,35,10,30,255,initial
1,58,25,32,19,17,80,78,40,35,17,36,255,rare_unknown
2,50,36,32,19,21,80,78,40,35,17,42,255,none
3,58,41,32,19,15,80,78,41,36,17,40,255,none
4,65,45,32,19,12,80,78,42,37,17,39,255,none
5,64,52,32,19,14,81,78,43,38,17,42,255,none
6,59,62,32,19,19,81,78,44,39,21,46,255,none
7,53,74,32,19,22,81,78,46,41,25,51,255,us_base_accident
8,54,84,32,19,19,81,78,48,43,25,53,255,none
9,46,99,32,19,19,80,79,50,45,25,60,255,chinese_base_accident
10,39,100,32,19,21,80,79,52,47,25,66,255,none
0,60,15,30,20,20,80,78,40,35,10,30,256,initial
1,69,18,30,20,21,80,79,40,35,10,28,256,new_ice_discovery
2,68,25,30,20,23,79,79,40,35,10,31,256,none
3,60,36,30,20,27,78,80,40,35,10,37,256,none
4,56,48,30,20,30,78,80,41,36,14,41,256,none
5,48,59,30,20,34,78,81,42,37,14,47,256,none
6,57,59,41,20,28,78,81,43,38,14,48,256,scientific_discovery
7,56,66,41,20,30,79,81,45,40,14,51,256,none
8,48,81,41,20,30,79,81,47,42,14,58,256,chinese_base_accident
9,47,88,41,20,32,79,81,49,44,14,61,256,none
10,46,95,41,20,34,78,81,51,46,14,64,256,none
0,60,15,30,20,20,80,78,40,35,10,30,257,initial
1,59,22,30,20,22,80,78,40,35,10,33,257,none
2,62,27,30,35,19,80,78,40,35,10,33,257,mars_breakthrough
3,63,37,30,35,16,80,78,40,35,10,35,257,none
4,71,36,35,35,13,81,78,39,34,10,35,257,none
5,78,40,35,35,10,80,78,38,33,10,34,257,none
6,86,45,35,35,4,79,79,38,33,10,32,257,none
7,86,53,35,35,3,80,80,38,33,10,34,257,none
8,95,53,46,35,0,79,79,38,33,10,35,257,scientific_discovery
9,98,57,46,35,0,80,79,38,33,10,34,257,none
10,98,61,46,35,0,79,80,38,33,10,33,257,none
0,60,15,30,20,20,80,78,40,35,10,30,258,initial
1,63,23,30,20,19,80,78,40,35,20,25,258,rare_unknown
2,62,30,30,20,21,80,77,40,35,20,28,258,none
3,65,37,30,20,21,80,77,40,35,24,28,258,none
4,70,41,30,20,18,80,77,41,36,24,28,258,chinese_base_accident
5,78,46,30,20,12,79,78,41,36,24,26,258,none
6,85,50,36,20,9,79,79,41,36,24,27,258,scientific_discovery
7,85,59,36,20,9,79,79,41,36,24,30,258,none
8,91,62,36,20,13,79,80,41,36,29,30,258,india_transport_success
9,94,69,36,20,13,79,80,41,36,33,30,258,none
10,98,73,36,20,10,78,79,41,36,33,29,258,none
0,60,15,30,20,20,80,78,40,35,10,30,259,initial
1,61,25,30,20,17,79,77,40,35,10,32,259,none
2,61,33,30,20,16,79,76,40,35,10,34,259,none
3,68,37,30,20,13,80,76,40,35,10,33,259,none
4,68,45,30,20,12,80,76,41,36,10,35,259,none
5,76,50,36,20,6,79,75,41,36,10,35,259,scientific_discovery
6,86,55,36,20,5,79,76,41,36,10,33,259,new_ice_discovery
7,93,59,36,20,2,79,75,41,36,10,32,259,none
8,98,63,36,20,0,79,76,41,36,10,31,259,none
9,97,66,36,20,2,79,76,41,36,10,29,259,new_ice_discovery
10,96,75,36,20,2,78,76,41,36,10,32,259,none
0,60,15,30,20,20,80,78,40,35,10,30,260,initial
1,67,19,30,20,17,80,79,40,35,10,29,260,none
2,66,26,30,20,19,80,78,40,35,10,32,260,none
3,65,32,30,20,20,81,78,40,35,10,34,260,none
4,64,39,30,20,22,81,79,40,35,10,37,260,none
5,63,46,30,20,24,81,79,41,36,10,40,260,none
6,62,53,30,20,26,81,78,42,37,10,43,260,none
7,54,64,30,20,30,82,77,43,38,10,49,260,none
8,61,68,30,20,27,82,77,44,39,10,48,260,none
9,69,73,30,20,21,81,77,45,40,10,46,260,none
10,76,77,30,20,18,81,76,45,40,10,45,260,none
0,60,15,30,20,20,80,78,40,35,10,30,261,initial
1,53,28,30,20,22,79,77,40,35,10,36,261,none
2,60,32,30,20,19,79,78,40,35,10,35,261,none
3,59,39,30,20,21,78,78,40,35,10,38,261,none
4,59,47,30,20,20,78,78,41,36,10,40,261,none
5,51,58,30,20,24,78,78,42,37,10,46,261,none
6,52,68,30,20,21,79,79,43,38,10,48,261,none
7,51,78,30,20,18,79,79,45,40,10,51,261,chinese_base_accident
8,51,87,30,20,18,80,79,47,42,10,54,261,none
9,51,95,30,20,17,80,78,49,44,10,56,261,none
10,60,95,35,20,11,80,77,51,46,10,55,261,none
0,60,15,30,20,20,80,78,40,35,10,30,262,initial
1,60,24,30,20,20,79,78,40,35,10,33,262,none
2,67,28,30,20,17,79,78,40,35,10,32,262,none
3,74,32,30,20,14,79,79,39,34,10,31,262,none
4,81,36,30,20,11,80,79,38,33,10,30,262,none
5,87,39,30,20,11,80,80,37,32,10,30,262,none
6,93,42,30,20,11,80,80,37,32,10,30,262,none
7,98,45,30,20,11,81,81,37,32,10,30,262,none
8,96,54,30,20,11,81,81,37,32,10,33,262,none
9,96,62,30,20,10,80,80,37,32,10,35,262,none
10,95,69,30,20,12,79,79,37,32,10,38,262,none
0,60,15,30,20,20,80,78,40,35,10,30,263,initial
1,68,20,30,20,14,80,78,40,35,10,28,263,none
2,68,29,30,20,14,79,78,40,35,10,31,263,none
3,69,39,30,20,11,79,78,40,35,10,33,263,none
4,75,42,30,20,11,80,77,40,35,10,33,263,none
5,83,47,30,20,5,80,76,40,35,10,31,263,none
6,98,52,30,20,0,80,76,36,31,10,25,263,earth_tension
7,98,56,30,20,0,81,77,36,31,10,24,263,none
8,98,59,30,20,0,80,78,36,31,10,24,263,none
9,95,67,30,20,2,79,79,36,31,10,26,263,none
10,95,75,30,20,1,79,79,36,31,10,28,263,none
0,60,15,30,20,20,80,78,40,35,10,30,264,initial
1,52,26,30,20,24,80,77,40,35,10,36,264,none
2,53,36,30,20,21,80,77,40,35,10,38,264,none
3,53,44,30,20,20,80,78,41,36,10,40,264,none
4,55,49,41,20,17,81,78,42,37,10,45,264,scientific_discovery
5,62,53,41,20,14,82,78,43,38,10,44,264,none
6,70,58,41,20,8,83,79,44,39,10,42,264,none
7,70,66,41,20,7,83,80,45,40,10,44,264,none
8,70,74,41,20,6,84,80,46,41,10,46,264,none
9,77,78,41,20,3,83,80,46,41,10,45,264,none
10,85,83,41,20,0,83,80,46,41,10,43,264,none
0,60,15,30,20,20,80,78,40,35,10,30,265,initial
1,58,24,30,20,20,79,79,40,35,10,34,265,us_base_accident
2,50,39,30,20,20,79,79,40,35,10,41,265,chinese_base_accident
3,45,49,30,20,25,80,78,41,36,14,45,265,none
4,44,55,30,20,26,80,79,42,37,14,47,265,none
5,43,62,30,20,32,80,79,43,38,19,50,265,india_transport_success
6,39,74,30,20,39,80,79,45,40,28,54,265,india_transport_success
7,39,83,30,20,39,80,78,47,42,28,57,265,none
8,38,90,30,20,41,80,79,49,44,28,60,265,none
9,38,99,30,20,41,80,79,51,46,28,63,265,none
10,38,100,30,20,40,79,79,53,48,28,65,265,none
0,60,15,30,20,20,80,78,40,35,10,30,266,initial
1,60,24,30,20,20,80,78,40,35,10,33,266,none
2,61,34,30,20,17,80,78,40,35,10,35,266,none
3,54,47,30,20,19,80,78,41,36,10,41,266,none
4,54,56,30,20,19,81,78,42,37,10,44,266,none
5,47,69,30,20,21,81,79,43,38,10,50,266,none
6,50,76,30,20,21,81,78,44,39,14,50,266,none
7,57,80,30,20,18,81,77,45,40,14,49,266,none
8,64,83,30,20,14,80,77,46,41,14,47,266,none
9,71,87,30,20,11,80,78,46,41,14,46,266,none
10,77,90,30,20,11,80,78,46,41,14,46,266,none
0,60,15,30,20,20,80,78,40,35,10,30,267,initial
1,66,18,30,30,20,80,77,40,35,10,30,267,mars_breakthrough
2,72,21,30,30,20,81,78,39,34,10,30,267,none
3,73,31,30,30,17,80,78,38,33,10,32,267,none
4,73,40,30,30,21,80,77,37,32,15,35,267,india_transport_success
5,72,47,30,30,23,80,76,37,32,15,38,267,none
6,79,51,30,30,20,81,77,37,32,15,37,267,none
7,86,55,30,30,17,81,78,37,32,15,36,267,none
8,86,64,30,30,21,80,78,37,32,20,39,267,india_transport_success
9,93,68,30,30,18,81,78,37,32,20,38,267,none
10,97,72,30,33,23,81,78,37,32,22,47,267,rare_unknown
0,60,15,30,20,20,80,78,40,35,10,30,268,initial
1,68,20,30,20,14,80,79,40,35,10,28,268,none
2,76,25,30,20,8,80,79,39,34,10,26,268,none
3,72,37,30,20,15,80,79,38,33,19,30,268,india_transport_success
4,79,41,30,20,12,80,79,38,33,19,29,268,none
5,86,45,30,20,9,80,79,38,33,19,28,268,none
6,91,49,30,20,6,79,78,38,33,19,28,268,us_base_accident
7,91,53,26,25,3,80,79,38,33,14,32,268,rare_unknown
8,98,57,26,25,0,80,78,38,33,14,31,268,none
9,98,61,26,25,0,80,77,38,33,14,30,268,none
10,98,65,26,25,0,79,78,38,33,14,29,268,none
0,60,15,30,20,20,80,78,40,35,10,30,269,initial
1,68,20,30,20,14,81,78,40,35,10,28,269,none
2,61,33,30,20,16,81,78,40,35,10,34,269,none
3,69,38,30,30,10,82,77,40,35,10,32,269,mars_breakthrough
4,68,45,30,30,12,82,76,41,36,10,35,269,none
5,74,48,30,30,12,82,76,41,36,10,35,269,none
6,75,53,35,27,6,81,75,41,36,16,31,269,rare_unknown
7,82,56,35,27,2,81,74,41,36,16,29,269,none
8,78,68,35,27,5,81,74,41,36,20,33,269,none
9,85,72,35,27,2,81,74,41,36,20,32,269,none
10,85,80,35,27,2,81,75,41,36,20,34,269,none
0,60,15,30,20,20,80,78,40,35,10,30,270,initial
1,66,18,30,20,20,81,77,40,35,10,30,270,none
2,58,33,30,20,20,81,76,40,35,10,37,270,us_base_accident
3,58,42,30,20,20,81,76,41,36,10,40,270,none
4,61,47,30,35,17,82,76,42,37,10,40,270,mars_breakthrough
5,75,51,27,35,14,82,76,42,37,19,36,270,rare_unknown
6,83,56,27,35,8,83,76,42,37,19,34,270,none
7,75,71,27,35,8,83,76,42,37,19,41,270,chinese_base_accident
8,81,74,27,35,8,84,75,42,37,19,41,270,none
9,73,85,27,35,12,85,74,42,37,19,47,270,none
10,81,90,27,35,6,84,75,42,37,19,45,270,none
0,60,15,30,20,20,80,78,40,35,10,30,271,initial
1,70,20,30,20,19,80,79,40,35,10,28,271,new_ice_discovery
2,71,30,30,20,16,81,79,39,34,10,30,271,none
3,70,36,30,20,17,81,80,39,34,10,32,271,none
4,71,46,30,20,14,82,81,39,34,10,34,271,none
5,70,53,30,20,16,83,82,40,35,10,37,271,none
6,70,62,30,20,16,83,82,41,36,10,40,271,none
7,69,69,30,20,18,83,82,42,37,10,43,271,none
8,77,78,30,20,18,84,82,38,33,10,42,271,earth_tension
9,83,81,30,20,18,85,83,38,33,10,42,271,none
10,90,85,30,20,15,86,83,38,33,10,41,271,none
0,60,15,30,20,20,80,78,40,35,10,30,272,initial
1,67,19,30,20,17,80,78,40,35,10,29,272,none
2,74,23,30,20,14,80,79,39,34,10,28,272,none
3,74,31,30,20,13,80,79,38,33,10,30,272,none
4,73,38,30,20,19,81,79,37,32,15,33,272,india_transport_success
5,80,42,30,20,16,81,79,37,32,15,32,272,none
6,83,43,35,20,19,81,79,37,32,19,34,272,none
7,85,49,35,20,22,81,79,37,32,23,35,272,none
8,93,54,35,20,16,81,78,37,32,23,33,272,none
9,98,58,35,20,13,82,78,37,32,23,32,272,none
10,95,65,35,20,15,82,78,37,32,23,35,272,none
0,60,15,30,20,20,80,78,40,35,10,30,273,initial
1,64,20,35,20,20,80,78,40,35,22,33,273,japanese_breakthrough
2,70,23,35,20,20,80,78,40,35,22,33,273,none
3,84,26,35,20,20,80,78,35,30,22,29,273,earth_tension
4,86,29,35,35,19,80,78,34,29,22,29,273,mars_breakthrough
5,82,41,35,35,26,80,79,34,29,31,33,273,india_transport_success
6,85,48,35,35,26,80,79,34,29,35,33,273,none
7,77,59,35,35,30,80,79,34,29,35,39,273,none
8,79,65,35,35,33,81,79,34,29,39,40,273,none
9,86,69,35,35,30,81,79,34,29,39,39,273,none
10,98,73,35,35,27,81,79,30,25,39,34,273,earth_tension
0,60,15,30,20,20,80,78,40,35,10,30,274,initial
1,58,24,30,20,20,80,78,40,35,10,34,274,chinese_base_accident
2,58,33,30,20,20,81,77,40,35,10,37,274,none
3,57,40,30,20,22,81,78,40,35,10,40,274,none
4,57,48,30,20,21,81,79,41,36,10,42,274,none
5,57,56,30,20,20,82,80,42,37,10,44,274,none
6,56,63,30,20,22,82,80,43,38,10,47,274,none
7,63,67,30,20,19,82,80,44,39,10,46,274,none
8,55,78,30,20,23,83,80,46,41,10,52,274,none
9,61,81,30,20,23,83,80,48,43,10,52,274,none
10,53,92,30,20,27,84,80,50,45,10,58,274,none
0,60,15,30,20,20,80,78,40,35,10,30,275,initial
1,68,20,30,20,14,81,79,40,35,10,28,275,none
2,67,27,30,20,16,80,79,40,35,10,31,275,none
3,66,34,30,20,18,80,79,40,35,10,34,275,none
4,65,41,30,20,20,80,79,41,36,10,37,275,none
5,72,45,30,20,17,81,79,41,36,10,36,275,none
6,79,49,30,20,14,82,79,41,36,10,35,275,none
7,86,53,30,20,11,83,79,41,36,10,34,275,none
8,86,61,30,20,10,83,79,41,36,10,36,275,none
9,78,72,30,20,14,83,79,41,36,10,42,275,none
10,79,82,36,20,11,83,79,41,36,10,46,275,scientific_discovery
0,60,15,30,20,20,80,78,40,35,10,30,276,initial
1,52,26,30,20,24,80,78,40,35,10,36,276,none
2,51,33,30,20,26,80,78,40,35,10,39,276,none
3,51,42,30,20,26,80,77,41,36,10,42,276,none
4,59,47,30,20,20,80,77,42,37,10,40,276,none
5,58,54,30,20,22,80,77,43,38,10,43,276,none
6,54,66,30,20,29,80,77,44,39,19,47,276,india_transport_success
7,61,70,30,20,26,79,77,45,40,19,46,276,none
8,68,74,30,20,23,79,77,46,41,19,45,276,none
9,68,83,30,20,23,80,78,47,42,19,48,276,none
10,75,87,30,20,20,81,78,47,42,19,47,276,none
0,60,15,30,20,20,80,78,40,35,10,30,277,initial
1,60,23,30,20,19,81,78,40,35,10,32,277,none
2,52,34,30,20,23,81,78,40,35,10,38,277,none
3,55,39,30,35,20,81,78,40,35,10,38,277,mars_breakthrough
4,63,44,30,35,14,80,78,41,36,10,36,277,none
5,63,52,30,35,13,80,79,42,37,10,38,277,none
6,69,55,30,35,13,80,79,43,38,10,38,277,none
7,76,59,30,35,10,79,79,43,38,10,37,277,none
8,83,63,30,35,7,79,79,43,38,10,36,277,none
9,90,67,30,35,4,79,79,43,38,10,35,277,none
10,91,77,30,35,1,79,78,43,38,10,37,277,none
0,60,15,30,20,20,80,78,40,35,10,30,278,initial
1,52,26,30,20,24,80,78,40,35,10,36,278,none
2,61,30,32,27,21,80,77,40,35,15,33,278,rare_unknown
3,60,37,32,27,23,81,77,40,35,15,36,278,none
4,63,44,32,27,23,81,77,41,36,19,36,278,none
5,71,49,32,27,17,80,78,41,36,19,34,278,none
6,73,55,32,27,24,80,77,41,36,28,35,278,india_transport_success
7,80,59,32,27,21,79,76,41,36,28,34,278,none
8,87,63,38,27,18,79,75,41,36,28,35,278,scientific_discovery
9,93,66,38,27,18,78,75,41,36,28,35,278,none
10,98,69,38,27,18,78,76,41,36,28,35,278,none
0,60,15,30,20,20,80,78,40,35,10,30,279,initial
1,59,22,30,20,22,81,78,40,35,10,33,279,none
2,67,27,30,20,16,81,77,40,35,10,31,279,none
3,73,30,30,20,16,80,77,39,34,10,31,279,none
4,79,33,30,20,16,80,78,38,33,10,31,279,none
5,80,43,30,20,13,80,77,38,33,10,33,279,none
6,88,48,36,20,7,80,76,38,33,10,33,279,scientific_discovery
7,96,53,36,20,1,80,75,38,33,10,31,279,none
8,98,57,36,20,0,79,75,38,33,10,30,279,none
9,99,57,41,20,0,79,74,38,33,10,29,279,new_ice_discovery
10,96,66,41,20,0,78,73,38,33,10,32,279,none
0,60,15,30,20,20,80,78,40,35,10,30,280,initial
1,60,23,30,20,19,79,78,40,35,10,32,280,none
2,67,27,30,30,16,79,78,40,35,10,31,280,mars_breakthrough
3,66,34,30,30,18,79,79,40,35,10,34,280,none
4,65,41,30,30,20,78,79,41,36,10,37,280,none
5,64,48,30,30,22,78,78,42,37,10,40,280,none
6,72,53,30,30,16,78,79,42,37,10,38,280,none
7,72,61,30,30,15,79,78,42,37,10,40,280,none
8,79,65,30,30,12,79,78,42,37,10,39,280,none
9,78,72,30,30,14,78,78,42,37,10,42,280,none
10,71,85,30,30,16,79,77,42,37,10,48,280,none
0,60,15,30,20,20,80,78,40,35,10,30,281,initial
1,67,19,30,20,17,80,79,40,35,10,29,281,none
2,70,26,30,20,21,80,80,40,35,19,29,281,india_transport_success
3,69,33,30,20,23,80,80,40,35,19,32,281,none
4,77,38,30,20,17,80,80,39,34,19,30,281,none
5,76,45,30,20,19,81,80,39,34,19,33,281,none
6,76,53,30,20,18,80,80,39,34,19,35,281,none
7,83,57,30,20,15,80,80,39,34,19,34,281,none
8,90,61,30,20,12,81,80,39,34,19,33,281,none
9,97,65,30,20,9,81,80,39,34,19,32,281,none
10,95,73,30,20,8,81,80,39,34,19,34,281,none
0,60,15,30,20,20,80,78,40,35,10,30,282,initial
1,60,26,30,20,24,80,78,36,31,10,32,282,earth_tension
2,62,31,35,20,21,80,77,36,31,10,35,282,none
3,60,40,35,20,21,80,76,36,31,10,39,282,us_base_accident
4,60,48,35,20,20,80,76,37,32,10,41,282,none
5,59,55,35,20,22,79,76,38,33,10,44,282,none
6,58,62,35,20,24,79,76,39,34,10,47,282,none
7,66,67,35,20,18,78,76,40,35,10,45,282,none
8,74,72,41,20,12,78,76,40,35,10,45,282,scientific_discovery
9,73,79,41,20,14,78,76,40,35,10,48,282,none
10,81,84,41,20,8,77,76,40,35,10,46,282,none
0,60,15,30,20,20,80,78,40,35,10,30,283,initial
1,59,22,30,20,22,79,77,40,35,10,33,283,none
2,67,27,30,20,16,79,78,40,35,10,31,283,none
3,74,31,30,20,13,78,78,39,34,10,30,283,none
4,80,34,30,20,13,78,78,38,33,10,30,283,none
5,79,41,30,20,15,78,78,38,33,10,33,283,none
6,86,45,30,20,12,78,78,38,33,10,32,283,none
7,85,52,30,20,14,78,79,38,33,10,35,283,none
8,94,52,41,20,8,77,78,38,33,10,36,283,scientific_discovery
9,98,56,41,20,5,78,78,38,33,10,35,283,none
10,98,60,41,20,2,78,79,38,33,10,34,283,none
0,60,15,30,20,20,80,78,40,35,10,30,284,initial
1,62,20,41,20,17,80,79,40,35,10,35,284,scientific_discovery
2,61,27,41,20,19,80,80,40,35,10,38,284,none
3,68,31,41,20,16,80,80,40,35,10,37,284,none
4,60,42,41,20,20,80,80,41,36,10,43,284,none
5,62,50,41,20,24,80,79,42,37,10,45,284,new_ice_discovery
6,69,54,41,20,21,81,79,43,38,10,44,284,none
7,68,61,41,20,23,81,79,44,39,10,47,284,none
8,66,70,41,20,23,81,78,46,41,10,51,284,us_base_accident
9,71,71,41,20,25,81,79,47,42,10,51,284,none
10,79,76,41,20,19,81,79,47,42,10,49,284,none
0,60,15,30,20,20,80,78,40,35,10,30,285,initial
1,66,18,30,20,20,79,78,40,35,10,30,285,none
2,59,31,30,20,22,80,78,40,35,10,36,285,none
3,66,35,30,20,19,80,78,40,35,10,35,285,none
4,73,39,30,20,16,80,78,39,34,10,34,285,none
5,75,45,30,20,19,80,78,39,34,14,35,285,none
6,82,49,30,20,16,81,78,39,34,14,34,285,none
7,81,56,30,20,18,82,78,39,34,14,37,285,none
8,84,63,30,20,18,83,78,39,34,18,37,285,none
9,90,66,30,20,18,83,78,39,34,18,37,285,none
10,97,70,30,20,15,83,78,39,34,18,36,285,none
0,60,15,30,20,20,80,78,40,35,10,30,286,initial
1,60,24,30,20,20,79,78,40,35,10,33,286,none
2,59,31,30,20,22,79,77,40,35,10,36,286,none
3,74,35,30,20,19,79,77,35,30,10,31,286,earth_tension
4,76,41,30,20,22,79,76,35,30,14,32,286,none
5,76,49,30,20,21,79,77,35,30,14,34,286,none
6,69,62,30,20,23,80,78,36,31,14,40,286,none
7,61,77,30,20,23,79,78,37,32,14,47,286,us_base_accident
8,60,84,30,20,25,79,78,38,33,14,50,286,none
9,60,92,30,20,24,79,78,40,35,14,52,286,none
10,58,100,30,20,24,79,78,42,37,14,56,286,us_base_accident
0,60,15,30,20,20,80,78,40,35,10,30,287,initial
1,63,22,30,20,20,79,78,40,35,14,30,287,none
2,62,29,30,20,22,79,78,40,35,14,33,287,none
3,62,37,30,20,21,80,77,40,35,14,35,287,none
4,62,46,30,20,21,80,77,41,36,14,38,287,none
5,55,59,30,20,23,80,77,42,37,14,44,287,none
6,54,66,30,20,25,80,77,43,38,14,47,287,none
7,61,70,30,20,22,80,77,44,39,14,46,287,none
8,68,74,30,20,19,81,77,45,40,14,45,287,none
9,75,78,30,20,16,82,77,45,40,14,44,287,none
10,82,82,30,20,13,82,77,45,40,14,43,287,none
0,60,15,30,20,20,80,78,40,35,10,30,288,initial
1,60,23,30,20,19,80,78,40,35,10,32,288,none
2,60,31,30,20,18,81,78,40,35,10,34,288,none
3,52,42,30,20,22,82,78,41,36,10,40,288,none
4,44,53,30,20,26,82,78,42,37,10,46,288,none
5,44,62,30,20,26,82,79,43,38,10,49,288,none
6,51,66,30,20,23,82,78,44,39,10,48,288,none
7,43,81,30,20,23,82,77,46,41,10,55,288,chinese_base_accident
8,43,89,30,20,22,82,77,48,43,10,57,288,none
9,38,99,30,20,27,81,77,50,45,14,61,288,none
10,30,100,30,20,27,80,77,52,47,14,68,288,us_base_accident
0,60,15,30,20,20,80,78,40,35,10,30,289,initial
1,67,19,30,20,17,80,78,40,35,10,29,289,none
2,59,34,30,20,17,80,78,40,35,10,36,289,chinese_base_accident
3,64,38,30,20,14,79,79,40,35,10,36,289,chinese_base_accident
4,71,42,30,20,11,79,79,40,35,10,35,289,none
5,70,49,30,20,13,79,79,41,36,10,38,289,none
6,78,54,30,20,7,79,79,41,36,10,36,289,none
7,77,61,30,20,9,80,79,41,36,10,39,289,none
8,77,70,30,20,9,79,80,41,36,10,42,289,none
9,84,74,30,20,6,79,81,41,36,10,41,289,none
10,91,78,30,20,3,80,81,41,36,10,40,289,none
0,60,15,30,20,20,80,78,40,35,10,30,290,initial
1,60,23,30,20,19,80,78,40,35,10,32,290,none
2,52,34,30,20,23,80,78,40,35,10,38,290,none
3,59,38,30,20,20,81,78,40,35,10,37,290,none
4,58,48,30,20,17,82,79,41,36,10,40,290,chinese_base_accident
5,58,56,30,20,16,82,79,42,37,10,42,290,none
6,64,59,30,20,16,82,79,43,38,10,42,290,none
7,72,64,36,20,10,82,80,43,38,10,42,290,scientific_discovery
8,68,79,36,20,13,82,80,44,39,22,48,290,japanese_breakthrough
9,74,82,36,20,13,81,80,44,39,22,48,290,none
10,75,92,36,20,10,80,80,44,39,22,50,290,none
0,60,15,30,20,20,80,78,40,35,10,30,291,initial
1,68,20,30,20,14,80,78,40,35,10,28,291,none
2,68,29,30,20,14,80,79,40,35,10,31,291,none
3,67,36,30,20,16,80,79,40,35,10,34,291,none
4,59,47,30,20,20,80,79,41,36,10,40,291,none
5,59,51,34,17,17,80,79,42,37,10,45,291,rare_unknown
6,66,55,34,17,14,80,79,43,38,10,44,291,none
7,72,58,34,17,14,80,80,43,38,10,44,291,none
8,79,62,34,17,11,81,80,43,38,10,43,291,none
9,71,77,34,17,11,81,79,43,38,10,50,291,us_base_accident
10,74,84,34,17,11,80,78,43,38,14,50,291,none
0,60,15,30,20,20,80,78,40,35,10,30,292,initial
1,66,17,30,20,19,79,79,40,35,10,29,292,none
2,66,25,30,20,18,79,79,40,35,10,31,292,none
3,65,32,30,20,20,79,79,40,35,10,34,292,none
4,64,39,30,20,22,80,79,40,35,10,37,292,none
5,63,46,30,20,24,81,78,41,36,10,40,292,none
6,62,53,30,20,26,81,79,42,37,10,43,292,none
7,60,62,30,20,26,82,79,43,38,10,47,292,chinese_base_accident
8,63,67,30,35,23,81,80,44,39,10,47,292,mars_breakthrough
9,70,71,30,35,20,81,81,45,40,10,46,292,none
10,69,78,30,35,22,82,81,46,41,10,49,292,none
0,60,15,30,20,20,80,78,40,35,10,30,293,initial
1,51,28,30,20,22,79,77,40,35,10,37,293,chinese_base_accident
2,67,33,30,20,16,78,77,36,31,10,31,293,earth_tension
3,60,46,30,20,18,79,78,37,32,10,37,293,none
4,61,56,30,20,15,78,78,38,33,10,39,293,none
5,61,65,30,20,15,79,79,39,34,10,42,293,none
6,57,73,35,20,20,79,79,40,35,22,49,293,japanese_breakthrough
7,64,77,35,20,17,78,79,41,36,22,48,293,none
8,70,80,35,20,17,79,79,42,37,22,48,293,none
9,77,84,35,20,14,80,79,42,37,22,47,293,none
10,85,89,35,20,8,79,79,42,37,22,45,293,none
0,60,15,30,20,20,80,78,40,35,10,30,294,initial
1,67,19,30,20,17,81,79,40,35,10,29,294,none
2,66,26,30,20,19,81,79,40,35,10,32,294,none
3,65,33,30,20,21,81,80,40,35,10,35,294,none
4,58,46,30,20,23,80,80,41,36,10,41,294,none
5,65,50,36,20,20,80,79,42,37,10,42,294,scientific_discovery
6,71,53,36,20,20,79,79,42,37,10,42,294,none
7,70,60,36,20,22,79,78,43,38,10,45,294,none
8,76,62,36,20,21,80,78,43,38,10,44,294,none
9,83,66,36,20,18,81,78,43,38,10,43,294,none
10,85,71,36,20,20,82,79,43,38,14,43,294,none
0,60,15,30,20,20,80,78,40,35,10,30,295,initial
1,56,30,30,20,23,81,77,40,35,22,36,295,japanese_breakthrough
2,61,34,30,20,20,81,76,40,35,22,36,295,us_base_accident
3,61,43,30,20,20,82,75,41,36,22,39,295,none
4,63,52,30,29,20,82,75,42,37,22,37,295,rare_unknown
5,66,62,30,29,20,81,75,43,38,34,39,295,japanese_breakthrough
6,73,66,30,29,17,81,75,43,38,34,38,295,none
7,72,73,30,29,19,81,75,43,38,34,41,295,none
8,79,77,30,29,16,81,75,43,38,34,40,295,none
9,82,84,30,29,16,80,75,43,38,38,40,295,none
10,89,88,30,29,13,81,74,43,38,38,39,295,none
0,60,15,30,20,20,80,78,40,35,10,30,296,initial
1,70,20,30,20,19,80,78,40,35,10,28,296,new_ice_discovery
2,78,25,30,20,13,80,77,39,34,10,26,296,none
3,76,34,30,20,13,80,77,38,33,10,30,296,chinese_base_accident
4,76,43,30,20,13,79,77,38,33,10,33,296,none
5,82,46,30,20,13,79,76,38,33,10,33,296,none
6,97,50,30,20,10,80,75,34,29,10,28,296,earth_tension
7,98,54,30,20,7,80,75,34,29,10,27,296,none
8,95,61,30,20,9,80,74,34,29,10,30,296,none
9,87,72,30,20,13,80,74,34,29,10,36,296,none
10,94,76,30,20,10,79,74,34,29,10,35,296,none
0,60,15,30,20,20,80,78,40,35,10,30,297,initial
1,68,22,34,27,22,81,78,40,35,10,37,297,rare_unknown
2,75,26,34,27,19,82,78,39,34,10,36,297,none
3,82,30,34,27,16,82,78,38,33,10,35,297,none
4,85,37,34,27,16,82,78,37,32,14,35,297,none
5,91,40,34,27,16,82,78,36,31,14,35,297,none
6,98,44,34,27,13,82,79,36,31,14,34,297,none
7,98,48,34,27,10,82,78,36,31,14,33,297,none
8,98,52,34,27,7,81,77,36,31,14,32,297,none
9,93,62,34,27,12,82,77,36,31,18,36,297,none
10,95,68,34,27,15,83,77,36,31,22,37,297,none
0,60,15,30,20,20,80,78,40,35,10,30,298,initial
1,59,22,30,20,22,79,77,40,35,10,33,298,none
2,66,26,30,20,19,79,77,40,35,10,32,298,none
3,58,37,30,20,23,80,76,40,35,10,38,298,none
4,68,40,34,24,23,80,76,40,35,15,35,298,rare_unknown
5,69,50,34,24,20,80,76,41,36,15,37,298,none
6,69,59,34,24,20,81,76,42,37,15,40,298,none
7,84,63,34,24,17,80,76,38,33,15,35,298,earth_tension
8,83,70,34,24,19,80,75,38,33,15,38,298,none
9,86,77,34,24,19,80,74,38,33,19,38,298,none
10,93,81,34,24,16,79,75,38,33,19,37,298,none
0,60,15,30,20,20,80,78,40,35,10,30,299,initial
1,67,19,30,20,17,80,78,40,35,10,29,299,none
2,67,27,30,20,16,80,78,40,35,10,31,299,none
3,59,38,30,20,20,79,79,40,35,10,37,299,none
4,59,47,30,20,20,80,80,41,36,10,40,299,none
5,70,54,30,20,20,79,79,38,33,14,36,299,earth_tension
6,77,58,30,20,17,79,78,38,33,14,35,299,none
7,84,62,30,20,14,79,77,38,33,14,34,299,none
8,76,73,30,20,18,80,78,38,33,14,40,299,none
9,76,82,30,20,18,80,78,38,33,14,43,299,none
10,85,89,28,22,20,80,78,38,33,16,46,299,rare_unknown
0,60,15,30,20,20,80,78,40,35,10,30,300,initial
1,66,19,36,24,17,79,78,40,35,15,22,300,rare_unknown
2,74,24,36,24,11,79,79,39,34,15,20,300,none
3,73,31,36,24,13,80,79,38,33,15,23,300,none
4,73,40,36,24,13,79,79,37,32,15,26,300,none
5,72,47,36,24,15,79,79,37,32,15,29,300,none
6,72,55,36,24,14,78,78,37,32,15,31,300,none
7,79,59,36,24,11,79,78,37,32,15,30,300,none
8,85,62,36,24,11,79,77,37,32,15,30,300,none
9,93,67,36,24,5,79,77,37,32,15,28,300,none
10,92,74,36,24,7,78,77,37,32,15,31,300,none
0,60,15,30,20,20,80,78,40,35,10,30,301,initial
1,59,22,30,20,22,80,78,40,35,10,33,301,none
2,59,30,30,20,21,80,77,40,35,10,35,301,none
3,68,30,41,20,15,80,77,40,35,10,36,301,scientific_discovery
4,76,35,41,20,9,79,77,39,34,10,34,301,none
5,76,43,41,20,8,78,78,39,34,10,36,301,none
6,75,50,41,20,10,78,78,39,34,10,39,301,none
7,82,54,41,20,7,78,78,39,34,10,38,301,none
8,89,58,41,20,4,77,78,39,34,10,37,301,none
9,89,66,41,20,3,77,78,39,34,10,39,301,none
10,97,71,41,20,0,77,77,39,34,10,37,301,none
0,60,15,30,20,20,80,78,40,35,10,30,302,initial
1,59,22,30,20,22,80,77,40,35,10,33,302,none
2,67,27,30,20,16,80,76,40,35,10,31,302,none
3,75,32,30,20,10,79,76,39,34,10,29,302,none
4,74,39,30,20,12,78,77,38,33,10,32,302,none
5,81,43,30,20,9,78,77,38,33,10,31,302,none
6,81,52,30,20,9,79,77,38,33,10,34,302,none
7,73,67,30,20,9,78,77,38,33,10,41,302,us_base_accident
8,72,74,35,20,15,78,77,38,33,26,46,302,japanese_breakthrough
9,80,73,40,20,12,77,77,38,33,26,46,302,none
10,79,80,40,20,14,77,76,38,33,26,49,302,none
0,60,15,30,20,20,80,78,40,35,10,30,303,initial
1,68,17,30,20,24,81,78,40,35,10,29,303,new_ice_discovery
2,68,25,30,20,23,81,78,40,35,10,31,303,none
3,75,29,30,20,20,80,77,39,34,10,30,303,none
4,82,33,30,20,17,81,77,38,33,10,29,303,none
5,81,40,30,20,19,80,77,37,32,10,32,303,none
6,80,47,30,20,21,80,77,37,32,10,35,303,none
7,83,54,30,20,21,80,77,37,32,14,35,303,none
8,76,67,30,20,23,80,77,37,32,14,41,303,none
9,84,72,30,20,17,81,76,37,32,14,39,303,none
10,86,76,30,35,17,81,75,37,32,14,40,303,mars_breakthrough
0,60,15,30,20,20,80,78,40,35,10,30,304,initial
1,60,23,30,20,19,80,79,40,35,10,32,304,none
2,66,28,36,27,13,79,79,40,35,20,26,304,rare_unknown
3,74,33,36,27,7,79,80,39,34,20,24,304,none
4,74,41,36,27,6,79,80,39,34,20,26,304,none
5,67,54,36,27,8,79,80,40,35,20,32,304,none
6,61,69,36,27,8,78,81,41,36,20,38,304,none
7,60,76,36,27,10,77,81,42,37,20,41,304,none
8,60,85,36,27,10,76,81,43,38,20,44,304,none
9,63,92,36,27,10,75,82,44,39,24,44,304,none
10,62,99,36,27,12,75,83,45,40,24,47,304,none
0,60,15,30,20,20,80,78,40,35,10,30,305,initial
1,62,23,30,20,24,81,78,40,35,10,32,305,new_ice_discovery
2,54,38,30,20,24,82,77,40,35,10,39,305,chinese_base_accident
3,53,45,30,20,26,82,77,41,36,10,42,305,none
4,61,50,30,20,20,81,76,42,37,10,40,305,none
5,67,53,30,20,20,81,76,43,38,10,40,305,none
6,67,62,30,20,20,82,75,44,39,10,43,305,none
7,66,69,30,20,22,82,75,45,40,10,46,305,none
8,69,76,30,20,26,82,75,46,41,19,46,305,india_transport_success
9,61,91,30,20,26,81,75,48,43,19,53,305,chinese_base_accident
10,68,95,30,20,23,80,75,50,45,19,52,305,none
0,60,15,30,20,20,80,78,40,35,10,30,306,initial
1,60,23,30,20,19,80,78,40,35,10,32,306,none
2,66,26,30,20,19,80,79,40,35,10,32,306,none
3,68,32,30,20,22,81,80,40,35,14,33,306,none
4,75,36,30,20,19,81,79,39,34,14,32,306,none
5,74,43,30,20,21,80,79,39,34,14,35,306,none
6,82,48,30,20,15,80,79,39,34,14,33,306,none
7,90,47,35,20,12,79,78,39,34,14,33,306,none
8,89,54,35,20,14,78,77,39,34,14,36,306,none
9,98,58,35,20,11,78,77,35,30,14,31,306,earth_tension
10,98,62,35,20,8,78,76,35,30,14,30,306,none
0,60,15,30,20,20,80,78,40,35,10,30,307,initial
1,60,23,30,20,19,80,78,40,35,10,32,307,none
2,66,26,30,20,23,79,78,40,35,15,32,307,india_transport_success
3,66,35,30,20,27,78,78,40,35,20,35,307,india_transport_success
4,66,44,30,20,27,78,79,41,36,20,38,307,none
5,73,48,30,20,24,77,80,41,36,20,37,307,none
6,72,55,30,20,26,76,80,41,36,20,40,307,none
7,71,62,30,20,28,77,80,41,36,20,43,307,none
8,79,67,30,20,22,77,80,41,36,20,41,307,none
9,70,76,30,20,28,76,81,42,37,20,47,307,none
10,70,85,30,20,32,76,80,43,38,25,50,307,india_transport_success
0,60,15,30,20,20,80,78,40,35,10,30,308,initial
1,60,23,30,20,19,79,78,40,35,10,32,308,none
2,61,26,35,20,18,79,78,40,35,10,35,308,none
3,60,33,35,20,20,80,78,40,35,10,38,308,none
4,62,39,35,20,23,80,77,40,35,14,39,308,none
5,69,43,35,20,20,79,77,41,36,14,38,308,none
6,76,47,41,20,17,79,77,41,36,14,39,308,scientific_discovery
7,85,50,41,20,18,78,76,41,36,14,37,308,new_ice_discovery
8,85,58,41,20,17,77,76,41,36,14,39,308,none
9,92,62,41,20,14,77,75,41,36,14,38,308,none
10,91,69,41,20,16,76,75,41,36,14,41,308,none
0,60,15,30,20,20,80,78,40,35,10,30,309,initial
1,62,23,30,20,24,80,79,40,35,10,32,309,new_ice_discovery
2,69,27,30,20,21,79,79,40,35,10,31,309,none
3,76,31,36,20,18,79,79,39,34,10,32,309,scientific_discovery
4,83,35,36,20,15,80,79,38,33,10,31,309,none
5,89,38,36,20,15,81,79,37,32,10,31,309,none
6,97,43,36,20,9,81,79,37,32,10,29,309,none
7,99,44,41,20,9,81,78,37,32,18,32,309,japanese_breakthrough
8,98,48,41,20,6,82,77,37,32,18,31,309,none
9,98,53,41,20,0,82,78,37,32,18,29,309,none
10,98,57,41,20,0,82,77,37,32,18,28,309,none
0,60,15,30,20,20,80,78,40,35,10,30,310,initial
1,69,15,35,20,14,80,79,40,35,10,29,310,none
2,76,19,35,20,11,80,79,39,34,10,28,310,none
3,83,23,35,20,8,80,80,38,33,10,27,310,none
4,90,27,35,20,5,80,80,37,32,10,26,310,none
5,85,37,35,20,10,81,80,36,31,14,30,310,none
6,84,42,35,20,4,81,80,36,31,9,32,310,rare_unknown
7,91,46,35,20,1,81,80,36,31,9,31,310,none
8,98,50,35,20,0,81,81,36,31,9,30,310,none
9,98,55,35,20,0,81,81,36,31,9,28,310,none
10,98,59,35,20,0,82,81,36,31,9,28,310,us_base_accident
0,60,15,30,20,20,80,78,40,35,10,30,311,initial
1,59,22,30,20,22,80,77,40,35,10,33,311,none
2,51,33,30,20,26,80,78,40,35,10,39,311,none
3,44,46,30,20,28,80,78,41,36,10,45,311,none
4,52,51,36,20,22,80,78,42,37,10,45,311,scientific_discovery
5,59,55,36,20,19,80,78,43,38,10,44,311,none
6,52,68,36,20,21,80,78,44,39,10,50,311,none
7,59,72,36,20,18,80,79,45,40,10,49,311,none
8,58,79,36,20,20,81,79,47,42,10,52,311,none
9,50,90,36,20,24,80,80,49,44,10,58,311,none
10,51,96,41,20,23,80,80,51,46,18,63,311,japanese_breakthrough
0,60,15,30,20,20,80,78,40,35,10,30,312,initial
1,67,19,30,20,17,80,78,40,35,10,29,312,none
2,76,19,41,20,11,79,79,39,34,10,30,312,scientific_discovery
3,83,23,41,20,8,79,79,38,33,10,29,312,none
4,89,26,41,20,12,79,79,37,32,15,29,312,india_transport_success
5,96,30,41,20,9,79,79,36,31,15,28,312,none
6,98,34,41,30,6,79,79,35,30,15,27,312,mars_breakthrough
7,98,38,41,30,3,79,79,34,29,15,26,312,none
8,98,42,41,30,0,79,80,30,25,15,21,312,earth_tension
9,98,46,41,30,0,79,79,30,25,15,20,312,none
10,99,46,46,30,0,79,79,30,25,15,19,312,new_ice_discovery
0,60,15,30,20,20,80,78,40,35,10,30,313,initial
1,59,22,30,20,22,79,79,40,35,10,33,313,none
2,52,35,30,20,24,79,79,40,35,10,39,313,none
3,52,44,30,20,24,79,79,41,36,10,42,313,none
4,51,51,30,20,26,79,79,42,37,10,45,313,none
5,46,61,30,20,31,79,79,43,38,14,49,313,none
6,38,76,30,20,31,80,78,45,40,14,56,313,chinese_base_accident
7,37,83,30,20,33,80,78,47,42,14,59,313,none
8,44,87,30,20,30,80,78,49,44,14,58,313,none
9,44,95,30,20,29,80,78,51,46,14,60,313,none
10,52,94,35,20,26,81,78,53,48,14,60,313,none
0,60,15,30,20,20,80,78,40,35,10,30,314,initial
1,59,22,30,20,22,80,79,40,35,10,33,314,none
2,59,30,30,20,21,80,78,40,35,10,35,314,none
3,55,42,30,20,24,79,78,41,36,14,39,314,none
4,62,46,30,20,21,79,77,42,37,14,38,314,none
5,77,50,30,20,18,79,77,38,33,14,33,314,earth_tension
6,80,57,32,28,20,79,77,38,33,18,32,314,rare_unknown
7,88,66,32,28,20,79,77,34,29,18,31,314,earth_tension
8,95,70,32,28,17,79,77,34,29,18,30,314,none
9,98,74,32,28,14,79,78,34,29,18,29,314,none
10,98,78,32,28,11,78,79,34,29,18,28,314,none
0,60,15,30,20,20,80,78,40,35,10,30,315,initial
1,67,19,30,20,17,80,78,40,35,10,29,315,none
2,73,21,30,20,16,80,78,39,34,10,28,315,none
3,72,28,30,20,18,80,78,38,33,10,31,315,none
4,78,31,30,20,18,80,78,37,32,10,31,315,none
5,71,44,30,20,20,80,77,37,32,10,37,315,none
6,70,51,30,20,22,80,77,38,33,10,40,315,none
7,76,54,30,20,22,80,77,38,33,10,40,315,none
8,83,58,30,20,19,80,77,38,33,10,39,315,none
9,89,61,30,20,19,80,76,38,33,10,39,315,none
10,90,71,30,20,16,80,76,38,33,10,41,315,none
0,60,15,30,20,20,80,78,40,35,10,30,316,initial
1,67,19,30,20,17,80,78,40,35,10,29,316,none
2,68,29,30,20,14,80,78,40,35,10,31,316,none
3,77,33,30,20,16,81,78,39,34,10,30,316,new_ice_discovery
4,84,37,30,20,13,81,79,38,33,10,29,316,none
5,92,36,35,20,10,80,79,37,32,10,29,316,none
6,98,40,35,20,7,80,79,36,31,10,28,316,none
7,96,49,35,20,7,79,79,36,31,10,31,316,none
8,98,52,35,20,7,79,79,36,31,10,31,316,none
9,98,56,35,20,4,79,80,36,31,10,30,316,none
10,97,63,35,20,6,78,80,36,31,10,33,316,none
0,60,15,30,20,20,80,78,40,35,10,30,317,initial
1,67,19,30,20,17,80,77,40,35,10,29,317,none
2,67,28,30,20,17,80,76,40,35,10,32,317,none
3,68,36,29,29,16,80,76,40,35,8,37,317,rare_unknown
4,77,39,29,29,17,80,75,39,34,8,35,317,new_ice_discovery
5,83,42,29,29,17,79,74,39,34,8,35,317,none
6,84,52,29,29,14,80,74,39,34,8,37,317,none
7,84,60,29,29,13,80,74,39,34,8,39,317,none
8,90,63,29,29,13,80,74,39,34,8,39,317,none
9,98,68,29,29,7,80,74,39,34,8,37,317,none
10,98,72,29,29,4,79,73,39,34,8,36,317,none
0,60,15,30,20,20,80,78,40,35,10,30,318,initial
1,52,30,30,20,20,80,78,40,35,10,37,318,us_base_accident
2,51,37,30,20,22,81,78,40,35,10,40,318,none
3,59,42,30,30,16,81,78,41,36,10,38,318,mars_breakthrough
4,58,49,30,30,18,82,78,42,37,10,41,318,none
5,58,58,30,30,18,82,78,43,38,10,44,318,none
6,64,61,30,30,18,82,77,44,39,10,44,318,none
7,59,71,30,30,23,82,77,45,40,14,48,318,none
8,51,82,30,30,27,81,76,47,42,14,54,318,none
9,58,86,30,30,24,80,76,49,44,14,53,318,none
10,57,93,30,30,26,81,76,51,46,14,56,318,none
0,60,15,30,20,20,80,78,40,35,10,30,319,initial
1,62,24,30,20,23,80,79,40,35,22,33,319,japanese_breakthrough
2,61,31,30,20,25,81,80,40,35,22,36,319,none
3,64,38,30,20,25,81,80,40,35,26,36,319,none
4,63,42,33,25,22,82,81,41,36,25,34,319,rare_unknown
5,55,53,33,25,26,82,82,42,37,25,40,319,none
6,54,60,33,25,28,82,82,43,38,25,43,319,none
7,54,69,33,25,28,82,81,44,39,25,46,319,none
8,54,77,33,25,27,83,81,45,40,25,48,319,none
9,57,84,33,25,27,82,81,46,41,29,48,319,none
10,57,93,33,25,27,82,82,48,43,29,51,319,none
0,60,15,30,20,20,80,78,40,35,10,30,320,initial
1,60,23,30,20,19,80,78,40,35,10,32,320,none
2,58,32,30,20,19,79,79,40,35,10,36,320,chinese_base_accident
3,64,35,30,20,23,79,80,40,35,15,36,320,india_transport_success
4,63,42,30,20,25,79,80,41,36,15,39,320,none
5,66,52,30,20,25,79,79,42,37,27,41,320,japanese_breakthrough
6,66,61,30,20,25,78,80,43,38,27,44,320,none
7,73,65,30,20,22,77,80,43,38,27,43,320,none
8,70,72,35,20,25,77,80,44,39,31,48,320,none
9,77,76,35,20,22,78,80,44,39,31,47,320,none
10,77,84,35,20,21,78,80,44,39,31,49,320,none
0,60,15,30,20,20,80,78,40,35,10,30,321,initial
1,60,23,30,20,19,80,78,40,35,10,32,321,none
2,54,38,30,20,19,80,79,40,35,10,38,321,none
3,61,42,30,20,16,79,79,41,36,10,37,321,none
4,60,49,30,20,18,78,78,42,37,10,40,321,none
5,65,50,30,20,20,78,78,43,38,10,40,321,none
6,57,61,30,20,24,78,78,44,39,10,46,321,none
7,57,69,30,20,23,78,78,45,40,10,48,321,none
8,56,76,30,20,25,78,77,47,42,10,51,321,none
9,62,78,30,20,24,78,78,48,43,10,50,321,none
10,57,88,30,20,29,78,79,50,45,14,54,321,none
0,60,15,30,20,20,80,78,40,35,10,30,322,initial
1,60,23,30,20,19,81,78,40,35,10,32,322,none
2,53,36,30,20,21,80,78,40,35,10,38,322,none
3,51,45,30,20,21,80,78,41,36,10,42,322,us_base_accident
4,52,55,30,20,18,80,79,42,37,10,44,322,none
5,52,63,30,20,17,80,79,43,38,10,46,322,none
6,60,68,30,20,11,79,78,44,39,10,44,322,none
7,59,75,30,20,13,78,78,45,40,10,47,322,none
8,58,82,30,20,15,78,78,46,41,10,50,322,none
9,58,91,30,20,15,79,79,48,43,10,53,322,none
10,57,98,30,20,17,78,79,50,45,10,56,322,none
0,60,15,30,20,20,80,78,40,35,10,30,323,initial
1,60,24,30,20,20,80,78,40,35,10,33,323,none
2,57,31,35,20,27,79,77,40,35,19,38,323,india_transport_success
3,57,39,35,20,26,79,76,40,35,19,40,323,none
4,56,46,35,20,28,78,75,41,36,19,43,323,none
5,63,50,35,20,25,79,74,42,37,19,42,323,none
6,62,57,35,20,27,80,74,43,38,19,45,323,none
7,53,66,35,20,33,80,73,45,40,19,51,323,none
8,54,76,35,20,30,80,73,47,42,19,53,323,none
9,49,86,35,20,35,80,73,49,44,23,57,323,none
10,48,93,35,20,37,80,74,51,46,23,60,323,none
0,60,15,30,20,20,80,78,40,35,10,30,324,initial
1,54,27,30,20,23,80,79,40,35,14,35,324,us_base_accident
2,53,34,30,20,25,79,80,40,35,14,38,324,none
3,60,38,30,20,22,80,81,40,35,14,37,324,none
4,52,49,30,20,26,80,81,41,36,14,43,324,none
5,50,58,30,20,26,79,81,42,37,14,47,324,us_base_accident
6,53,65,30,20,30,80,81,43,38,23,47,324,india_transport_success
7,48,75,30,20,35,79,81,45,40,27,51,324,none
8,55,79,36,20,32,80,81,47,42,27,52,324,scientific_discovery
9,69,82,36,20,32,80,81,44,39,27,48,324,earth_tension
10,77,87,36,20,26,80,81,44,39,27,46,324,none
0,60,15,30,20,20,80,78,40,35,10,30,325,initial
1,59,22,30,20,22,80,77,40,35,10,33,325,none
2,60,32,30,20,19,79,77,40,35,10,35,325,none
3,60,40,30,20,18,79,77,40,35,10,37,325,none
4,60,48,30,20,17,79,77,41,36,10,39,325,none
5,61,58,30,20,14,80,77,42,37,10,41,325,none
6,67,61,30,20,14,79,77,43,38,10,41,325,none
7,76,71,30,20,11,79,77,39,34,10,39,325,earth_tension
8,82,74,30,20,11,78,78,39,34,10,39,325,none
9,85,84,30,20,11,78,78,39,34,22,41,325,japanese_breakthrough
10,81,96,30,20,14,79,79,39,34,26,45,325,none
0,60,15,30,20,20,80,78,40,35,10,30,326,initial
1,68,20,30,20,14,80,79,40,35,10,28,326,none
2,67,27,30,20,16,79,79,40,35,10,31,326,none
3,77,26,35,20,18,79,79,39,34,10,31,326,new_ice_discovery
4,77,34,35,20,17,78,79,38,33,10,33,326,none
5,77,43,35,20,17,78,78,38,33,10,36,326,none
6,78,53,35,20,14,78,78,38,33,10,38,326,none
7,92,56,35,20,14,77,77,34,29,10,34,326,earth_tension
8,98,60,35,20,11,78,76,34,29,10,33,326,none
9,98,64,35,20,8,78,76,34,29,10,32,326,none
10,98,69,35,20,2,77,76,34,29,10,30,326,none
0,60,15,30,20,20,80,78,40,35,10,30,327,initial
1,60,23,30,20,19,79,79,40,35,10,32,327,none
2,74,26,30,20,19,80,80,35,30,10,28,327,earth_tension
3,69,36,30,20,24,80,80,35,30,14,32,327,none
4,69,45,30,20,24,79,81,36,31,14,35,327,none
5,76,49,30,20,21,79,80,36,31,14,34,327,none
6,77,59,36,20,18,78,79,36,31,14,38,327,scientific_discovery
7,84,63,36,20,15,78,79,36,31,14,37,327,none
8,91,67,36,20,12,79,80,36,31,14,36,327,none
9,98,72,36,20,6,80,80,36,31,14,34,327,none
10,98,75,36,20,6,80,80,36,31,14,34,327,none
0,60,15,30,20,20,80,78,40,35,10,30,328,initial
1,60,24,30,20,20,79,78,40,35,10,33,328,none
2,55,34,30,20,29,79,78,40,35,19,37,328,india_transport_success
3,54,41,30,20,31,79,79,41,36,19,40,328,none
4,51,49,38,28,30,78,79,42,37,14,38,328,rare_unknown
5,43,60,38,28,34,78,80,43,38,14,44,328,none
6,42,67,38,28,36,78,80,44,39,14,47,328,none
7,43,77,38,28,33,78,80,45,40,14,49,328,none
8,35,88,38,28,37,78,79,47,42,14,55,328,none
9,38,95,38,28,37,78,79,49,44,18,55,328,none
10,44,98,38,28,37,78,79,51,46,18,55,328,none
0,60,15,30,20,20,80,78,40,35,10,30,329,initial
1,59,22,30,20,22,80,78,40,35,10,33,329,none
2,65,24,30,30,21,80,78,40,35,10,32,329,mars_breakthrough
3,64,31,30,30,23,80,78,40,35,10,35,329,none
4,71,35,30,30,20,79,78,39,34,10,34,329,none
5,77,38,30,30,20,79,78,38,33,10,34,329,none
6,76,45,30,30,22,79,78,38,33,10,37,329,none
7,78,51,30,30,29,79,79,38,33,19,38,329,india_transport_success
8,86,56,36,30,23,78,80,38,33,19,38,329,scientific_discovery
9,93,60,36,30,20,77,80,38,33,19,37,329,none
10,95,66,36,30,23,77,80,38,33,23,38,329,none
0,60,15,30,20,20,80,78,40,35,10,30,330,initial
1,66,18,30,20,20,79,77,40,35,10,30,330,none
2,66,24,30,20,23,79,76,40,35,14,32,330,us_base_accident
3,73,28,30,20,20,79,76,39,34,14,31,330,none
4,80,32,30,20,17,79,75,38,33,14,30,330,none
5,86,35,30,20,17,79,75,37,32,14,30,330,none
6,94,40,30,20,11,78,76,36,31,14,28,330,none
7,98,43,30,20,11,78,76,36,31,14,28,330,none
8,96,53,30,20,8,78,76,36,31,14,30,330,none
9,98,57,30,20,5,78,76,36,31,14,29,330,none
10,90,72,30,20,5,77,76,36,31,14,36,330,us_base_accident
0,60,15,30,20,20,80,78,40,35,10,30,331,initial
1,51,24,30,20,26,81,78,40,35,10,36,331,none
2,43,35,30,20,30,80,78,40,35,10,42,331,none
3,39,47,30,20,33,79,78,41,36,14,46,331,none
4,47,52,30,20,27,79,78,42,37,14,44,331,none
5,47,61,30,20,27,80,78,43,38,14,47,331,none
6,54,65,30,20,24,79,78,44,39,14,46,331,none
7,60,68,30,30,24,79,78,45,40,14,46,331,mars_breakthrough
8,70,73,30,30,23,79,78,46,41,14,44,331,new_ice_discovery
9,77,77,30,30,24,79,77,46,41,19,43,331,india_transport_success
10,76,84,30,30,26,80,77,46,41,19,46,331,none
0,60,15,30,20,20,80,78,40,35,10,30,332,initial
1,76,20,30,20,14,81,78,35,30,10,24,332,earth_tension
2,75,27,30,20,16,81,78,34,29,10,27,332,none
3,75,29,35,20,18,81,77,33,28,10,31,332,none
4,73,38,35,20,18,81,77,32,27,10,35,332,chinese_base_accident
5,66,51,35,20,20,82,77,33,28,10,41,332,none
6,73,55,35,20,17,81,77,33,28,10,40,332,none
7,73,63,35,20,16,81,77,33,28,10,42,332,none
8,72,70,35,20,18,81,76,33,28,10,45,332,none
9,65,83,35,20,20,80,76,35,30,10,51,332,none
10,74,86,35,20,21,81,76,35,30,10,49,332,new_ice_discovery
0,60,15,30,20,20,80,78,40,35,10,30,333,initial
1,59,22,30,20,22,81,77,40,35,10,33,333,none
2,66,26,36,20,19,81,77,40,35,10,34,333,scientific_discovery
3,72,29,36,20,23,81,77,39,34,15,34,333,india_transport_success
4,80,34,36,20,17,81,77,38,33,15,32,333,none
5,87,38,36,20,14,81,76,37,32,15,31,333,none
6,94,42,36,20,11,81,76,37,32,15,30,333,none
7,96,48,36,20,14,81,77,37,32,19,31,333,none
8,98,53,36,20,8,81,77,37,32,19,29,333,none
9,96,62,36,20,8,80,77,37,32,19,32,333,none
10,96,70,36,20,7,81,77,37,32,19,34,333,none
0,60,15,30,20,20,80,78,40,35,10,30,334,initial
1,64,20,35,20,20,80,78,40,35,22,33,334,japanese_breakthrough
2,64,28,35,20,19,79,78,40,35,22,35,334,none
3,64,36,35,20,18,80,78,40,35,22,37,334,none
4,56,47,35,20,22,81,78,41,36,22,43,334,none
5,62,49,35,20,21,81,78,42,37,22,42,334,none
6,54,60,35,20,25,82,77,43,38,22,48,334,none
7,46,75,35,20,25,82,77,45,40,22,55,334,us_base_accident
8,56,80,35,20,24,82,77,47,42,22,53,334,new_ice_discovery
9,63,84,35,20,21,82,77,49,44,22,52,334,none
10,59,96,35,20,24,81,77,51,46,26,56,334,none
0,60,15,30,20,20,80,78,40,35,10,30,335,initial
1,58,24,30,20,20,80,78,40,35,10,34,335,chinese_base_accident
2,57,31,30,20,22,81,79,40,35,10,37,335,none
3,68,34,39,29,21,81,80,40,35,14,46,335,rare_unknown
4,71,41,39,29,21,81,79,40,35,18,46,335,none
5,78,45,39,29,18,80,80,40,35,18,45,335,none
6,86,47,39,29,22,80,81,40,35,18,44,335,new_ice_discovery
7,85,57,39,29,19,80,82,40,35,18,47,335,chinese_base_accident
8,91,60,39,29,19,80,81,40,35,18,47,335,none
9,97,63,39,29,19,80,81,40,35,18,47,335,none
10,98,67,39,29,16,80,81,40,35,18,46,335,none
0,60,15,30,20,20,80,78,40,35,10,30,336,initial
1,60,23,30,20,19,80,78,40,35,10,32,336,none
2,60,31,30,20,18,80,79,40,35,10,34,336,none
3,69,35,30,20,20,80,79,40,35,10,33,336,new_ice_discovery
4,64,45,30,20,25,79,79,41,36,14,37,336,none
5,71,49,30,20,22,78,80,41,36,14,36,336,none
6,81,55,30,20,25,78,81,37,32,18,33,336,earth_tension
7,89,60,30,20,19,79,81,37,32,18,31,336,none
8,95,63,30,20,19,78,81,37,32,18,31,336,none
9,95,71,30,20,18,79,81,37,32,18,33,336,none
10,98,76,36,20,12,79,82,37,32,18,33,336,scientific_discovery
0,60,15,30,20,20,80,78,40,35,10,30,337,initial
1,69,18,30,20,21,80,79,40,35,10,28,337,new_ice_discovery
2,77,23,30,20,15,80,79,39,34,10,26,337,none
3,84,27,30,20,12,80,78,38,33,10,25,337,none
4,98,31,30,20,9,81,78,33,28,10,20,337,earth_tension
5,98,36,30,20,3,81,78,32,27,10,18,337,none
6,98,43,30,20,3,82,79,28,23,14,14,337,earth_tension
7,98,46,30,20,7,83,80,28,23,19,14,337,india_transport_success
8,98,49,30,20,7,83,81,28,23,19,14,337,none
9,98,53,30,20,4,82,82,28,23,19,14,337,us_base_accident
10,98,57,30,20,1,82,82,28,23,19,13,337,none
0,60,15,30,20,20,80,78,40,35,10,30,338,initial
1,67,19,30,20,17,80,79,40,35,10,29,338,none
2,74,23,30,20,14,79,79,39,34,10,28,338,none
3,73,30,30,20,16,79,78,38,33,10,31,338,none
4,73,38,30,20,15,79,78,37,32,10,33,338,none
5,73,47,30,20,15,80,78,37,32,10,36,338,none
6,78,48,30,20,17,81,78,37,32,10,36,338,none
7,85,52,30,20,14,80,78,37,32,10,35,338,none
8,84,59,30,20,16,80,78,37,32,10,38,338,none
9,84,67,30,20,15,80,78,37,32,10,40,338,none
10,92,72,30,20,9,81,78,37,32,10,38,338,none
0,60,15,30,20,20,80,78,40,35,10,30,339,initial
1,59,22,30,20,22,81,78,40,35,10,33,339,none
2,58,29,30,20,24,82,78,40,35,10,36,339,none
3,66,34,30,20,18,82,79,40,35,10,34,339,none
4,74,39,30,20,12,81,80,39,34,10,32,339,none
5,73,46,30,20,14,81,79,39,34,10,35,339,none
6,80,50,30,20,11,80,79,39,34,10,34,339,none
7,86,53,30,20,11,80,78,39,34,10,34,339,none
8,78,68,30,20,11,80,78,39,34,10,41,339,us_base_accident
9,78,77,30,20,11,81,79,39,34,10,44,339,none
10,76,86,30,20,11,82,78,39,34,10,48,339,chinese_base_accident
0,60,15,30,20,20,80,78,40,35,10,30,340,initial
1,52,26,30,20,24,80,79,40,35,10,36,340,none
2,48,41,30,20,27,79,79,41,36,22,42,340,japanese_breakthrough
3,46,50,30,20,27,80,79,42,37,22,46,340,us_base_accident
4,54,55,30,20,21,80,79,43,38,22,44,340,none
5,62,63,30,20,20,80,79,40,35,22,42,340,earth_tension
6,70,68,30,20,14,80,78,41,36,22,40,340,none
7,77,72,30,20,11,81,78,41,36,22,39,340,none
8,84,76,30,20,8,81,78,41,36,22,38,340,none
9,84,84,30,20,7,81,78,41,36,22,40,340,none
10,91,88,30,20,4,81,78,41,36,22,39,340,none
0,60,15,30,20,20,80,78,40,35,10,30,341,initial
1,60,24,30,20,20,81,78,40,35,10,33,341,none
2,59,31,30,20,22,81,78,40,35,10,36,341,none
3,66,35,33,28,19,81,79,40,35,14,38,341,rare_unknown
4,73,39,33,28,16,81,79,39,34,14,37,341,none
5,80,43,33,28,17,81,79,39,34,19,36,341,india_transport_success
6,79,50,33,28,19,80,79,39,34,19,39,341,none
7,77,62,33,28,25,80,79,39,34,35,43,341,japanese_breakthrough
8,77,71,33,28,25,80,79,39,34,35,46,341,none
9,77,80,33,28,25,81,80,39,34,35,49,341,none
10,77,88,33,28,24,81,80,40,35,35,51,341,none
0,60,15,30,20,20,80,78,40,35,10,30,342,initial
1,60,23,36,20,19,80,79,40,35,10,34,342,scientific_discovery
2,66,26,36,20,19,80,79,40,35,10,34,342,none
3,73,30,36,20,16,80,78,39,34,10,33,342,none
4,74,40,36,20,13,80,78,38,33,10,35,342,none
5,82,45,36,20,7,79,77,38,33,10,33,342,none
6,89,43,41,20,7,80,77,38,33,10,34,342,none
7,81,54,41,20,11,79,76,38,33,10,40,342,none
8,88,58,41,20,12,79,76,38,33,15,39,342,india_transport_success
9,95,62,41,20,9,79,75,38,33,15,38,342,none
10,98,67,41,20,3,78,75,38,33,15,36,342,none
0,60,15,30,20,20,80,78,40,35,10,30,343,initial
1,59,22,30,20,22,80,78,40,35,10,33,343,none
2,59,30,30,20,21,80,77,40,35,10,35,343,none
3,66,33,30,20,17,80,78,40,35,10,33,343,none
4,72,36,30,20,17,80,78,39,34,10,33,343,none
5,71,43,30,20,19,80,78,39,34,10,36,343,none
6,78,47,30,20,16,81,77,39,34,10,35,343,none
7,75,51,37,22,13,82,77,39,34,19,34,343,rare_unknown
8,74,58,37,22,15,83,77,39,34,19,37,343,none
9,80,61,37,22,15,83,77,39,34,19,37,343,none
10,86,64,37,22,15,83,77,39,34,19,37,343,none
0,60,15,30,20,20,80,78,40,35,10,30,344,initial
1,60,23,30,20,19,80,78,40,35,10,32,344,none
2,59,30,30,20,21,80,78,40,35,10,35,344,none
3,59,38,30,20,20,80,79,40,35,10,37,344,none
4,58,45,30,20,22,80,80,41,36,10,40,344,none
5,60,54,30,20,25,79,80,42,37,22,43,344,japanese_breakthrough
6,63,61,30,20,25,79,81,43,38,26,43,344,none
7,62,68,30,20,27,79,81,44,39,26,46,344,none
8,56,83,30,20,27,80,81,46,41,26,52,344,none
9,55,90,30,20,29,79,82,48,43,26,55,344,none
10,47,100,30,20,29,78,82,50,45,26,62,344,us_base_accident
0,60,15,30,20,20,80,78,40,35,10,30,345,initial
1,59,22,30,20,22,80,77,40,35,10,33,345,none
2,54,32,30,20,27,79,77,40,35,14,37,345,none
3,46,43,30,20,31,79,76,41,36,14,43,345,none
4,46,51,30,20,30,78,76,42,37,14,45,345,none
5,45,58,30,20,32,78,77,43,38,14,48,345,none
6,53,63,30,20,26,77,77,44,39,14,46,345,none
7,46,76,30,20,28,77,76,46,41,14,52,345,none
8,46,84,30,20,27,77,76,48,43,14,54,345,none
9,38,95,30,20,31,76,76,50,45,14,60,345,none
10,30,100,30,20,35,77,75,52,47,14,66,345,none
0,60,15,30,20,20,80,78,40,35,10,30,346,initial
1,67,18,36,20,16,80,77,40,35,10,30,346,scientific_discovery
2,73,21,36,20,16,80,77,39,34,10,30,346,none
3,80,25,36,20,13,80,78,38,33,10,29,346,none
4,89,28,36,20,14,80,79,37,32,10,27,346,new_ice_discovery
5,96,32,36,20,11,80,78,36,31,10,26,346,none
6,96,40,36,20,10,81,78,35,30,10,28,346,none
7,98,44,36,20,7,81,78,35,30,10,27,346,none
8,98,48,36,20,4,80,79,35,30,10,26,346,none
9,98,51,36,20,4,81,79,35,30,10,26,346,none
10,98,55,36,20,1,80,78,35,30,10,25,346,none
0,60,15,30,20,20,80,78,40,35,10,30,347,initial
1,68,20,30,20,14,80,78,40,35,10,28,347,none
2,60,31,30,20,18,80,78,40,35,10,34,347,none
3,66,33,30,30,17,80,78,40,35,10,33,347,mars_breakthrough
4,66,42,30,30,17,81,78,41,36,10,36,347,none
5,74,47,30,30,11,81,79,41,36,10,34,347,none
6,73,54,30,30,13,82,79,41,36,10,37,347,none
7,80,58,30,30,10,82,80,41,36,10,36,347,none
8,78,67,30,30,10,82,81,41,36,10,40,347,us_base_accident
9,79,71,35,30,10,82,81,41,36,10,44,347,none
10,87,76,35,30,4,83,81,41,36,10,42,347,none
0,60,15,30,20,20,80,78,40,35,10,30,348,initial
1,60,23,30,20,19,79,79,40,35,10,32,348,none
2,55,33,30,20,24,78,78,40,35,14,36,348,none
3,55,42,30,20,24,78,77,41,36,14,39,348,none
4,55,50,30,20,23,77,77,42,37,14,41,348,none
5,54,57,30,20,25,77,77,43,38,14,44,348,none
6,55,67,30,20,22,77,78,44,39,14,46,348,none
7,61,69,30,20,21,77,79,45,40,14,45,348,none
8,59,74,30,20,25,77,79,46,41,14,48,348,none
9,62,81,30,20,25,78,80,47,42,18,48,348,none
10,54,92,30,20,29,77,80,49,44,18,54,348,none
0,60,15,30,20,20,80,78,40,35,10,30,349,initial
1,66,19,36,18,17,80,78,40,35,14,35,349,rare_unknown
2,58,30,36,18,21,80,78,40,35,14,41,349,none
3,65,34,36,18,18,80,79,40,35,14,40,349,none
4,65,42,36,18,17,80,79,41,36,14,42,349,none
5,72,46,36,18,14,81,78,41,36,14,41,349,none
6,70,55,36,18,14,81,78,42,37,14,45,349,chinese_base_accident
7,70,64,36,18,14,81,77,43,38,14,48,349,none
8,70,73,36,18,14,81,77,45,40,14,51,349,none
9,70,82,36,18,14,80,78,47,42,14,54,349,none
10,69,89,36,18,16,81,79,49,44,14,57,349,none
0,60,15,30,20,20,80,78,40,35,10,30,350,initial
1,60,23,30,20,19,81,77,40,35,10,32,350,none
2,64,28,35,20,19,81,78,40,35,22,35,350,japanese_breakthrough
3,64,36,35,20,18,82,77,40,35,22,37,350,none
4,63,43,35,20,20,83,78,41,36,22,40,350,none
5,62,50,35,20,22,83,77,42,37,22,43,350,none
6,77,54,35,20,19,84,76,38,33,22,38,350,earth_tension
7,80,61,35,20,19,83,75,38,33,26,38,350,none
8,87,65,35,20,16,83,76,38,33,26,37,350,none
9,85,74,35,20,16,82,76,38,33,26,41,350,us_base_accident
10,77,85,35,20,20,81,75,38,33,26,47,350,none
0,60,15,30,20,20,80,78,40,35,10,30,351,initial
1,53,28,30,20,22,80,79,40,35,10,36,351,none
2,53,36,30,20,21,81,80,40,35,10,38,351,none
3,45,47,30,20,25,81,80,41,36,10,44,351,none
4,37,58,30,20,29,82,80,42,37,10,50,351,none
5,36,64,30,20,30,83,80,44,39,10,52,351,none
6,36,73,30,30,30,82,80,46,41,10,55,351,mars_breakthrough
7,28,84,30,30,34,83,80,48,43,10,61,351,none
8,27,91,30,30,36,84,80,50,45,10,64,351,none
9,33,94,30,30,36,84,80,52,47,10,64,351,none
10,40,98,30,30,33,85,79,54,49,10,63,351,none
0,60,15,30,20,20,80,78,40,35,10,30,352,initial
1,67,19,30,30,17,79,79,40,35,10,29,352,mars_breakthrough
2,67,27,30,30,16,80,78,40,35,10,31,352,none
3,65,32,30,30,20,80,77,40,35,10,34,352,none
4,72,36,30,30,17,80,78,39,34,10,33,352,none
5,71,43,30,30,19,80,78,39,34,10,36,352,none
6,71,52,30,30,19,80,77,39,34,10,39,352,none
7,71,60,30,30,18,80,76,39,34,10,41,352,none
8,73,66,30,30,21,80,76,39,34,14,42,352,none
9,73,75,30,30,25,81,77,39,34,19,45,352,india_transport_success
10,80,79,30,30,22,80,77,39,34,19,44,352,none
0,60,15,30,20,20,80,78,40,35,10,30,353,initial
1,60,23,30,20,19,80,79,40,35,10,32,353,none
2,59,30,30,20,21,80,80,40,35,10,35,353,none
3,58,37,30,20,23,80,80,40,35,10,38,353,none
4,53,47,30,20,28,81,81,41,36,14,42,353,none
5,51,56,30,20,28,80,81,42,37,14,46,353,us_base_accident
6,59,55,35,20,25,80,81,43,38,14,46,353,none
7,58,62,35,20,27,80,80,44,39,14,49,353,none
8,66,65,35,20,32,80,81,45,40,14,49,353,new_ice_discovery
9,72,68,35,20,32,81,81,45,40,14,49,353,none
10,87,72,35,20,29,81,81,41,36,14,44,353,earth_tension
0,60,15,30,20,20,80,78,40,35,10,30,354,initial
1,59,22,30,20,22,80,79,40,35,10,33,354,none
2,51,33,30,20,26,80,79,40,35,10,39,354,none
3,44,46,30,20,28,79,79,41,36,10,45,354,none
4,52,51,30,20,22,79,79,42,37,10,43,354,none
5,51,58,30,20,24,78,79,43,38,10,46,354,none
6,51,66,30,20,23,78,79,44,39,10,48,354,none
7,51,74,30,20,22,78,80,45,40,10,50,354,none
8,43,85,30,20,26,78,81,47,42,10,56,354,none
9,42,92,30,20,28,78,81,49,44,10,59,354,none
10,34,100,30,20,32,78,81,51,46,10,65,354,none
0,60,15,30,20,20,80,78,40,35,10,30,355,initial
1,62,20,41,20,17,79,78,40,35,10,35,355,scientific_discovery
2,72,25,41,20,16,79,77,39,34,10,33,355,new_ice_discovery
3,72,34,41,20,16,80,77,38,33,10,36,355,none
4,68,49,41,20,19,80,77,39,34,22,42,355,japanese_breakthrough
5,74,52,41,20,19,81,76,39,34,22,42,355,none
6,81,56,41,20,16,81,75,39,34,22,41,355,none
7,87,58,41,30,15,82,74,39,34,22,40,355,mars_breakthrough
8,87,66,41,30,14,82,74,39,34,22,42,355,none
9,94,70,41,30,11,81,73,39,34,22,41,355,none
10,98,75,41,30,5,81,72,39,34,22,39,355,none
0,60,15,30,20,20,80,78,40,35,10,30,356,initial
1,59,22,35,20,26,81,78,40,35,26,35,356,japanese_breakthrough
2,66,26,35,20,23,82,79,40,35,26,34,356,none
3,73,30,35,20,20,81,79,39,34,26,33,356,none
4,81,35,35,20,14,82,78,38,33,26,31,356,none
5,82,45,35,20,11,82,78,38,33,26,33,356,none
6,88,48,35,20,11,82,78,38,33,26,33,356,none
7,86,57,35,20,11,82,79,38,33,26,37,356,chinese_base_accident
8,93,61,35,20,8,82,79,38,33,26,36,356,none
9,98,64,35,20,8,83,79,38,33,26,36,356,none
10,98,68,35,20,5,83,79,38,33,26,35,356,none
0,60,15,30,20,20,80,78,40,35,10,30,357,initial
1,59,22,30,20,22,80,77,40,35,10,33,357,none
2,58,29,30,20,24,80,77,40,35,10,36,357,none
3,58,37,30,20,23,80,77,40,35,10,38,357,none
4,59,47,30,20,20,80,76,41,36,10,40,357,none
5,60,57,30,20,17,80,77,42,37,10,42,357,none
6,67,61,30,20,14,79,78,43,38,10,41,357,none
7,74,65,30,20,11,79,78,43,38,10,40,357,none
8,81,69,30,20,8,79,78,43,38,10,39,357,none
9,88,73,30,20,5,79,79,43,38,10,38,357,none
10,97,73,41,20,0,79,80,43,38,10,39,357,scientific_discovery
0,60,15,30,20,20,80,78,40,35,10,30,358,initial
1,68,20,30,20,14,79,78,40,35,10,28,358,none
2,68,28,30,20,13,80,77,40,35,10,30,358,none
3,74,31,30,20,13,80,76,39,34,10,30,358,none
4,66,46,30,20,13,80,75,40,35,10,37,358,chinese_base_accident
5,65,56,30,20,15,80,74,41,36,18,42,358,japanese_breakthrough
6,65,64,30,20,14,80,74,42,37,18,44,358,none
7,71,67,30,20,14,79,74,42,37,18,44,358,none
8,79,66,41,20,11,80,75,42,37,18,46,358,scientific_discovery
9,78,75,48,24,11,80,74,42,37,20,50,358,rare_unknown
10,84,77,48,24,10,80,74,42,37,20,49,358,none
0,60,15,30,20,20,80,78,40,35,10,30,359,initial
1,57,25,35,20,23,80,78,40,35,22,37,359,japanese_breakthrough
2,59,29,36,25,23,79,79,40,35,22,38,359,rare_unknown
3,59,37,36,25,22,80,80,40,35,22,40,359,none
4,64,41,43,27,19,79,81,41,36,19,44,359,rare_unknown
5,70,44,43,27,19,79,81,42,37,19,44,359,none
6,72,48,43,42,19,79,81,42,37,19,45,359,mars_breakthrough
7,73,58,43,42,16,79,80,42,37,19,47,359,none
8,64,67,43,42,22,78,80,44,39,19,53,359,none
9,71,71,43,42,19,77,80,45,40,19,52,359,none
10,73,77,43,42,22,77,80,46,41,23,53,359,none
0,60,15,30,20,20,80,78,40,35,10,30,360,initial
1,59,22,30,20,22,80,77,40,35,10,33,360,none
2,58,29,30,20,24,79,77,40,35,10,36,360,none
3,58,37,30,20,23,80,76,40,35,10,38,360,none
4,65,41,30,20,20,81,76,41,36,10,37,360,none
5,72,45,30,20,17,80,76,41,36,10,36,360,none
6,80,50,30,20,11,80,75,41,36,10,34,360,none
7,81,60,30,20,8,80,76,41,36,10,36,360,none
8,79,69,30,20,8,79,76,41,36,10,40,360,us_base_accident
9,72,82,30,20,10,79,76,41,36,10,46,360,none
10,70,87,30,20,14,80,77,42,37,10,49,360,none
0,60,15,30,20,20,80,78,40,35,10,30,361,initial
1,60,24,30,20,20,81,79,40,35,10,33,361,none
2,60,32,30,20,19,80,80,40,35,10,35,361,none
3,59,39,30,20,21,81,80,40,35,10,38,361,none
4,51,50,30,20,25,82,81,41,36,10,44,361,none
5,60,60,30,20,22,82,82,38,33,10,42,361,earth_tension
6,64,66,30,20,30,82,82,39,34,14,43,361,new_ice_discovery
7,64,74,30,20,29,83,82,40,35,14,45,361,none
8,56,85,30,20,33,83,82,42,37,14,51,361,none
9,56,94,30,20,33,84,82,44,39,14,54,361,none
10,56,100,30,20,32,84,82,46,41,14,56,361,none
0,60,15,30,20,20,80,78,40,35,10,30,362,initial
1,63,25,30,20,20,79,78,40,35,22,32,362,japanese_breakthrough
2,59,37,30,20,27,79,78,40,35,31,36,362,india_transport_success
3,54,47,30,20,32,79,78,41,36,35,40,362,none
4,61,51,30,20,29,79,78,42,37,35,39,362,none
5,61,54,25,25,29,80,79,43,38,45,42,362,rare_unknown
6,68,58,25,25,26,79,79,44,39,45,41,362,none
7,76,63,25,25,20,79,79,44,39,45,39,362,none
8,83,67,25,25,17,79,79,44,39,45,38,362,none
9,88,68,25,25,19,78,79,44,39,45,38,362,none
10,87,75,25,25,21,77,79,44,39,45,41,362,none
0,60,15,30,20,20,80,78,40,35,10,30,363,initial
1,71,15,35,20,19,80,79,39,34,10,29,363,new_ice_discovery
2,71,23,35,20,18,81,79,38,33,10,31,363,none
3,69,35,35,20,24,81,80,38,33,26,35,363,japanese_breakthrough
4,77,40,35,20,18,80,81,37,32,26,33,363,none
5,85,45,35,20,12,80,81,37,32,26,31,363,none
6,83,54,35,20,12,80,81,37,32,26,35,363,chinese_base_accident
7,93,59,35,20,11,80,80,37,32,26,33,363,new_ice_discovery
8,98,62,35,20,11,80,80,37,32,26,33,363,none
9,98,66,35,20,8,81,80,33,28,26,28,363,earth_tension
10,90,81,35,20,8,81,80,33,28,26,35,363,chinese_base_accident
0,60,15,30,20,20,80,78,40,35,10,30,364,initial
1,68,20,30,20,14,79,77,40,35,10,28,364,none
2,72,25,35,20,14,79,76,39,34,22,31,364,japanese_breakthrough
3,71,32,35,20,16,79,77,38,33,22,34,364,none
4,77,35,35,20,16,80,77,37,32,22,34,364,none
5,83,38,35,20,16,80,77,36,31,22,34,364,none
6,82,45,35,20,18,80,76,36,31,22,37,364,none
7,89,49,35,20,15,80,76,36,31,22,36,364,none
8,95,52,35,20,15,80,77,36,31,22,36,364,none
9,98,57,35,20,14,80,76,36,31,22,34,364,new_ice_discovery
10,99,57,46,20,8,80,75,36,31,22,35,364,scientific_discovery
0,60,15,30,20,20,80,78,40,35,10,30,365,initial
1,59,22,30,20,22,80,79,40,35,10,33,365,none
2,67,27,30,20,16,80,78,40,35,10,31,365,none
3,66,34,30,20,18,81,77,40,35,10,34,365,none
4,67,40,30,20,24,81,77,40,35,10,36,365,new_ice_discovery
5,73,42,30,20,23,81,77,40,35,10,35,365,none
6,79,45,30,20,23,80,77,40,35,10,35,365,none
7,89,50,30,20,22,81,77,40,35,10,33,365,new_ice_discovery
8,96,54,30,20,19,82,77,40,35,10,32,365,none
9,96,63,30,20,19,82,77,40,35,10,35,365,none
10,98,68,30,20,18,82,77,40,35,10,33,365,new_ice_discovery
0,60,15,30,20,20,80,78,40,35,10,30,366,initial
1,68,20,30,20,14,80,77,40,35,10,28,366,none
2,70,24,30,35,14,81,76,40,35,10,29,366,mars_breakthrough
3,70,32,30,35,13,81,76,40,35,10,31,366,none
4,77,36,30,35,10,81,76,39,34,10,30,366,none
5,85,41,30,35,4,82,75,39,34,10,28,366,none
6,77,56,30,35,4,82,75,39,34,10,35,366,chinese_base_accident
7,84,60,30,35,1,82,76,39,34,10,34,366,none
8,91,64,30,35,0,82,76,39,34,10,33,366,none
9,97,67,30,35,0,83,75,39,34,10,33,366,none
10,97,70,30,35,2,84,74,39,34,10,31,366,none
0,60,15,30,20,20,80,78,40,35,10,30,367,initial
1,68,20,30,20,14,80,78,40,35,10,28,367,none
2,66,32,30,20,20,81,78,40,35,26,32,367,japanese_breakthrough
3,65,39,30,20,22,80,77,40,35,26,35,367,none
4,76,43,26,29,19,80,77,40,35,27,38,367,rare_unknown
5,83,47,26,29,16,81,77,40,35,27,37,367,none
6,85,56,26,29,19,81,76,40,35,39,40,367,japanese_breakthrough
7,94,66,26,29,16,82,76,36,31,39,38,367,earth_tension
8,98,70,26,29,13,82,75,36,31,39,37,367,none
9,91,83,26,29,15,83,74,36,31,39,43,367,none
10,98,87,26,29,16,83,73,36,31,44,42,367,india_transport_success
0,60,15,30,20,20,80,78,40,35,10,30,368,initial
1,52,26,30,20,24,81,77,40,35,10,36,368,none
2,52,34,30,20,23,80,77,40,35,10,38,368,none
3,51,41,30,20,25,79,77,41,36,10,41,368,none
4,58,45,30,20,22,79,77,42,37,10,40,368,none
5,57,52,30,20,24,79,78,43,38,10,43,368,none
6,56,59,30,20,26,78,78,44,39,10,46,368,none
7,62,62,30,20,30,77,79,45,40,15,46,368,india_transport_success
8,61,69,30,20,32,77,78,46,41,15,49,368,none
9,60,76,30,20,34,78,78,48,43,15,52,368,none
10,63,83,30,20,34,77,79,50,45,19,52,368,none
0,60,15,30,20,20,80,78,40,35,10,30,369,initial
1,68,20,30,20,14,79,79,40,35,10,28,369,none
2,66,29,30,20,14,79,79,40,35,10,32,369,us_base_accident
3,58,40,30,20,18,79,80,40,35,10,38,369,none
4,57,47,30,20,20,79,80,41,36,10,41,369,none
5,57,56,30,20,20,79,80,42,37,10,44,369,none
6,64,60,30,20,17,79,80,43,38,10,43,369,none
7,78,59,31,25,14,79,79,43,38,20,50,369,rare_unknown
8,77,66,31,25,16,78,79,44,39,20,53,369,none
9,80,73,31,25,20,77,79,45,40,29,53,369,india_transport_success
10,76,81,36,25,25,76,79,46,41,41,60,369,japanese_breakthrough
0,60,15,30,20,20,80,78,40,35,10,30,370,initial
1,60,23,30,20,19,80,79,40,35,10,32,370,none
2,66,26,30,20,19,80,79,40,35,10,32,370,none
3,66,34,30,20,18,79,79,40,35,10,34,370,none
4,66,42,30,20,17,79,79,41,36,10,36,370,none
5,58,57,30,20,17,79,80,42,37,10,43,370,chinese_base_accident
6,57,64,30,20,19,79,80,43,38,10,46,370,none
7,49,75,30,20,23,78,80,45,40,10,52,370,none
8,44,85,30,20,28,78,81,47,42,14,56,370,none
9,50,88,30,20,28,77,81,49,44,14,56,370,none
10,49,95,30,20,30,76,81,51,46,14,59,370,none
0,60,15,30,20,20,80,78,40,35,10,30,371,initial
1,67,19,30,20,17,80,77,40,35,10,29,371,none
2,66,26,30,20,19,80,77,40,35,10,32,371,none
3,65,33,30,20,21,80,77,40,35,10,35,371,none
4,63,42,30,20,21,80,77,41,36,10,39,371,chinese_base_accident
5,63,51,30,20,21,80,77,42,37,10,42,371,none
6,70,55,30,20,18,80,76,43,38,10,41,371,none
7,77,59,30,20,15,80,76,43,38,10,40,371,none
8,79,65,30,20,18,79,76,43,38,14,41,371,none
9,71,76,30,20,22,80,77,43,38,14,47,371,none
10,70,83,30,20,24,79,77,44,39,14,50,371,none
0,60,15,30,20,20,80,78,40,35,10,30,372,initial
1,60,23,30,20,19,79,78,40,35,10,32,372,none
2,59,30,30,20,21,79,77,40,35,10,35,372,none
3,52,43,30,20,23,79,78,41,36,10,41,372,none
4,59,47,30,20,20,78,77,42,37,10,40,372,none
5,55,59,30,20,23,79,77,43,38,14,44,372,none
6,62,63,30,20,20,79,78,44,39,14,43,372,none
7,70,72,30,20,20,79,78,41,36,14,42,372,earth_tension
8,69,79,30,20,22,79,79,42,37,14,45,372,none
9,69,88,30,20,22,79,79,43,38,14,48,372,none
10,69,96,30,20,21,79,79,44,39,14,50,372,none
0,60,15,30,20,20,80,78,40,35,10,30,373,initial
1,60,23,30,20,19,81,79,40,35,10,32,373,none
2,68,28,30,20,13,82,79,40,35,10,30,373,none
3,60,39,30,20,17,83,79,40,35,10,36,373,none
4,59,46,30,20,19,83,80,41,36,10,39,373,none
5,62,50,31,18,16,82,80,42,37,20,41,373,rare_unknown
6,69,54,31,18,13,83,80,43,38,20,40,373,none
7,69,62,31,18,12,83,80,44,39,20,42,373,none
8,71,68,31,18,19,84,80,44,39,29,43,373,india_transport_success
9,79,73,31,18,13,84,80,44,39,29,41,373,none
10,86,77,31,18,10,83,80,44,39,29,40,373,none
0,60,15,30,20,20,80,78,40,35,10,30,374,initial
1,67,19,30,20,21,79,77,40,35,15,29,374,india_transport_success
2,69,25,30,20,28,80,78,40,35,24,30,374,india_transport_success
3,76,29,30,20,25,79,78,39,34,24,29,374,none
4,75,36,30,20,27,78,78,38,33,24,32,374,none
5,75,44,30,20,26,78,77,38,33,24,34,374,none
6,77,53,30,20,29,77,76,38,33,36,37,374,japanese_breakthrough
7,84,57,30,20,26,77,76,38,33,36,36,374,none
8,93,61,30,20,28,77,76,38,33,36,35,374,new_ice_discovery
9,92,68,30,20,30,78,76,38,33,36,38,374,none
10,98,71,30,20,30,79,76,38,33,36,38,374,none
0,60,15,30,20,20,80,78,40,35,10,30,375,initial
1,60,24,30,30,20,79,78,40,35,10,33,375,mars_breakthrough
2,60,32,30,30,19,79,78,40,35,10,35,375,none
3,52,43,30,30,23,79,78,41,36,10,41,375,none
4,55,50,30,30,23,79,78,42,37,14,41,375,none
5,69,53,30,30,23,80,78,39,34,14,37,375,earth_tension
6,68,60,30,30,25,80,77,40,35,14,40,375,none
7,75,64,30,30,22,80,77,40,35,14,39,375,none
8,82,68,30,30,19,80,76,40,35,14,38,375,none
9,90,73,30,30,13,80,76,40,35,14,36,375,none
10,96,76,30,30,13,80,75,40,35,14,36,375,none
0,60,15,30,20,20,80,78,40,35,10,30,376,initial
1,69,18,30,20,21,80,78,40,35,10,28,376,new_ice_discovery
2,61,29,30,20,25,79,79,40,35,10,34,376,none
3,60,36,30,20,27,79,79,40,35,10,37,376,none
4,63,43,30,20,27,79,80,41,36,14,37,376,none
5,62,50,30,20,29,79,79,42,37,14,40,376,none
6,70,55,30,20,23,79,79,43,38,14,38,376,none
7,70,63,30,20,22,79,80,44,39,14,40,376,none
8,63,76,30,20,24,79,79,45,40,14,46,376,none
9,63,85,30,20,24,80,79,46,41,14,49,376,none
10,56,98,30,20,26,81,79,48,43,14,55,376,none
0,60,15,30,20,20,80,78,40,35,10,30,377,initial
1,67,19,30,20,17,81,79,40,35,10,29,377,none
2,67,27,30,20,16,81,79,40,35,10,31,377,none
3,69,32,30,20,18,81,78,40,35,14,31,377,none
4,61,43,30,20,22,81,79,41,36,14,37,377,none
5,53,54,30,20,26,81,80,42,37,14,43,377,none
6,53,63,30,20,26,82,79,43,38,14,46,377,none
7,61,68,30,20,20,81,78,44,39,14,44,377,none
8,62,78,30,20,17,80,78,45,40,14,46,377,none
9,61,85,30,20,19,79,78,46,41,14,49,377,none
10,60,92,30,20,21,79,78,48,43,14,52,377,none
0,60,15,30,20,20,80,78,40,35,10,30,378,initial
1,60,24,30,20,20,80,79,40,35,10,33,378,none
2,59,31,30,20,22,80,80,40,35,10,36,378,none
3,62,38,30,20,22,81,80,40,35,14,36,378,none
4,69,42,30,30,19,81,80,41,36,14,35,378,mars_breakthrough
5,68,49,30,30,21,82,80,42,37,14,38,378,none
6,76,54,30,30,15,81,79,42,37,14,36,378,none
7,72,66,30,30,18,82,79,42,37,18,40,378,none
8,78,69,30,30,18,81,79,42,37,18,40,378,none
9,78,78,30,30,18,81,80,42,37,18,43,378,none
10,85,82,30,30,15,81,80,42,37,18,42,378,none
0,60,15,30,20,20,80,78,40,35,10,30,379,initial
1,58,20,30,20,24,80,78,40,35,10,33,379,none
2,68,25,30,20,23,81,77,40,35,10,31,379,new_ice_discovery
3,68,34,30,20,23,82,77,40,35,10,34,379,none
4,76,39,30,20,17,82,77,39,34,10,32,379,none
5,89,42,38,20,17,82,76,39,34,19,32,379,rare_unknown
6,96,46,38,20,14,82,76,39,34,19,31,379,none
7,96,56,38,20,11,82,77,39,34,19,33,379,none
8,98,60,38,20,8,82,77,39,34,19,32,379,none
9,98,63,38,20,8,82,77,39,34,19,32,379,none
10,98,66,38,20,8,82,77,39,34,19,32,379,none
0,60,15,30,20,20,80,78,40,35,10,30,380,initial
1,67,22,30,20,22,79,77,36,31,10,29,380,earth_tension
2,75,27,30,20,16,78,77,35,30,10,27,380,none
3,74,34,30,20,18,78,77,34,29,10,30,380,none
4,66,45,30,20,22,78,76,35,30,10,36,380,none
5,73,49,30,20,19,77,76,35,30,10,35,380,none
6,73,58,30,20,19,77,75,35,30,10,38,380,none
7,76,68,30,20,19,77,75,35,30,22,40,380,japanese_breakthrough
8,82,71,30,20,19,78,75,35,30,22,40,380,none
9,82,79,30,20,18,77,74,35,30,22,42,380,none
10,81,86,30,20,20,77,73,35,30,22,45,380,none
0,60,15,30,20,20,80,78,40,35,10,30,381,initial
1,53,28,30,20,22,80,78,40,35,10,36,381,none
2,60,32,30,20,19,79,78,40,35,10,35,381,none
3,52,43,30,20,23,79,78,41,36,10,41,381,none
4,52,51,30,20,22,79,78,42,37,10,43,381,none
5,52,59,30,20,21,78,78,43,38,10,45,381,none
6,60,64,30,20,15,78,77,44,39,10,43,381,none
7,62,70,30,20,18,79,77,45,40,14,44,381,none
8,61,77,30,20,20,79,78,46,41,14,47,381,none
9,61,86,30,20,20,78,78,47,42,14,50,381,none
10,72,86,35,20,19,78,77,47,42,14,49,381,new_ice_discovery
0,60,15,30,20,20,80,78,40,35,10,30,382,initial
1,60,24,30,20,20,80,77,40,35,10,33,382,none
2,66,27,30,20,20,80,77,40,35,10,33,382,none
3,65,34,30,20,22,80,76,40,35,10,36,382,none
4,72,32,41,20,22,80,76,39,34,10,39,382,scientific_discovery
5,72,41,41,20,22,80,77,39,34,10,42,382,none
6,75,48,41,20,22,80,78,39,34,14,42,382,none
7,75,57,41,20,22,80,79,39,34,14,45,382,none
8,85,62,41,20,21,79,78,39,34,14,43,382,new_ice_discovery
9,85,71,41,20,21,78,78,39,34,14,46,382,none
10,92,75,41,20,22,78,78,39,34,19,45,382,india_transport_success
0,60,15,30,20,20,80,78,40,35,10,30,383,initial
1,60,23,30,20,19,80,78,40,35,10,32,383,none
2,60,31,30,20,18,80,77,40,35,10,34,383,none
3,60,40,30,20,18,79,77,40,35,10,37,383,none
4,66,43,30,20,22,79,77,41,36,15,37,383,india_transport_success
5,68,49,30,20,29,79,78,42,37,24,38,383,india_transport_success
6,78,48,35,20,31,79,79,42,37,24,38,383,new_ice_discovery
7,83,52,35,20,28,80,78,42,37,24,38,383,us_base_accident
8,83,60,35,20,27,80,78,42,37,24,40,383,none
9,89,63,35,20,27,80,77,42,37,24,40,383,none
10,97,68,35,20,21,80,77,42,37,24,38,383,none
0,60,15,30,20,20,80,78,40,35,10,30,384,initial
1,55,25,30,20,25,79,78,40,35,14,34,384,none
2,62,29,30,20,22,79,77,40,35,14,33,384,none
3,69,33,30,20,19,79,77,40,35,14,32,384,none
4,72,40,30,20,19,79,77,39,34,18,32,384,none
5,82,45,30,20,18,78,77,39,34,18,30,384,new_ice_discovery
6,89,49,30,20,15,77,76,39,34,18,29,384,none
7,96,53,30,20,12,77,77,39,34,18,28,384,none
8,94,62,30,20,12,76,78,39,34,18,32,384,chinese_base_accident
9,98,65,30,20,12,76,78,39,34,18,32,384,none
10,97,69,35,20,12,76,77,39,34,18,36,384,none
0,60,15,30,20,20,80,78,40,35,10,30,385,initial
1,52,21,25,23,23,79,78,40,35,9,39,385,rare_unknown
2,51,28,25,23,25,78,78,40,35,9,42,385,none
3,50,35,25,23,27,78,78,40,35,9,45,385,none
4,51,39,25,23,32,79,79,40,35,13,46,385,none
5,50,46,25,23,34,79,79,41,36,13,49,385,none
6,43,59,25,23,36,80,79,43,38,13,55,385,none
7,43,67,25,23,35,80,80,45,40,13,57,385,none
8,42,74,25,23,37,79,80,47,42,13,60,385,none
9,34,85,25,23,41,79,80,49,44,13,66,385,none
10,38,88,25,23,41,79,80,51,46,13,67,385,us_base_accident
0,60,15,30,20,20,80,78,40,35,10,30,386,initial
1,67,19,30,20,17,80,78,40,35,10,29,386,none
2,59,30,30,20,21,81,78,40,35,10,35,386,none
3,66,34,30,20,18,81,78,40,35,10,34,386,none
4,58,45,30,20,22,82,79,41,36,10,40,386,none
5,64,47,30,30,21,82,79,42,37,10,39,386,mars_breakthrough
6,64,55,30,30,20,81,79,43,38,10,41,386,none
7,67,62,30,30,20,81,78,44,39,14,41,386,none
8,61,77,30,30,24,82,79,45,40,19,47,386,india_transport_success
9,71,82,30,30,23,82,79,45,40,19,45,386,new_ice_discovery
10,78,86,30,30,20,81,80,45,40,19,44,386,none
0,60,15,30,20,20,80,78,40,35,10,30,387,initial
1,68,20,30,20,14,80,78,40,35,10,28,387,none
2,68,28,30,20,13,80,78,40,35,10,30,387,none
3,75,32,30,20,10,81,77,39,34,10,29,387,none
4,74,39,30,20,12,81,77,38,33,10,32,387,none
5,76,45,30,30,15,80,76,38,33,14,33,387,mars_breakthrough
6,82,47,30,30,14,80,75,38,33,14,32,387,none
7,81,54,30,30,16,79,76,38,33,14,35,387,none
8,89,63,30,30,16,78,76,34,29,14,34,387,earth_tension
9,87,68,40,30,19,78,76,34,29,26,42,387,japanese_breakthrough
10,93,71,40,30,19,78,76,34,29,26,42,387,none
0,60,15,30,20,20,80,78,40,35,10,30,388,initial
1,60,23,30,20,19,80,79,40,35,10,32,388,none
2,52,38,30,20,19,79,78,40,35,10,39,388,us_base_accident
3,59,42,30,20,16,79,78,41,36,10,38,388,none
4,59,51,30,20,16,79,77,42,37,10,41,388,none
5,59,59,30,20,15,79,76,43,38,10,43,388,none
6,60,69,30,20,12,79,76,44,39,10,45,388,none
7,65,73,30,20,9,79,75,45,40,10,45,388,chinese_base_accident
8,72,77,30,20,6,80,74,45,40,10,44,388,none
9,71,84,30,20,8,80,74,45,40,10,47,388,none
10,78,88,30,20,5,80,74,45,40,10,46,388,none
0,60,15,30,20,20,80,78,40,35,10,30,389,initial
1,59,22,30,20,22,79,78,40,35,10,33,389,none
2,59,30,30,20,21,79,79,40,35,10,35,389,none
3,59,38,30,20,20,79,79,40,35,10,37,389,none
4,58,45,30,20,22,80,79,41,36,10,40,389,none
5,66,50,30,20,16,80,79,42,37,10,38,389,none
6,73,54,30,20,13,80,80,42,37,10,37,389,none
7,76,61,30,20,13,81,80,42,37,14,37,389,none
8,77,71,30,20,10,81,79,42,37,14,39,389,none
9,84,75,30,20,7,80,79,42,37,14,38,389,none
10,89,76,30,30,9,80,80,42,37,14,38,389,mars_breakthrough
0,60,15,30,20,20,80,78,40,35,10,30,390,initial
1,67,19,30,20,17,80,78,40,35,10,29,390,none
2,67,27,30,20,16,80,79,40,35,10,31,390,none
3,66,34,30,20,18,80,78,40,35,10,34,390,none
4,69,39,30,35,15,81,77,40,35,10,34,390,mars_breakthrough
5,69,47,30,35,14,81,77,41,36,10,36,390,none
6,71,53,30,35,17,81,77,41,36,14,37,390,none
7,71,62,30,35,17,81,76,41,36,14,40,390,none
8,78,66,30,35,14,81,77,41,36,14,39,390,none
9,81,70,35,35,17,81,76,41,36,26,43,390,japanese_breakthrough
10,81,79,35,35,17,81,75,41,36,26,46,390,none
0,60,15,30,20,20,80,78,40,35,10,30,391,initial
1,61,25,30,20,17,79,77,40,35,10,32,391,none
2,60,32,30,20,19,79,77,40,35,10,35,391,none
3,68,37,30,20,13,79,77,40,35,10,33,391,none
4,67,44,30,20,15,79,77,41,36,10,36,391,none
5,74,48,30,20,12,79,78,41,36,10,35,391,none
6,73,58,30,20,9,79,77,41,36,10,38,391,chinese_base_accident
7,73,66,30,20,8,80,76,41,36,10,40,391,none
8,75,72,30,20,11,80,75,41,36,14,41,391,none
9,69,87,30,20,11,80,74,42,37,14,47,391,none
10,68,94,35,20,17,80,74,44,39,30,52,391,japanese_breakthrough
0,60,15,30,20,20,80,78,40,35,10,30,392,initial
1,59,22,30,20,22,80,79,40,35,10,33,392,none
2,66,26,30,20,19,80,79,40,35,10,32,392,none
3,65,33,30,20,21,81,78,40,35,10,35,392,none
4,64,40,30,20,23,80,79,40,35,10,38,392,none
5,60,52,30,20,30,80,79,41,36,19,42,392,india_transport_success
6,60,60,30,20,29,79,79,42,37,19,44,392,none
7,59,67,30,20,31,79,79,43,38,19,47,392,none
8,61,73,30,20,34,80,80,44,39,23,48,392,none
9,68,77,30,20,31,80,80,45,40,23,47,392,none
10,68,86,30,20,31,80,81,46,41,23,50,392,none
0,60,15,30,20,20,80,78,40,35,10,30,393,initial
1,52,26,30,20,24,80,78,40,35,10,36,393,none
2,48,38,30,20,27,81,78,40,35,14,40,393,none
3,48,46,30,20,26,80,78,41,36,14,42,393,none
4,40,57,30,20,30,80,79,42,37,14,48,393,none
5,48,62,30,20,24,80,79,43,38,14,46,393,none
6,55,66,30,20,21,80,78,44,39,14,45,393,none
7,54,73,30,20,23,80,78,45,40,14,48,393,none
8,47,79,35,20,27,79,78,47,42,14,55,393,none
9,46,86,35,20,29,79,78,49,44,14,58,393,none
10,54,91,35,20,23,79,79,51,46,14,56,393,none
0,60,15,30,20,20,80,78,40,35,10,30,394,initial
1,68,20,30,20,14,79,77,40,35,10,28,394,none
2,60,31,30,20,18,78,77,40,35,10,34,394,none
3,60,40,30,20,18,78,77,40,35,10,37,394,none
4,67,44,30,20,15,78,77,41,36,10,36,394,none
5,74,48,30,20,12,77,78,41,36,10,35,394,none
6,81,52,30,20,9,77,78,41,36,10,34,394,none
7,80,59,30,20,11,78,78,41,36,10,37,394,none
8,80,68,30,20,11,78,78,41,36,10,40,394,none
9,80,77,30,20,11,79,79,41,36,10,43,394,none
10,76,89,30,20,18,79,80,41,36,19,47,394,india_transport_success
0,60,15,30,20,20,80,78,40,35,10,30,395,initial
1,67,19,30,20,17,79,77,40,35,10,29,395,none
2,67,28,30,20,17,78,77,40,35,10,32,395,none
3,67,36,30,20,16,79,77,40,35,10,34,395,none
4,74,40,30,20,13,80,77,39,34,10,33,395,none
5,82,45,30,20,7,79,78,39,34,10,31,395,none
6,89,49,30,20,4,79,78,39,34,10,30,395,none
7,91,58,30,20,7,80,78,39,34,22,33,395,japanese_breakthrough
8,97,61,30,20,7,80,78,39,34,22,33,395,none
9,96,70,30,20,7,81,78,39,34,22,36,395,none
10,95,77,30,20,9,80,77,39,34,22,39,395,none
0,60,15,30,20,20,80,78,40,35,10,30,396,initial
1,52,26,30,20,24,80,78,40,35,10,36,396,none
2,59,30,30,30,21,81,78,40,35,10,35,396,mars_breakthrough
3,66,34,30,30,18,80,78,40,35,10,34,396,none
4,73,38,30,30,15,80,78,39,34,10,33,396,none
5,73,47,30,30,15,80,78,39,34,10,36,396,none
6,78,51,30,30,12,79,78,39,34,10,36,396,us_base_accident
7,85,55,30,30,9,79,78,39,34,10,35,396,none
8,87,61,30,30,12,80,78,39,34,14,36,396,none
9,97,67,30,30,15,80,78,35,30,18,33,396,earth_tension
10,98,71,30,30,12,80,77,35,30,18,32,396,none
0,60,15,30,20,20,80,78,40,35,10,30,397,initial
1,61,27,36,30,23,79,77,40,35,20,26,397,rare_unknown
2,53,38,36,30,27,79,76,40,35,20,32,397,none
3,61,43,36,30,21,78,77,41,36,20,30,397,none
4,61,52,36,30,21,78,76,42,37,20,33,397,none
5,59,61,36,30,31,78,75,43,38,33,35,397,india_transport_success
6,51,72,36,30,35,77,76,44,39,33,41,397,none
7,53,76,36,45,35,78,75,45,40,33,42,397,mars_breakthrough
8,53,84,36,45,34,77,75,46,41,33,44,397,none
9,56,91,36,45,38,77,76,47,42,42,44,397,india_transport_success
10,62,94,36,45,38,76,76,48,43,42,44,397,none
0,60,15,30,20,20,80,78,40,35,10,30,398,initial
1,59,22,30,20,22,80,77,40,35,10,33,398,none
2,58,29,30,20,24,80,77,40,35,10,36,398,none
3,65,33,30,20,21,80,77,40,35,10,35,398,none
4,68,40,30,20,21,80,77,40,35,14,35,398,none
5,76,45,30,20,15,79,77,40,35,14,33,398,none
6,76,54,30,20,15,80,76,40,35,14,36,398,none
7,82,57,30,20,15,81,76,40,35,14,36,398,none
8,81,64,30,20,17,81,75,40,35,14,39,398,none
9,81,72,30,20,16,81,75,40,35,14,41,398,none
10,86,76,30,20,13,82,76,40,35,14,41,398,us_base_accident
0,60,15,30,20,20,80,78,40,35,10,30,399,initial
1,60,23,30,20,19,79,78,40,35,10,32,399,none
2,59,30,30,20,21,79,79,40,35,10,35,399,none
3,57,39,30,20,21,78,79,40,35,10,39,399,us_base_accident
4,56,49,27,17,26,78,79,41,36,24,40,399,rare_unknown
5,59,56,27,17,26,79,79,42,37,28,40,399,none
6,66,60,27,17,23,80,79,43,38,28,39,399,none
7,66,68,27,17,22,79,79,44,39,28,41,399,none
8,74,67,32,17,19,79,79,44,39,28,41,399,none
9,82,72,32,17,13,79,78,44,39,28,39,399,none
10,89,76,32,17,10,80,79,44,39,28,38,399,none
0,60,15,30,20,20,80,78,40,35,10,30,400,initial
1,60,23,30,20,19,80,78,40,35,10,32,400,none
2,60,31,30,20,18,79,79,40,35,10,34,400,none
3,52,42,30,20,22,79,78,41,36,10,40,400,none
4,44,53,30,20,26,78,78,42,37,10,46,400,none
5,42,58,30,20,30,79,79,43,38,10,49,400,none
6,50,63,30,20,24,79,79,44,39,10,47,400,none
7,42,74,30,20,28,80,79,46,41,10,53,400,none
8,44,80,30,20,31,80,78,48,43,14,54,400,none
9,43,87,30,20,33,81,78,50,45,14,57,400,none
10,50,91,30,20,30,82,78,52,47,14,56,400,none
0,60,15,30,20,20,80,78,40,35,10,30,401,initial
1,60,23,30,20,19,80,78,40,35,10,32,401,none
2,60,31,30,20,18,80,79,40,35,10,34,401,none
3,60,39,30,20,17,80,80,40,35,10,36,401,none
4,60,47,30,20,16,80,80,41,36,10,38,401,none
5,52,62,30,20,16,79,80,42,37,10,45,401,chinese_base_accident
6,44,73,30,20,20,79,80,44,39,10,51,401,none
7,43,80,30,20,22,79,80,46,41,10,54,401,none
8,35,95,30,20,22,79,80,48,43,10,61,401,chinese_base_accident
9,35,100,30,20,21,79,80,50,45,10,63,401,none
10,35,100,30,20,20,79,80,52,47,10,65,401,none
0,60,15,30,20,20,80,78,40,35,10,30,402,initial
1,62,21,30,20,27,81,77,40,35,19,31,402,india_transport_success
2,54,32,30,20,31,81,76,40,35,19,37,402,none
3,62,37,30,20,25,81,75,40,35,19,35,402,none
4,69,41,30,20,22,81,76,41,36,19,34,402,none
5,68,48,30,20,24,81,76,42,37,19,37,402,none
6,66,53,30,20,28,81,76,43,38,19,40,402,none
7,73,57,30,20,25,82,76,43,38,19,39,402,none
8,72,64,30,20,27,82,76,43,38,19,42,402,none
9,72,73,30,20,27,82,76,43,38,19,45,402,none
10,72,82,30,20,27,82,76,43,38,19,48,402,none
0,60,15,30,20,20,80,78,40,35,10,30,403,initial
1,59,22,30,20,22,80,77,40,35,10,33,403,none
2,67,27,30,20,16,79,78,40,35,10,31,403,none
3,65,36,30,20,16,79,78,40,35,10,35,403,chinese_base_accident
4,64,43,30,20,18,79,78,41,36,10,38,403,none
5,70,46,30,20,18,79,78,42,37,10,38,403,none
6,65,56,30,20,23,79,77,43,38,14,42,403,none
7,72,60,30,20,20,80,77,43,38,14,41,403,none
8,71,67,30,20,22,80,77,43,38,14,44,403,none
9,70,74,30,20,24,80,76,44,39,14,47,403,none
10,81,78,25,26,21,80,76,44,39,23,46,403,rare_unknown
0,60,15,30,20,20,80,78,40,35,10,30,404,initial
1,68,20,30,20,14,79,77,40,35,10,28,404,none
2,64,32,30,20,21,79,77,40,35,19,32,404,india_transport_success
3,71,36,30,20,18,79,77,39,34,19,31,404,none
4,67,37,31,23,20,80,76,39,34,19,39,404,rare_unknown
5,66,44,31,23,22,79,76,40,35,19,42,404,none
6,74,49,31,23,16,79,76,40,35,19,40,404,none
7,73,56,31,23,18,79,77,40,35,19,43,404,none
8,87,58,31,23,17,79,78,36,31,19,38,404,earth_tension
9,94,62,31,23,14,80,77,36,31,19,37,404,none
10,98,65,31,23,14,80,77,36,31,19,37,404,none
0,60,15,30,20,20,80,78,40,35,10,30,405,initial
1,61,22,35,20,20,81,79,40,35,18,36,405,japanese_breakthrough
2,75,25,35,20,20,80,79,35,30,18,32,405,earth_tension
3,77,29,35,35,20,81,80,34,29,18,33,405,mars_breakthrough
4,84,33,35,35,17,80,80,33,28,18,32,405,none
5,91,37,35,35,14,80,80,32,27,18,31,405,none
6,97,39,35,35,13,79,80,31,26,18,30,405,none
7,98,49,35,35,10,80,81,31,26,18,32,405,none
8,98,53,35,35,7,79,81,31,26,18,31,405,none
9,97,56,35,35,3,80,80,31,26,18,29,405,none
10,98,61,35,35,0,80,80,31,26,18,27,405,none
0,60,15,30,20,20,80,78,40,35,10,30,406,initial
1,68,20,30,20,14,80,78,40,35,10,28,406,none
2,68,29,30,20,14,81,77,40,35,10,31,406,none
3,67,35,30,20,15,82,78,40,35,10,33,406,none
4,67,43,30,20,14,82,78,41,36,10,35,406,none
5,74,47,30,20,11,82,77,41,36,10,34,406,none
6,81,51,30,20,8,81,77,41,36,10,33,406,none
7,80,58,30,20,10,81,76,41,36,10,36,406,none
8,86,60,30,20,9,82,76,41,36,10,35,406,none
9,86,68,30,20,8,83,76,41,36,10,37,406,none
10,95,78,30,20,5,83,76,37,32,10,35,406,earth_tension
0,60,15,30,20,20,80,78,40,35,10,30,407,initial
1,59,22,30,20,22,79,78,40,35,10,33,407,none
2,66,26,30,20,19,79,78,40,35,10,32,407,none
3,64,35,30,20,19,79,78,40,35,10,36,407,us_base_accident
4,71,39,30,20,16,79,77,39,34,10,35,407,none
5,78,43,30,20,13,80,76,39,34,10,34,407,none
6,86,48,30,20,7,80,76,39,34,10,32,407,none
7,93,52,30,20,4,80,76,39,34,10,31,407,none
8,98,56,30,20,1,80,76,39,34,10,30,407,none
9,98,61,30,20,0,79,76,39,34,10,28,407,none
10,98,64,30,20,0,78,75,39,34,10,28,407,none
0,60,15,30,20,20,80,78,40,35,10,30,408,initial
1,69,15,41,20,14,80,78,40,35,10,31,408,scientific_discovery
2,76,19,41,20,11,80,78,39,34,10,30,408,none
3,77,23,46,20,11,80,78,38,33,10,34,408,none
4,76,30,46,20,13,79,78,37,32,10,37,408,none
5,77,36,51,20,12,80,79,36,31,18,42,408,japanese_breakthrough
6,76,43,51,20,14,81,80,36,31,18,45,408,none
7,76,51,51,20,13,81,80,36,31,18,47,408,none
8,68,66,51,20,13,82,79,38,33,18,54,408,chinese_base_accident
9,60,77,51,20,17,82,79,40,35,18,60,408,none
10,59,84,51,20,19,82,79,42,37,18,63,408,none
0,60,15,30,20,20,80,78,40,35,10,30,409,initial
1,60,23,30,20,19,80,78,40,35,10,32,409,none
2,75,27,30,20,16,81,77,35,30,10,27,409,earth_tension
3,68,40,30,20,18,81,77,35,30,10,33,409,none
4,60,51,30,20,22,81,77,36,31,10,39,409,none
5,67,55,30,20,19,80,77,37,32,10,38,409,none
6,74,59,30,20,16,80,77,37,32,10,37,409,none
7,74,67,30,20,15,79,76,37,32,10,39,409,none
8,81,71,30,20,12,78,75,37,32,10,38,409,none
9,89,76,30,20,6,78,75,37,32,10,36,409,none
10,89,84,30,20,5,77,76,37,32,10,38,409,none
0,60,15,30,20,20,80,78,40,35,10,30,410,initial
1,68,20,30,20,14,80,79,40,35,10,28,410,none
2,65,30,35,20,17,80,80,40,35,22,35,410,japanese_breakthrough
3,73,35,35,20,11,79,81,39,34,22,33,410,none
4,65,50,35,20,11,80,81,40,35,22,40,410,chinese_base_accident
5,63,55,35,20,15,80,80,41,36,22,43,410,none
6,56,68,35,20,17,80,80,42,37,22,49,410,none
7,49,81,35,20,19,80,79,44,39,22,55,410,none
8,49,89,35,20,18,81,79,46,41,22,57,410,none
9,63,92,35,20,18,81,79,44,39,22,53,410,earth_tension
10,63,100,35,20,17,80,79,46,41,22,55,410,none
0,60,15,30,20,20,80,78,40,35,10,30,411,initial
1,57,25,35,20,23,81,78,40,35,22,37,411,japanese_breakthrough
2,49,40,35,20,23,82,78,40,35,22,44,411,chinese_base_accident
3,57,45,35,20,17,82,77,41,36,22,42,411,none
4,49,60,35,20,17,83,76,42,37,22,49,411,chinese_base_accident
5,55,63,35,20,17,83,76,43,38,22,49,411,none
6,62,67,35,20,14,82,77,44,39,22,48,411,none
7,62,75,35,20,13,82,76,45,40,22,50,411,none
8,69,79,35,20,10,82,76,46,41,22,49,411,none
9,64,89,35,20,15,82,76,48,43,26,53,411,none
10,71,93,35,20,12,82,77,49,44,26,52,411,none
0,60,15,30,20,20,80,78,40,35,10,30,412,initial
1,59,22,35,20,26,80,78,40,35,26,35,412,japanese_breakthrough
2,56,31,38,18,26,81,78,40,35,30,41,412,rare_unknown
3,56,39,38,18,25,82,78,40,35,30,43,412,none
4,56,47,38,18,24,81,78,41,36,30,45,412,none
5,56,56,38,18,24,82,78,42,37,30,48,412,none
6,48,71,38,18,24,82,77,44,39,30,55,412,chinese_base_accident
7,40,82,38,18,28,82,76,46,41,30,61,412,none
8,39,89,38,18,30,81,76,48,43,30,64,412,none
9,37,98,38,18,30,81,76,50,45,30,68,412,chinese_base_accident
10,37,100,38,18,29,82,75,52,47,30,70,412,none
0,60,15,30,20,20,80,78,40,35,10,30,413,initial
1,68,20,30,20,14,80,79,40,35,10,28,413,none
2,67,26,30,20,15,81,80,40,35,10,30,413,none
3,74,30,30,20,12,81,79,39,34,10,29,413,none
4,66,41,30,20,16,82,80,40,35,10,35,413,none
5,82,46,30,20,10,82,79,36,31,10,29,413,earth_tension
6,89,50,30,20,7,81,79,36,31,10,28,413,none
7,96,53,30,20,3,81,79,36,31,10,26,413,none
8,94,62,30,20,3,82,80,36,31,10,30,413,chinese_base_accident
9,98,65,30,20,3,82,80,36,31,10,30,413,none
10,98,69,30,20,0,82,80,36,31,10,29,413,none
0,60,15,30,20,20,80,78,40,35,10,30,414,initial
1,60,23,30,20,19,80,78,40,35,10,32,414,none
2,59,30,30,20,21,80,78,40,35,10,35,414,none
3,58,37,30,20,23,79,79,40,35,10,38,414,none
4,57,44,30,20,25,78,79,41,36,10,41,414,none
5,58,54,30,20,22,78,79,42,37,10,43,414,none
6,50,65,30,20,26,78,79,43,38,10,49,414,none
7,46,77,30,20,33,78,79,45,40,19,53,414,india_transport_success
8,52,80,30,20,33,77,79,47,42,19,53,414,none
9,63,80,35,20,32,77,79,49,44,19,52,414,new_ice_discovery
10,63,88,35,20,31,77,80,51,46,19,54,414,none
0,60,15,30,20,20,80,78,40,35,10,30,415,initial
1,53,28,30,20,22,80,79,40,35,10,36,415,none
2,60,35,30,20,24,79,79,36,31,10,35,415,earth_tension
3,67,39,30,20,21,79,80,36,31,10,34,415,none
4,67,48,30,20,21,78,81,37,32,10,37,415,none
5,74,52,30,20,18,77,82,37,32,10,36,415,none
6,82,57,30,20,12,77,82,37,32,10,34,415,none
7,89,61,30,20,9,77,83,37,32,10,33,415,none
8,92,68,30,20,9,77,83,37,32,14,33,415,none
9,91,75,30,20,11,78,83,37,32,14,36,415,none
10,98,79,30,20,8,78,83,37,32,14,35,415,none
0,60,15,30,20,20,80,78,40,35,10,30,416,initial
1,59,22,30,20,22,80,79,40,35,10,33,416,none
2,58,29,30,20,24,80,80,40,35,10,36,416,none
3,65,33,30,20,21,79,81,40,35,10,35,416,none
4,73,38,30,20,15,80,81,39,34,10,33,416,none
5,73,47,30,20,15,79,80,39,34,10,36,416,none
6,81,52,30,20,9,79,80,39,34,10,34,416,none
7,89,57,30,20,3,79,80,39,34,10,32,416,none
8,96,61,30,20,0,80,80,39,34,10,31,416,none
9,89,74,30,20,2,80,80,39,34,10,37,416,none
10,89,82,30,20,2,80,80,39,34,10,39,416,none
0,60,15,30,20,20,80,78,40,35,10,30,417,initial
1,60,24,30,20,20,80,78,40,35,10,33,417,none
2,59,31,30,20,22,79,78,40,35,10,36,417,none
3,58,38,30,20,24,78,78,40,35,10,39,417,none
4,66,43,30,20,18,78,78,41,36,10,37,417,none
5,72,46,30,20,18,77,77,41,36,10,37,417,none
6,81,50,30,20,20,76,78,41,36,10,36,417,new_ice_discovery
7,88,54,30,20,17,75,78,41,36,10,35,417,none
8,94,57,30,20,17,76,78,41,36,10,35,417,none
9,98,60,30,20,17,76,79,41,36,10,35,417,none
10,98,64,30,20,14,76,80,41,36,10,34,417,none
0,60,15,30,20,20,80,78,40,35,10,30,418,initial
1,55,25,30,20,29,80,78,40,35,19,34,418,india_transport_success
2,60,26,30,20,31,80,78,40,35,19,34,418,none
3,60,34,30,20,30,79,77,40,35,19,36,418,none
4,59,41,30,20,32,79,76,41,36,19,39,418,none
5,62,46,30,35,29,79,76,42,37,19,39,418,mars_breakthrough
6,63,56,30,35,26,78,76,43,38,19,41,418,none
7,63,65,30,35,26,78,76,44,39,19,44,418,none
8,70,69,30,35,23,78,76,45,40,19,43,418,none
9,77,73,30,35,20,79,76,45,40,19,42,418,none
10,86,77,30,35,22,79,76,45,40,19,41,418,new_ice_discovery
0,60,15,30,20,20,80,78,40,35,10,30,419,initial
1,60,23,30,20,19,79,78,40,35,10,32,419,none
2,67,27,30,20,16,78,78,40,35,10,31,419,none
3,66,34,30,20,18,78,78,40,35,10,34,419,none
4,72,37,30,20,18,78,77,39,34,10,34,419,none
5,77,38,30,20,20,78,77,38,33,10,34,419,none
6,84,42,30,20,17,77,77,38,33,10,33,419,none
7,91,46,30,20,18,77,77,38,33,15,32,419,india_transport_success
8,98,50,30,20,15,76,78,38,33,15,31,419,none
9,98,53,30,20,15,76,77,38,33,15,31,419,none
10,95,60,30,20,17,75,78,38,33,15,34,419,none
0,60,15,30,20,20,80,78,40,35,10,30,420,initial
1,67,19,30,20,17,81,77,40,35,10,29,420,none
2,67,27,30,20,16,81,78,40,35,10,31,420,none
3,66,34,30,20,18,81,78,40,35,10,34,420,none
4,65,41,30,20,20,81,77,41,36,10,37,420,none
5,59,49,30,20,27,80,77,42,37,14,41,420,none
6,66,53,30,20,24,80,77,43,38,14,40,420,none
7,73,57,30,20,21,79,77,43,38,14,39,420,none
8,74,67,30,20,22,79,78,43,38,19,41,420,india_transport_success
9,82,72,30,20,16,80,78,43,38,19,39,420,none
10,82,78,30,20,19,80,78,43,38,23,41,420,us_base_accident
0,60,15,30,20,20,80,78,40,35,10,30,421,initial
1,69,15,41,20,14,80,78,40,35,10,31,421,scientific_discovery
2,61,26,41,20,18,80,78,40,35,10,37,421,none
3,56,36,41,20,23,80,77,40,35,14,41,421,none
4,62,39,41,20,23,80,78,40,35,14,41,421,none
5,69,43,41,20,20,80,78,41,36,14,40,421,none
6,64,53,41,20,25,80,78,42,37,18,44,421,none
7,71,57,41,20,22,80,78,42,37,18,43,421,none
8,69,66,41,20,22,80,78,43,38,18,47,421,chinese_base_accident
9,77,71,41,20,16,81,78,43,38,18,45,421,none
10,84,75,41,20,13,82,78,43,38,18,44,421,none
0,60,15,30,20,20,80,78,40,35,10,30,422,initial
1,60,23,30,20,19,80,79,40,35,10,32,422,none
2,58,32,30,20,19,79,78,40,35,10,36,422,us_base_accident
3,57,39,30,20,21,79,78,40,35,10,39,422,none
4,56,46,30,20,23,79,78,41,36,10,42,422,none
5,56,54,30,20,22,79,78,42,37,10,44,422,none
6,65,54,41,20,16,79,78,43,38,10,45,422,scientific_discovery
7,64,61,41,20,18,80,78,44,39,10,48,422,none
8,71,65,41,20,15,81,78,44,39,10,47,422,none
9,78,69,41,20,12,82,77,44,39,10,46,422,none
10,84,72,41,20,12,81,78,44,39,10,46,422,none
0,60,15,30,20,20,80,78,40,35,10,30,423,initial
1,52,26,30,20,24,79,79,40,35,10,36,423,none
2,48,38,30,20,27,79,79,40,35,14,40,423,none
3,47,45,30,20,29,80,79,41,36,14,43,423,none
4,54,49,30,20,26,80,78,42,37,14,42,423,none
5,46,60,30,20,30,80,78,43,38,14,48,423,none
6,38,75,30,20,30,80,79,45,40,14,55,423,us_base_accident
7,37,82,30,20,32,81,79,47,42,14,58,423,none
8,41,87,35,20,32,81,80,49,44,26,61,423,japanese_breakthrough
9,49,92,35,20,26,81,81,51,46,26,59,423,none
10,56,96,35,20,23,82,81,53,48,26,58,423,none
0,60,15,30,20,20,80,78,40,35,10,30,424,initial
1,67,18,30,20,16,81,77,40,35,10,28,424,none
2,59,29,30,20,20,80,77,40,35,10,34,424,none
3,59,37,30,20,19,80,77,40,35,10,36,424,none
4,59,45,30,20,18,80,77,41,36,10,38,424,none
5,51,56,30,20,22,81,76,42,37,10,44,424,none
6,58,60,30,20,19,82,76,43,38,10,43,424,none
7,59,70,30,30,16,82,76,44,39,10,45,424,mars_breakthrough
8,66,74,30,30,13,82,77,45,40,10,44,424,none
9,74,79,30,30,7,83,77,45,40,10,42,424,none
10,73,86,30,30,9,82,78,45,40,10,45,424,none
0,60,15,30,20,20,80,78,40,35,10,30,425,initial
1,63,22,30,20,20,81,78,40,35,14,30,425,none
2,55,33,30,20,24,81,78,40,35,14,36,425,none
3,54,40,30,20,26,80,78,40,35,14,39,425,none
4,62,45,30,20,20,80,78,41,36,14,37,425,none
5,59,52,35,20,23,79,77,42,37,18,42,425,none
6,67,57,35,20,17,80,77,43,38,18,40,425,none
7,74,61,35,20,14,80,77,43,38,18,39,425,none
8,81,65,35,20,11,80,78,43,38,18,38,425,none
9,77,77,35,20,14,80,78,43,38,22,42,425,none
10,85,82,35,20,8,80,78,43,38,22,40,425,none
0,60,15,30,20,20,80,78,40,35,10,30,426,initial
1,71,15,35,20,19,80,78,39,34,10,29,426,new_ice_discovery
2,81,23,38,24,18,80,78,38,33,20,34,426,rare_unknown
3,74,36,38,24,20,80,78,37,32,20,40,426,none
4,77,43,38,24,20,80,77,37,32,24,40,426,none
5,83,46,38,24,20,80,77,37,32,24,40,426,none
6,91,51,38,24,14,80,77,37,32,24,38,426,none
7,98,55,38,24,11,80,76,37,32,24,37,426,none
8,98,63,38,24,10,80,75,37,32,24,39,426,none
9,98,66,38,24,10,80,75,37,32,24,39,426,none
10,97,67,38,24,12,81,75,37,32,24,39,426,none
0,60,15,30,20,20,80,78,40,35,10,30,427,initial
1,60,24,30,20,24,80,78,40,35,15,33,427,india_transport_success
2,76,29,30,20,18,79,78,35,30,15,27,427,earth_tension
3,77,39,30,20,15,80,77,34,29,15,29,427,none
4,85,44,30,20,9,80,76,34,29,15,27,427,none
5,91,47,30,20,9,80,76,34,29,15,27,427,none
6,98,51,30,20,6,79,76,34,29,15,26,427,none
7,97,52,30,20,8,80,75,34,29,15,26,427,none
8,98,55,30,20,8,80,76,34,29,15,26,427,none
9,98,59,30,20,5,80,75,34,29,15,25,427,none
10,98,62,30,20,5,80,75,34,29,15,25,427,none
0,60,15,30,20,20,80,78,40,35,10,30,428,initial
1,60,24,30,20,20,80,78,40,35,10,33,428,none
2,70,29,30,20,19,80,78,40,35,10,31,428,new_ice_discovery
3,76,32,30,20,19,80,78,39,34,10,31,428,none
4,75,39,30,20,21,81,78,38,33,10,34,428,none
5,82,43,30,20,18,81,78,38,33,10,33,428,none
6,88,46,30,20,18,80,79,38,33,10,33,428,none
7,87,53,30,20,20,80,79,38,33,10,36,428,none
8,79,64,30,20,24,81,79,38,33,10,42,428,none
9,83,69,35,20,24,80,79,38,33,22,45,428,japanese_breakthrough
10,89,72,35,20,24,80,80,38,33,22,45,428,none
0,60,15,30,20,20,80,78,40,35,10,30,429,initial
1,67,19,30,20,17,80,77,40,35,10,29,429,none
2,66,26,30,20,19,79,78,40,35,10,32,429,none
3,66,34,30,20,18,79,78,40,35,10,34,429,none
4,73,38,30,20,15,79,78,39,34,10,33,429,none
5,74,48,30,20,12,79,78,39,34,10,35,429,none
6,70,60,30,20,15,79,79,40,35,14,39,429,none
7,73,67,30,20,15,80,80,40,35,18,39,429,none
8,65,82,30,20,15,79,80,41,36,18,46,429,chinese_base_accident
9,74,85,30,20,16,79,79,41,36,18,44,429,new_ice_discovery
10,81,89,30,20,13,80,80,41,36,18,43,429,none
0,60,15,30,20,20,80,78,40,35,10,30,430,initial
1,60,23,30,20,19,80,77,40,35,10,32,430,none
2,58,28,30,20,23,80,77,40,35,10,35,430,none
3,49,37,30,20,29,79,76,40,35,10,41,430,none
4,56,41,30,20,26,79,76,41,36,10,40,430,none
5,56,49,30,20,25,79,75,42,37,10,42,430,none
6,55,55,30,20,26,80,75,43,38,10,44,430,none
7,62,59,30,30,23,80,75,44,39,10,43,430,mars_breakthrough
8,62,67,30,30,22,80,74,45,40,10,45,430,none
9,63,77,30,30,19,81,74,46,41,10,47,430,none
10,63,86,30,30,19,81,73,47,42,10,50,430,none
0,60,15,30,20,20,80,78,40,35,10,30,431,initial
1,61,25,30,20,17,80,78,40,35,10,32,431,none
2,67,28,30,20,17,80,78,40,35,10,32,431,none
3,75,33,30,20,11,80,78,39,34,10,30,431,none
4,76,40,30,20,11,80,78,38,33,14,31,431,us_base_accident
5,82,43,30,20,11,80,79,38,33,14,31,431,none
6,89,47,30,20,8,79,79,38,33,14,30,431,none
7,98,52,30,20,7,80,79,38,33,14,28,431,new_ice_discovery
8,96,61,30,20,7,79,80,38,33,14,31,431,none
9,98,67,30,20,10,79,80,38,33,18,32,431,none
10,98,70,30,20,10,79,80,34,29,18,28,431,earth_tension
0,60,15,30,20,20,80,78,40,35,10,30,432,initial
1,52,26,30,20,24,81,77,40,35,10,36,432,none
2,51,33,30,20,26,81,77,40,35,10,39,432,none
3,58,37,30,20,23,81,76,40,35,10,38,432,none
4,58,45,30,20,22,82,76,41,36,10,40,432,none
5,61,52,30,20,22,82,76,42,37,14,40,432,none
6,60,59,30,20,24,82,75,43,38,14,43,432,none
7,55,69,30,20,29,82,75,44,39,18,47,432,none
8,47,80,30,20,33,81,76,46,41,18,53,432,none
9,46,87,30,20,35,81,76,48,43,18,56,432,none
10,53,91,30,20,32,82,76,50,45,18,55,432,none
0,60,15,30,20,20,80,78,40,35,10,30,433,initial
1,53,28,30,20,22,80,77,40,35,10,36,433,none
2,52,35,30,20,24,80,76,40,35,10,39,433,none
3,52,44,30,20,24,80,76,41,36,10,42,433,none
4,51,51,30,20,26,79,76,42,37,10,45,433,none
5,58,55,30,30,23,79,75,43,38,10,44,433,mars_breakthrough
6,58,63,30,30,22,78,75,44,39,10,46,433,none
7,65,66,30,30,18,79,75,45,40,10,44,433,none
8,58,79,30,30,20,78,75,46,41,10,50,433,none
9,65,83,30,30,17,78,75,47,42,10,49,433,none
10,63,88,30,30,21,78,75,49,44,10,52,433,none
0,60,15,30,20,20,80,78,40,35,10,30,434,initial
1,59,22,30,20,22,80,78,40,35,10,33,434,none
2,51,33,30,20,26,80,78,40,35,10,39,434,none
3,58,37,30,20,23,81,78,40,35,10,38,434,none
4,58,46,30,20,23,80,79,41,36,10,41,434,none
5,50,61,30,20,23,79,79,42,37,10,48,434,chinese_base_accident
6,56,64,30,20,23,78,79,43,38,10,48,434,none
7,64,69,30,20,17,78,79,44,39,10,46,434,none
8,61,79,35,20,20,79,78,46,41,22,53,434,japanese_breakthrough
9,61,88,35,20,20,79,78,48,43,22,56,434,none
10,64,95,35,20,20,80,79,50,45,26,56,434,none
0,60,15,30,20,20,80,78,40,35,10,30,435,initial
1,55,25,30,20,25,80,79,40,35,14,34,435,none
2,47,36,30,20,29,79,79,40,35,14,40,435,none
3,39,47,30,20,33,79,79,41,36,14,46,435,none
4,42,54,30,20,37,79,78,42,37,23,46,435,india_transport_success
5,50,59,30,20,31,80,78,43,38,23,44,435,none
6,42,74,30,20,31,81,78,45,40,23,51,435,us_base_accident
7,34,85,30,20,35,82,78,47,42,23,57,435,none
8,43,85,41,20,29,82,79,49,44,23,58,435,scientific_discovery
9,34,94,41,20,35,82,79,51,46,23,64,435,none
10,40,97,41,20,39,82,78,53,48,28,64,435,india_transport_success
0,60,15,30,20,20,80,78,40,35,10,30,436,initial
1,61,25,30,20,17,79,77,40,35,10,32,436,none
2,57,37,30,20,20,79,76,40,35,14,36,436,none
3,57,45,30,20,19,80,76,41,36,14,38,436,none
4,64,49,30,20,16,79,77,42,37,14,37,436,none
5,72,54,30,20,10,78,77,42,37,14,35,436,none
6,71,61,30,20,12,79,77,42,37,14,38,436,none
7,71,69,30,20,11,79,76,42,37,14,40,436,none
8,74,76,30,20,11,79,75,42,37,18,40,436,none
9,73,83,30,20,13,79,76,42,37,18,43,436,none
10,79,86,30,20,13,78,75,42,37,18,43,436,none
0,60,15,30,20,20,80,78,40,35,10,30,437,initial
1,55,25,30,20,25,80,78,40,35,14,34,437,none
2,62,29,30,20,22,80,78,40,35,14,33,437,none
3,54,40,30,20,26,80,78,40,35,14,39,437,none
4,57,47,30,30,26,79,79,41,36,18,39,437,mars_breakthrough
5,64,51,30,30,23,78,79,42,37,18,38,437,none
6,71,58,30,30,20,78,78,42,37,26,39,437,japanese_breakthrough
7,65,70,30,30,23,77,78,43,38,30,44,437,chinese_base_accident
8,64,77,35,30,29,78,78,44,39,46,49,437,japanese_breakthrough
9,63,84,35,30,31,78,79,46,41,46,52,437,none
10,69,86,35,30,30,79,79,48,43,46,51,437,none
0,60,15,30,20,20,80,78,40,35,10,30,438,initial
1,68,20,30,30,14,79,78,40,35,10,28,438,mars_breakthrough
2,60,31,30,30,18,79,79,40,35,10,34,438,none
3,60,39,30,30,17,79,79,40,35,10,36,438,none
4,59,46,30,30,19,78,79,41,36,10,39,438,none
5,59,55,30,30,19,78,78,42,37,10,42,438,none
6,66,59,36,30,16,79,79,43,38,10,43,438,scientific_discovery
7,73,63,36,30,13,80,79,43,38,10,42,438,none
8,80,67,36,30,10,81,78,43,38,10,41,438,none
9,78,76,36,30,10,80,78,43,38,10,45,438,chinese_base_accident
10,83,80,34,27,7,80,77,43,38,13,49,438,rare_unknown
0,60,15,30,20,20,80,78,40,35,10,30,439,initial
1,52,26,30,20,24,81,77,40,35,10,36,439,none
2,60,31,30,30,18,81,76,40,35,10,34,439,mars_breakthrough
3,52,46,30,30,18,81,75,41,36,10,41,439,us_base_accident
4,52,54,30,30,17,81,75,42,37,10,43,439,none
5,59,58,30,30,14,81,75,43,38,10,42,439,none
6,66,62,30,30,11,80,76,44,39,10,41,439,none
7,72,65,30,30,11,80,77,44,39,10,41,439,none
8,71,72,30,30,13,80,76,44,39,10,44,439,none
9,70,82,30,30,10,80,75,45,40,10,47,439,us_base_accident
10,75,83,30,30,12,81,75,45,40,10,47,439,none
0,60,15,30,20,20,80,78,40,35,10,30,440,initial
1,75,19,30,20,17,80,78,35,30,10,25,440,earth_tension
2,82,23,30,20,14,79,78,34,29,10,24,440,none
3,90,28,30,20,8,80,77,33,28,10,22,440,none
4,97,32,30,20,5,79,77,32,27,10,21,440,none
5,89,43,30,20,9,78,77,32,27,10,27,440,none
6,89,45,35,20,11,78,78,32,27,10,31,440,none
7,96,49,35,20,8,78,78,32,27,10,30,440,none
8,95,56,35,20,10,78,78,32,27,10,33,440,none
9,98,60,35,20,7,78,78,32,27,10,32,440,none
10,98,65,35,20,1,77,78,32,27,10,30,440,none
0,60,15,30,20,20,80,78,40,35,10,30,441,initial
1,60,23,30,20,19,80,77,40,35,10,32,441,none
2,60,31,30,20,18,80,77,40,35,10,34,441,none
3,68,36,30,20,12,80,77,40,35,10,32,441,none
4,64,48,30,20,15,80,77,41,36,14,36,441,none
5,56,63,30,20,15,80,76,42,37,14,43,441,chinese_base_accident
6,55,70,30,20,17,81,76,43,38,14,46,441,none
7,54,77,30,20,19,80,76,44,39,14,49,441,none
8,53,84,30,20,21,81,76,46,41,14,52,441,none
9,45,99,30,20,21,81,77,48,43,14,59,441,chinese_base_accident
10,41,100,30,20,28,81,76,50,45,23,63,441,india_transport_success
0,60,15,30,20,20,80,78,40,35,10,30,442,initial
1,69,18,30,20,21,80,78,40,35,10,28,442,new_ice_discovery
2,69,26,30,20,20,80,78,40,35,10,30,442,none
3,76,30,30,20,17,80,77,39,34,10,29,442,none
4,75,37,30,20,19,79,77,38,33,10,32,442,none
5,81,40,30,20,19,80,76,37,32,10,32,442,none
6,88,44,30,20,16,80,76,37,32,10,31,442,none
7,95,48,30,20,13,79,76,37,32,10,30,442,none
8,94,55,30,20,15,79,76,37,32,10,33,442,none
9,98,59,30,20,12,78,76,37,32,10,32,442,none
10,98,64,30,20,6,78,76,37,32,10,30,442,none
0,60,15,30,20,20,80,78,40,35,10,30,443,initial
1,59,22,30,20,22,80,78,40,35,10,33,443,none
2,51,37,30,20,22,81,78,40,35,10,40,443,chinese_base_accident
3,51,45,30,20,21,81,78,41,36,10,42,443,none
4,51,53,30,20,20,81,78,42,37,10,44,443,none
5,58,57,30,20,17,82,78,43,38,10,43,443,none
6,52,65,30,20,24,83,79,44,39,14,47,443,none
7,59,69,30,20,21,84,78,45,40,14,46,443,none
8,55,81,30,20,24,83,78,46,41,18,50,443,none
9,48,94,30,20,26,83,78,48,43,18,56,443,none
10,47,100,30,20,28,83,78,50,45,18,59,443,none
0,60,15,30,20,20,80,78,40,35,10,30,444,initial
1,53,28,30,20,22,80,78,40,35,10,36,444,none
2,54,38,30,20,19,80,77,40,35,10,38,444,none
3,54,46,30,20,18,80,77,41,36,10,40,444,none
4,62,51,30,20,12,79,78,42,37,10,38,444,none
5,70,56,30,30,6,80,78,43,38,10,36,444,mars_breakthrough
6,77,60,30,30,3,80,78,43,38,10,35,444,none
7,83,63,30,30,3,81,78,43,38,10,35,444,none
8,90,67,30,30,0,81,79,43,38,10,34,444,none
9,96,70,30,30,0,81,79,43,38,10,34,444,none
10,97,72,30,30,2,82,80,43,38,10,33,444,none
0,60,15,30,20,20,80,78,40,35,10,30,445,initial
1,59,22,30,20,22,80,77,40,35,10,33,445,none
2,57,27,30,20,26,80,78,40,35,10,36,445,none
3,63,30,30,20,26,80,79,40,35,10,36,445,none
4,62,37,30,20,28,81,80,40,35,10,39,445,none
5,54,52,30,20,28,81,81,41,36,10,46,445,us_base_accident
6,52,61,30,20,28,80,81,42,37,10,50,445,us_base_accident
7,58,64,30,20,28,81,81,43,38,10,50,445,none
8,58,73,30,20,28,80,81,45,40,10,53,445,none
9,58,75,35,20,30,80,80,47,42,10,57,445,none
10,66,80,35,20,24,79,80,49,44,10,55,445,none
0,60,15,30,20,20,80,78,40,35,10,30,446,initial
1,53,28,30,20,22,80,78,40,35,10,36,446,none
2,53,36,30,20,21,81,78,40,35,10,38,446,none
3,60,40,30,20,18,81,79,40,35,10,37,446,none
4,53,53,30,20,20,80,78,41,36,10,43,446,none
5,44,60,32,18,22,80,78,43,38,17,52,446,rare_unknown
6,50,63,32,18,22,79,78,45,40,17,52,446,none
7,49,70,32,18,24,79,78,47,42,17,55,446,none
8,48,77,32,18,26,78,78,49,44,17,58,446,none
9,47,84,32,18,28,79,78,51,46,17,61,446,none
10,39,95,32,18,32,80,78,53,48,17,67,446,none
0,60,15,30,20,20,80,78,40,35,10,30,447,initial
1,71,15,35,20,19,81,79,39,34,10,29,447,new_ice_discovery
2,80,15,46,20,13,81,79,38,33,10,30,447,scientific_discovery
3,78,20,46,20,17,81,79,37,32,10,33,447,none
4,85,24,46,20,14,82,78,36,31,10,32,447,none
5,77,39,46,20,14,82,78,35,30,10,39,447,us_base_accident
6,77,47,46,20,13,82,78,35,30,10,41,447,none
7,83,50,46,20,13,83,78,35,30,10,41,447,none
8,74,58,51,28,12,83,79,35,30,15,41,447,rare_unknown
9,71,65,51,29,12,84,80,35,30,21,46,447,rare_unknown
10,70,72,51,29,14,84,80,36,31,21,49,447,none
0,60,15,30,20,20,80,78,40,35,10,30,448,initial
1,52,26,30,20,24,80,77,40,35,10,36,448,none
2,58,28,30,20,23,80,78,40,35,10,35,448,none
3,65,32,30,30,20,80,78,40,35,10,34,448,mars_breakthrough
4,79,35,30,30,20,80,77,35,30,10,30,448,earth_tension
5,86,39,30,30,17,79,78,34,29,10,29,448,none
6,92,42,26,37,17,79,79,34,29,20,35,448,rare_unknown
7,98,47,26,37,11,79,80,34,29,20,33,448,none
8,98,53,26,37,18,80,80,34,29,29,34,448,india_transport_success
9,98,63,26,37,18,79,79,34,29,41,36,448,japanese_breakthrough
10,98,66,26,37,18,78,79,34,29,41,36,448,none
0,60,15,30,20,20,80,78,40,35,10,30,449,initial
1,60,23,30,20,19,80,79,40,35,10,32,449,none
2,59,30,30,20,21,80,79,40,35,10,35,449,none
3,59,38,30,20,20,80,79,40,35,10,37,449,none
4,62,43,30,35,17,79,80,41,36,10,37,449,mars_breakthrough
5,70,48,30,35,11,79,79,42,37,10,35,449,none
6,78,53,30,35,5,78,79,42,37,10,33,449,none
7,85,57,30,35,2,78,80,42,37,10,32,449,none
8,92,61,30,35,0,79,80,42,37,10,31,449,none
9,92,69,30,35,0,79,79,42,37,10,33,449,none
10,98,73,30,35,0,79,79,42,37,10,32,449,none
0,60,15,30,20,20,80,78,40,35,10,30,450,initial
1,53,21,35,20,24,80,77,40,35,10,37,450,none
2,56,28,35,20,24,81,77,40,35,14,37,450,none
3,55,35,35,20,26,81,76,40,35,14,40,450,none
4,58,42,35,20,30,81,75,41,36,23,40,450,india_transport_success
5,64,45,35,20,30,81,74,42,37,23,40,450,none
6,63,52,35,20,32,81,73,43,38,23,43,450,none
7,62,59,35,20,34,80,72,44,39,23,46,450,none
8,69,63,35,20,31,80,72,45,40,23,45,450,none
9,79,68,35,20,30,80,72,45,40,23,43,450,new_ice_discovery
10,79,76,35,20,29,80,73,45,40,23,45,450,none
0,60,15,30,20,20,80,78,40,35,10,30,451,initial
1,55,25,30,20,25,81,77,40,35,14,34,451,none
2,62,29,30,20,22,81,77,40,35,14,33,451,none
3,54,40,30,20,26,81,77,40,35,14,39,451,none
4,54,48,30,30,25,81,77,41,36,14,41,451,mars_breakthrough
5,58,53,35,30,25,82,77,42,37,26,44,451,japanese_breakthrough
6,58,62,35,30,25,82,76,43,38,26,47,451,none
7,64,65,35,30,25,82,75,44,39,26,47,451,none
8,62,74,35,30,25,82,75,46,41,26,51,451,chinese_base_accident
9,68,77,35,30,25,82,75,48,43,26,51,451,none
10,67,84,35,30,27,82,74,50,45,26,54,451,none
0,60,15,30,20,20,80,78,40,35,10,30,452,initial
1,60,23,30,20,19,80,78,40,35,10,32,452,none
2,53,36,30,20,21,80,78,40,35,10,38,452,none
3,47,44,30,20,28,80,79,41,36,14,42,452,none
4,42,54,30,20,33,81,80,42,37,18,46,452,none
5,33,67,30,20,35,81,79,44,39,18,53,452,us_base_accident
6,32,74,30,20,37,82,78,46,41,18,56,452,none
7,32,82,30,20,36,82,78,48,43,18,58,452,none
8,24,93,30,20,40,81,78,50,45,18,64,452,none
9,23,100,30,20,42,80,78,52,47,18,67,452,none
10,30,100,30,20,39,79,78,54,49,18,66,452,none
0,60,15,30,20,20,80,78,40,35,10,30,453,initial
1,75,18,30,20,16,79,78,35,30,10,24,453,earth_tension
2,82,22,30,20,13,80,78,34,29,10,23,453,none
3,89,26,30,20,10,80,78,33,28,10,22,453,none
4,92,33,30,20,10,80,78,32,27,14,22,453,none
5,95,40,30,20,10,80,79,31,26,18,22,453,none
6,98,45,30,20,4,81,79,31,26,18,20,453,none
7,98,49,30,20,1,80,79,31,26,18,19,453,none
8,98,57,30,20,0,80,78,31,26,18,21,453,none
9,91,70,30,20,2,80,79,31,26,18,27,453,none
10,98,74,30,20,0,80,79,31,26,18,26,453,none
0,60,15,30,20,20,80,78,40,35,10,30,454,initial
1,60,23,30,20,19,80,78,40,35,10,32,454,none
2,59,30,30,20,21,80,77,40,35,10,35,454,none
3,53,42,30,20,24,80,77,41,36,14,40,454,us_base_accident
4,55,47,30,20,26,79,78,42,37,18,40,454,none
5,48,60,30,20,28,79,78,43,38,18,46,454,none
6,48,69,30,20,28,78,77,44,39,18,49,454,none
7,40,80,30,20,32,78,78,46,41,18,55,454,none
8,33,90,30,20,37,77,78,48,43,22,60,454,us_base_accident
9,41,95,30,30,31,77,79,50,45,22,58,454,mars_breakthrough
10,40,100,30,30,33,77,79,52,47,22,61,454,none
0,60,15,30,20,20,80,78,40,35,10,30,455,initial
1,60,23,30,20,19,80,77,40,35,10,32,455,none
2,59,30,30,20,21,80,78,40,35,10,35,455,none
3,66,34,30,20,18,80,78,40,35,10,34,455,none
4,73,38,30,20,15,79,77,39,34,10,33,455,none
5,72,45,30,20,17,79,78,39,34,10,36,455,none
6,78,51,30,21,20,79,79,39,34,10,35,455,rare_unknown
7,69,59,35,29,22,79,80,40,35,5,41,455,rare_unknown
8,76,63,35,29,19,79,79,40,35,5,40,455,none
9,75,70,35,29,21,78,79,40,35,5,43,455,none
10,67,81,35,29,25,78,79,41,36,5,49,455,none
0,60,15,30,20,20,80,78,40,35,10,30,456,initial
1,52,26,30,20,24,80,79,40,35,10,36,456,none
2,51,33,30,20,26,79,79,40,35,10,39,456,none
3,46,43,30,20,31,79,80,41,36,14,43,456,none
4,52,46,30,20,31,79,79,42,37,14,43,456,none
5,44,57,30,20,35,80,78,43,38,14,49,456,none
6,44,66,30,20,35,80,78,45,40,14,52,456,none
7,43,73,30,20,37,81,79,47,42,14,55,456,none
8,49,76,30,20,37,80,80,49,44,14,55,456,none
9,56,80,36,20,34,79,80,51,46,14,56,456,scientific_discovery
10,56,89,36,20,38,79,80,53,48,19,59,456,india_transport_success
0,60,15,30,20,20,80,78,40,35,10,30,457,initial
1,67,19,30,20,17,80,79,40,35,10,29,457,none
2,61,34,30,20,17,80,80,40,35,10,35,457,none
3,61,42,30,20,16,79,79,41,36,10,37,457,none
4,61,50,30,20,15,79,79,42,37,10,39,457,none
5,61,58,30,20,14,79,78,43,38,10,41,457,none
6,61,66,30,20,13,78,78,44,39,10,43,457,none
7,60,73,30,20,15,77,78,45,40,10,46,457,none
8,60,75,35,20,17,76,78,46,41,10,50,457,none
9,53,88,35,20,19,76,78,48,43,10,56,457,none
10,52,95,35,20,21,77,78,50,45,10,59,457,none
0,60,15,30,20,20,80,78,40,35,10,30,458,initial
1,60,24,30,20,20,80,79,40,35,10,33,458,none
2,61,34,30,20,17,80,79,40,35,10,35,458,none
3,60,39,29,19,11,80,78,40,35,12,29,458,rare_unknown
4,53,52,29,19,13,80,78,41,36,12,35,458,none
5,60,56,29,19,10,80,77,42,37,12,34,458,none
6,59,63,29,19,12,80,77,43,38,12,37,458,none
7,64,64,29,19,14,80,77,44,39,12,37,458,none
8,71,68,29,19,11,79,77,44,39,12,36,458,none
9,79,73,29,19,5,79,77,44,39,12,34,458,none
10,86,77,29,19,2,80,78,44,39,12,33,458,none
0,60,15,30,20,20,80,78,40,35,10,30,459,initial
1,59,22,30,20,22,80,78,40,35,10,33,459,none
2,65,25,30,20,22,81,79,40,35,10,33,459,none
3,74,35,30,20,19,81,78,35,30,10,31,459,earth_tension
4,67,48,30,20,21,81,77,36,31,10,37,459,none
5,66,55,30,20,23,80,78,37,32,10,40,459,none
6,74,60,30,20,17,80,79,37,32,10,38,459,none
7,74,68,30,20,16,80,79,37,32,10,40,459,none
8,82,73,30,20,10,81,79,37,32,10,38,459,none
9,88,76,30,20,10,81,80,37,32,10,38,459,none
10,95,80,30,20,7,82,81,37,32,10,37,459,none
0,60,15,30,20,20,80,78,40,35,10,30,460,initial
1,67,19,30,20,17,80,79,40,35,10,29,460,none
2,60,32,30,20,19,80,80,40,35,10,35,460,none
3,59,39,30,20,21,80,80,40,35,10,38,460,none
4,59,47,30,20,20,81,80,41,36,10,40,460,none
5,67,52,30,20,14,81,79,42,37,10,38,460,none
6,71,64,30,20,17,82,80,38,33,14,38,460,earth_tension
7,70,71,30,20,19,83,80,39,34,14,41,460,none
8,62,86,30,20,19,84,80,40,35,14,48,460,chinese_base_accident
9,69,90,30,20,16,84,80,41,36,14,47,460,none
10,71,96,30,20,23,83,79,41,36,23,48,460,india_transport_success
0,60,15,30,20,20,80,78,40,35,10,30,461,initial
1,67,19,30,20,17,80,78,40,35,10,29,461,none
2,66,26,30,20,19,79,77,40,35,10,32,461,none
3,76,31,30,20,18,79,77,39,34,10,30,461,new_ice_discovery
4,75,38,30,20,20,79,76,38,33,10,33,461,none
5,82,42,30,20,17,80,76,38,33,10,32,461,none
6,77,52,30,20,22,80,76,38,33,14,36,461,none
7,85,57,30,20,16,80,76,38,33,14,34,461,none
8,86,64,30,20,16,80,76,38,33,18,35,461,us_base_accident
9,93,68,30,20,13,80,76,38,33,18,34,461,none
10,88,78,30,20,18,81,77,38,33,22,38,461,none
0,60,15,30,20,20,80,78,40,35,10,30,462,initial
1,67,19,30,30,17,81,77,40,35,10,29,462,mars_breakthrough
2,66,26,30,30,19,81,77,40,35,10,32,462,none
3,66,34,30,30,18,81,76,40,35,10,34,462,none
4,66,42,30,30,17,80,76,41,36,10,36,462,none
5,61,52,30,30,22,79,77,42,37,14,40,462,none
6,68,56,30,30,19,78,77,43,38,14,39,462,none
7,75,60,30,30,16,78,76,43,38,14,38,462,none
8,77,66,30,30,19,77,75,43,38,18,39,462,none
9,83,69,30,30,19,78,75,43,38,18,39,462,none
10,86,76,30,30,19,78,75,43,38,22,39,462,none
0,60,15,30,20,20,80,78,40,35,10,30,463,initial
1,60,23,30,20,19,80,78,40,35,10,32,463,none
2,60,31,30,20,18,81,78,40,35,10,34,463,none
3,61,41,30,20,15,81,79,41,36,10,36,463,none
4,68,45,30,20,12,81,79,42,37,10,35,463,none
5,60,56,30,20,16,80,79,43,38,10,41,463,none
6,68,61,30,20,10,79,79,44,39,10,39,463,none
7,75,65,30,20,7,80,80,44,39,10,38,463,none
8,67,76,30,20,11,80,81,45,40,10,44,463,none
9,61,88,30,20,14,81,81,46,41,14,49,463,us_base_accident
10,53,99,30,20,18,81,81,48,43,14,55,463,none
0,60,15,30,20,20,80,78,40,35,10,30,464,initial
1,63,22,30,20,20,80,78,40,35,14,30,464,none
2,69,25,30,20,20,79,78,40,35,14,30,464,none
3,61,40,30,20,20,78,78,40,35,14,37,464,us_base_accident
4,53,51,30,20,24,78,78,41,36,14,43,464,none
5,58,52,30,30,26,79,78,42,37,14,43,464,mars_breakthrough
6,65,56,30,30,23,79,77,43,38,14,42,464,none
7,57,71,30,30,23,79,76,44,39,14,49,464,chinese_base_accident
8,57,80,30,30,27,80,76,46,41,19,52,464,india_transport_success
9,56,87,30,30,29,79,76,48,43,19,55,464,none
10,63,94,30,30,31,79,75,46,41,19,54,464,earth_tension
0,60,15,30,20,20,80,78,40,35,10,30,465,initial
1,60,23,30,20,19,80,78,40,35,10,32,465,none
2,60,32,30,20,19,80,78,40,35,10,35,465,none
3,67,39,30,20,21,80,78,36,31,10,34,465,earth_tension
4,67,47,30,20,20,80,78,37,32,10,36,465,none
5,74,51,30,20,17,80,79,37,32,10,35,465,none
6,74,59,30,20,16,80,79,37,32,10,37,465,none
7,77,66,36,20,16,80,78,37,32,14,39,465,scientific_discovery
8,72,76,36,20,21,79,77,37,32,18,43,465,none
9,71,83,36,20,23,78,77,37,32,18,46,465,none
10,77,86,36,20,27,79,77,37,32,23,46,465,india_transport_success
0,60,15,30,20,20,80,78,40,35,10,30,466,initial
1,68,20,30,20,14,80,77,40,35,10,28,466,none
2,79,27,30,20,14,80,77,35,30,14,24,466,earth_tension
3,78,34,30,20,16,80,76,34,29,14,27,466,none
4,89,40,28,21,19,79,77,33,28,26,36,466,rare_unknown
5,96,44,28,21,16,79,76,33,28,26,35,466,none
6,98,49,28,21,10,79,75,33,28,26,33,466,none
7,98,53,28,21,7,80,75,33,28,26,32,466,none
8,98,56,28,21,7,79,75,33,28,26,32,466,none
9,98,63,28,21,7,79,75,33,28,30,32,466,none
10,98,67,28,21,4,79,76,33,28,30,31,466,none
0,60,15,30,20,20,80,78,40,35,10,30,467,initial
1,60,17,35,20,22,79,78,40,35,10,34,467,none
2,67,21,35,20,19,79,79,40,35,10,33,467,none
3,67,29,35,20,18,79,79,40,35,10,35,467,none
4,74,33,35,20,15,80,78,39,34,10,34,467,none
5,73,40,35,20,17,80,79,38,33,10,37,467,none
6,78,44,35,20,14,79,78,38,33,10,37,467,us_base_accident
7,70,59,35,20,14,80,78,39,34,10,44,467,chinese_base_accident
8,70,68,35,20,14,80,79,40,35,10,47,467,none
9,78,73,35,20,8,80,78,40,35,10,45,467,none
10,87,77,35,20,13,80,78,36,31,14,42,467,earth_tension
0,60,15,30,20,20,80,78,40,35,10,30,468,initial
1,61,19,35,20,20,79,79,40,35,10,34,468,none
2,60,26,35,20,22,79,79,40,35,10,37,468,none
3,60,35,35,20,22,78,79,40,35,10,40,468,none
4,55,45,35,20,27,78,80,41,36,14,44,468,none
5,47,56,35,20,31,77,80,42,37,14,50,468,none
6,55,61,35,20,25,77,80,43,38,14,48,468,none
7,70,65,35,20,22,77,79,40,35,14,43,468,earth_tension
8,76,67,35,20,21,77,79,40,35,14,42,468,none
9,81,68,35,20,23,77,79,40,35,14,42,468,none
10,80,78,35,20,20,77,80,40,35,14,45,468,us_base_accident
0,60,15,30,20,20,80,78,40,35,10,30,469,initial
1,60,23,30,20,19,80,78,40,35,10,32,469,none
2,52,34,30,20,23,80,78,40,35,10,38,469,none
3,51,41,30,20,25,80,78,41,36,10,41,469,none
4,51,49,30,20,24,80,78,42,37,10,43,469,none
5,50,56,30,20,26,80,77,43,38,10,46,469,none
6,49,63,30,20,28,81,76,44,39,10,49,469,none
7,56,67,30,20,25,81,77,45,40,10,48,469,none
8,52,79,30,20,28,80,77,47,42,14,52,469,none
9,44,90,30,20,32,81,77,49,44,14,58,469,none
10,36,100,30,20,36,81,78,51,46,14,64,469,none
0,60,15,30,20,20,80,78,40,35,10,30,470,initial
1,54,23,35,20,22,80,77,40,35,10,37,470,none
2,54,31,35,20,21,80,77,40,35,10,39,470,none
3,61,35,35,20,18,80,76,40,35,10,38,470,none
4,68,39,35,20,15,81,76,40,35,10,37,470,none
5,63,49,35,20,20,81,76,41,36,14,41,470,none
6,73,54,35,20,19,81,76,41,36,14,39,470,new_ice_discovery
7,80,58,35,20,16,82,77,41,36,14,38,470,none
8,87,62,35,20,13,83,77,41,36,14,37,470,none
9,94,66,35,20,10,83,76,41,36,14,36,470,none
10,98,70,35,20,7,82,76,41,36,14,35,470,none
0,60,15,30,20,20,80,78,40,35,10,30,471,initial
1,69,15,35,20,14,80,78,40,35,10,29,471,none
2,61,26,35,20,18,80,77,40,35,10,35,471,none
3,53,37,35,20,22,79,77,40,35,10,41,471,none
4,51,42,35,20,26,79,77,41,36,10,44,471,none
5,58,46,35,20,23,79,76,42,37,10,43,471,none
6,50,57,35,20,27,79,76,43,38,10,49,471,none
7,57,61,35,20,24,80,75,44,39,10,48,471,none
8,56,68,35,20,26,80,75,46,41,10,51,471,none
9,59,71,45,20,23,79,75,48,43,18,57,471,japanese_breakthrough
10,58,78,45,20,25,79,75,50,45,18,60,471,none
0,60,15,30,20,20,80,78,40,35,10,30,472,initial
1,59,22,30,20,22,80,77,40,35,10,33,472,none
2,65,25,30,20,26,80,76,40,35,15,33,472,india_transport_success
3,58,38,30,20,28,80,76,40,35,15,39,472,none
4,65,42,30,20,25,80,77,41,36,15,38,472,none
5,64,49,30,20,27,80,77,42,37,15,41,472,none
6,71,53,30,30,24,79,77,42,37,15,40,472,mars_breakthrough
7,70,60,30,30,26,80,77,43,38,15,43,472,none
8,64,68,30,30,33,80,77,44,39,19,47,472,none
9,60,80,30,30,36,81,77,46,41,23,51,472,none
10,67,84,30,30,33,82,77,47,42,23,50,472,none
0,60,15,30,20,20,80,78,40,35,10,30,473,initial
1,60,24,30,20,20,81,77,40,35,10,33,473,none
2,60,33,30,20,20,81,77,40,35,10,36,473,none
3,59,40,30,20,22,81,77,40,35,10,39,473,none
4,67,45,36,20,16,80,77,41,36,10,39,473,scientific_discovery
5,74,49,36,20,13,80,76,41,36,10,38,473,none
6,81,52,36,20,9,79,77,41,36,10,36,473,none
7,73,67,36,20,9,79,77,41,36,10,43,473,chinese_base_accident
8,80,71,36,20,6,80,78,41,36,10,42,473,none
9,90,76,36,20,5,81,79,41,36,10,40,473,new_ice_discovery
10,98,82,36,20,8,80,80,37,32,14,37,473,earth_tension
0,60,15,30,20,20,80,78,40,35,10,30,474,initial
1,55,25,30,20,25,79,78,40,35,14,34,474,none
2,58,32,30,20,25,78,78,40,35,18,34,474,none
3,65,36,30,20,22,78,78,40,35,18,33,474,none
4,80,40,30,20,19,77,77,35,30,18,28,474,earth_tension
5,90,46,30,20,22,77,77,31,26,22,25,474,earth_tension
6,94,48,35,20,22,78,78,31,26,26,26,474,none
7,86,63,35,20,22,78,78,31,26,26,33,474,chinese_base_accident
8,85,70,35,20,24,78,77,31,26,26,36,474,none
9,77,81,35,20,28,78,77,31,26,26,42,474,none
10,84,85,35,20,25,78,76,31,26,26,41,474,none
0,60,15,30,20,20,80,78,40,35,10,30,475,initial
1,61,25,30,20,17,81,78,40,35,10,32,475,none
2,63,31,30,20,20,81,79,40,35,14,33,475,none
3,70,35,30,20,17,80,79,40,35,14,32,475,none
4,72,43,30,20,21,79,79,40,35,14,34,475,new_ice_discovery
5,65,56,30,20,23,78,80,41,36,14,40,475,none
6,72,60,30,20,20,78,81,41,36,14,39,475,none
7,79,64,30,20,17,79,81,41,36,14,38,475,none
8,71,79,30,20,17,78,81,41,36,14,45,475,chinese_base_accident
9,71,88,30,20,17,79,81,41,36,14,48,475,none
10,63,100,30,20,17,78,82,43,38,14,55,475,us_base_accident
0,60,15,30,20,20,80,78,40,35,10,30,476,initial
1,59,22,30,20,22,80,79,40,35,10,33,476,none
2,52,35,30,20,24,80,80,40,35,10,39,476,none
3,59,39,30,20,21,81,80,40,35,10,38,476,none
4,66,43,30,20,18,81,81,41,36,10,37,476,none
5,67,53,30,20,15,81,81,42,37,10,39,476,none
6,59,64,30,20,19,80,80,43,38,10,45,476,none
7,58,71,30,20,21,80,80,44,39,10,48,476,none
8,57,78,30,20,23,80,81,46,41,10,51,476,none
9,65,83,30,20,17,80,82,47,42,10,49,476,none
10,72,87,30,20,14,80,82,47,42,10,48,476,none
0,60,15,30,20,20,80,78,40,35,10,30,477,initial
1,67,19,30,20,17,80,77,40,35,10,29,477,none
2,62,29,30,20,22,80,77,40,35,14,33,477,none
3,61,36,30,20,24,80,77,40,35,14,36,477,none
4,60,43,30,20,26,79,76,41,36,14,39,477,none
5,47,54,31,29,30,79,76,43,38,22,51,477,rare_unknown
6,53,57,31,29,30,80,76,45,40,22,51,477,none
7,54,67,31,29,27,79,75,47,42,22,53,477,none
8,62,75,31,29,26,79,75,45,40,22,51,477,earth_tension
9,69,79,31,29,23,79,76,46,41,22,50,477,none
10,68,89,31,29,20,79,77,48,43,22,53,477,chinese_base_accident
0,60,15,30,20,20,80,78,40,35,10,30,478,initial
1,60,23,30,20,19,81,78,40,35,10,32,478,none
2,59,30,30,20,21,81,78,40,35,10,35,478,none
3,66,34,30,20,18,82,78,40,35,10,34,478,none
4,66,42,30,20,17,82,78,41,36,10,36,478,none
5,65,49,30,20,19,82,78,42,37,10,39,478,none
6,64,56,30,20,21,81,79,43,38,10,42,478,none
7,63,63,30,20,23,82,78,44,39,10,45,478,none
8,63,71,30,20,22,81,78,45,40,10,47,478,none
9,69,74,30,20,22,81,79,46,41,10,47,478,none
10,75,77,30,20,22,81,79,46,41,10,47,478,none
0,60,15,30,20,20,80,78,40,35,10,30,479,initial
1,60,23,30,20,19,79,78,40,35,10,32,479,none
2,56,35,30,20,26,80,78,40,35,19,36,479,india_transport_success
3,64,40,30,20,20,79,79,40,35,19,34,479,none
4,63,47,30,20,22,79,79,41,36,19,37,479,none
5,70,51,30,20,19,79,79,42,37,19,36,479,none
6,77,55,30,20,16,80,80,42,37,19,35,479,none
7,77,63,30,20,15,79,80,42,37,19,37,479,none
8,85,68,30,20,9,79,80,42,37,19,35,479,none
9,84,75,30,20,11,79,80,42,37,19,38,479,none
10,91,79,30,20,8,79,80,42,37,19,37,479,none
0,60,15,30,20,20,80,78,40,35,10,30,480,initial
1,57,25,35,20,23,80,78,40,35,22,37,480,japanese_breakthrough
2,60,32,35,20,23,79,78,40,35,26,37,480,none
3,60,40,35,20,22,80,78,40,35,26,39,480,none
4,67,44,35,20,19,80,78,41,36,26,38,480,none
5,66,51,35,20,21,81,78,42,37,26,41,480,none
6,59,64,35,20,23,82,77,43,38,26,47,480,none
7,74,68,35,20,20,82,77,39,34,26,42,480,earth_tension
8,74,77,35,20,20,82,77,39,34,26,45,480,none
9,81,81,35,20,17,81,77,39,34,26,44,480,none
10,81,89,35,20,16,82,77,39,34,26,46,480,none
0,60,15,30,20,20,80,78,40,35,10,30,481,initial
1,59,22,30,20,22,80,78,40,35,10,33,481,none
2,53,34,30,20,25,81,78,40,35,14,38,481,us_base_accident
3,68,38,30,20,22,81,78,36,31,14,33,481,earth_tension
4,75,42,30,20,19,80,78,36,31,14,32,481,none
5,74,49,30,20,21,80,79,36,31,14,35,481,none
6,73,56,30,20,23,79,79,36,31,14,38,481,none
7,80,60,30,30,20,78,80,36,31,14,37,481,mars_breakthrough
8,73,73,30,30,22,78,79,36,31,14,43,481,none
9,66,86,30,30,24,77,79,37,32,14,49,481,none
10,72,89,30,30,24,77,80,37,32,14,49,481,none
0,60,15,30,20,20,80,78,40,35,10,30,482,initial
1,60,23,30,20,19,79,78,40,35,10,32,482,none
2,68,28,30,20,13,80,77,40,35,10,30,482,none
3,74,31,30,20,13,80,77,39,34,10,30,482,none
4,72,40,30,20,13,80,77,38,33,10,34,482,chinese_base_accident
5,78,42,30,20,12,80,77,38,33,10,33,482,none
6,78,50,30,20,11,80,77,38,33,10,35,482,none
7,77,57,30,20,13,80,78,38,33,10,38,482,none
8,69,68,30,20,17,80,78,39,34,10,44,482,none
9,68,75,30,20,19,80,78,40,35,10,47,482,none
10,61,88,30,20,21,81,78,42,37,10,53,482,none
0,60,15,30,20,20,80,78,40,35,10,30,483,initial
1,60,23,30,20,19,79,78,40,35,10,32,483,none
2,60,31,30,20,18,79,78,40,35,10,34,483,none
3,59,38,30,20,20,79,78,40,35,10,37,483,none
4,59,47,30,20,20,79,78,41,36,10,40,483,none
5,68,47,41,20,14,78,78,42,37,10,41,483,scientific_discovery
6,75,51,41,20,11,79,78,42,37,10,40,483,none
7,84,51,52,20,5,79,78,42,37,10,41,483,scientific_discovery
8,83,58,52,20,7,79,78,42,37,10,44,483,none
9,90,62,52,20,4,79,78,42,37,10,43,483,none
10,89,69,52,20,6,78,78,42,37,10,46,483,none
0,60,15,30,20,20,80,78,40,35,10,30,484,initial
1,59,22,30,20,22,79,78,40,35,10,33,484,none
2,74,26,30,20,19,80,77,35,30,10,28,484,earth_tension
3,81,30,30,20,16,79,77,34,29,10,27,484,none
4,88,34,30,20,13,79,77,33,28,10,26,484,none
5,94,37,30,20,13,79,76,32,27,10,26,484,none
6,98,42,30,20,7,79,75,32,27,10,24,484,none
7,90,57,30,20,7,79,74,32,27,10,31,484,chinese_base_accident
8,86,69,30,20,10,79,74,32,27,14,35,484,none
9,93,73,30,20,7,80,74,32,27,14,34,484,none
10,98,77,30,20,4,81,74,32,27,14,33,484,none
0,60,15,30,20,20,80,78,40,35,10,30,485,initial
1,59,22,30,20,22,80,78,40,35,10,33,485,none
2,59,30,30,20,21,79,79,40,35,10,35,485,none
3,58,37,30,20,23,79,79,40,35,10,38,485,none
4,57,47,30,20,20,79,79,41,36,10,41,485,chinese_base_accident
5,57,55,30,20,19,78,79,42,37,10,43,485,none
6,39,66,37,26,23,77,80,44,39,9,53,485,rare_unknown
7,45,69,37,26,23,77,80,46,41,9,53,485,none
8,52,73,37,26,20,77,80,48,43,9,52,485,none
9,52,81,37,26,19,77,80,50,45,9,54,485,none
10,59,85,37,26,16,77,80,52,47,9,53,485,none
0,60,15,30,20,20,80,78,40,35,10,30,486,initial
1,52,26,30,20,24,80,77,40,35,10,36,486,none
2,44,37,30,20,28,80,78,40,35,10,42,486,none
3,52,42,30,20,22,80,78,41,36,10,40,486,none
4,51,49,30,20,24,80,77,42,37,10,43,486,none
5,43,60,30,20,28,80,77,43,38,10,49,486,none
6,49,63,30,20,28,79,77,44,39,10,49,486,none
7,48,70,30,20,30,79,77,46,41,10,52,486,none
8,48,78,30,20,29,79,78,48,43,10,54,486,none
9,47,85,30,20,31,80,78,50,45,10,57,486,none
10,46,92,30,20,33,81,78,52,47,10,60,486,none
0,60,15,30,20,20,80,78,40,35,10,30,487,initial
1,58,24,30,20,30,79,78,40,35,23,32,487,india_transport_success
2,61,31,30,20,34,78,78,40,35,32,32,487,india_transport_success
3,68,35,30,20,31,78,78,40,35,32,31,487,none
4,75,39,30,20,28,77,79,39,34,32,30,487,none
5,82,43,30,20,25,77,80,39,34,32,29,487,none
6,91,43,41,20,19,77,81,39,34,32,30,487,scientific_discovery
7,98,47,41,20,16,77,81,39,34,32,29,487,none
8,98,51,41,20,13,77,82,39,34,32,28,487,none
9,98,59,41,20,12,77,82,39,34,32,30,487,none
10,98,63,41,20,9,76,83,39,34,32,29,487,none
0,60,15,30,20,20,80,78,40,35,10,30,488,initial
1,60,23,30,20,19,80,78,40,35,10,32,488,none
2,59,30,30,20,21,80,78,40,35,10,35,488,none
3,66,34,30,20,18,80,78,40,35,10,34,488,none
4,66,42,30,20,17,79,78,41,36,10,36,488,none
5,65,49,30,20,19,79,78,42,37,10,39,488,none
6,66,59,30,20,16,79,77,43,38,10,41,488,none
7,65,66,30,20,18,78,77,44,39,10,44,488,none
8,65,74,30,20,17,78,77,45,40,10,46,488,none
9,71,77,30,20,17,78,78,45,40,10,46,488,none
10,70,84,30,20,19,78,78,46,41,10,49,488,none
0,60,15,30,20,20,80,78,40,35,10,30,489,initial
1,52,26,30,20,24,81,79,40,35,10,36,489,none
2,52,34,30,20,23,80,80,40,35,10,38,489,none
3,59,38,30,20,20,80,80,40,35,10,37,489,none
4,59,46,30,20,19,79,79,41,36,10,39,489,none
5,51,57,30,20,23,78,79,42,37,10,45,489,none
6,58,58,35,20,23,78,79,43,38,18,48,489,japanese_breakthrough
7,58,66,35,20,22,77,79,44,39,18,50,489,none
8,65,70,35,20,19,77,79,45,40,18,49,489,none
9,65,78,35,20,18,77,79,47,42,18,51,489,none
10,59,90,35,20,21,77,79,49,44,22,56,489,us_base_accident
0,60,15,30,20,20,80,78,40,35,10,30,490,initial
1,59,22,30,20,22,81,78,40,35,10,33,490,none
2,66,26,30,20,19,81,77,40,35,10,32,490,none
3,72,29,30,20,19,81,76,39,34,10,32,490,none
4,72,31,35,20,21,82,76,38,33,10,36,490,none
5,79,35,35,20,18,81,76,37,32,10,35,490,none
6,79,43,35,20,17,82,77,37,32,10,37,490,none
7,81,52,35,20,20,82,76,37,32,22,40,490,japanese_breakthrough
8,81,61,35,20,20,82,76,37,32,22,43,490,none
9,89,63,35,20,24,82,76,37,32,22,42,490,new_ice_discovery
10,82,76,35,20,26,81,77,37,32,22,48,490,none
0,60,15,30,20,20,80,78,40,35,10,30,491,initial
1,67,19,30,20,17,81,78,40,35,10,29,491,none
2,75,24,30,20,11,80,79,39,34,10,27,491,none
3,68,37,30,20,13,81,79,39,34,10,33,491,none
4,61,50,30,20,15,81,79,40,35,10,39,491,none
5,61,58,30,20,14,80,79,41,36,10,41,491,none
6,61,66,30,20,13,80,80,42,37,10,43,491,none
7,60,73,30,20,15,80,80,43,38,10,46,491,none
8,59,80,30,20,17,80,80,44,39,10,49,491,none
9,67,79,41,20,14,80,80,46,41,10,51,491,scientific_discovery
10,67,88,41,20,14,80,80,48,43,10,54,491,none
0,60,15,30,20,20,80,78,40,35,10,30,492,initial
1,63,22,30,20,20,80,77,40,35,14,30,492,none
2,65,27,35,20,17,79,77,40,35,14,33,492,none
3,75,31,36,17,14,78,76,39,34,21,25,492,rare_unknown
4,81,34,36,17,14,79,76,38,33,21,25,492,none
5,88,38,36,17,11,80,76,37,32,21,24,492,none
6,87,45,36,17,13,79,76,37,32,21,27,492,none
7,93,48,36,17,13,79,76,37,32,21,27,492,none
8,86,61,36,17,15,79,76,37,32,21,33,492,none
9,94,66,36,17,9,78,77,37,32,21,31,492,none
10,98,70,36,17,6,77,78,37,32,21,30,492,none
0,60,15,30,20,20,80,78,40,35,10,30,493,initial
1,59,22,30,20,22,81,78,40,35,10,33,493,none
2,59,31,30,20,22,81,78,40,35,10,36,493,none
3,59,40,30,20,22,81,78,40,35,10,39,493,none
4,58,47,30,20,24,81,79,41,36,10,42,493,none
5,58,56,30,20,24,81,80,42,37,10,45,493,none
6,57,62,30,20,25,81,80,43,38,10,47,493,none
7,49,77,30,20,25,82,80,45,40,10,54,493,us_base_accident
8,49,85,30,20,24,82,81,47,42,10,56,493,none
9,48,92,30,20,26,81,80,49,44,10,59,493,none
10,63,96,30,20,23,81,79,47,42,10,54,493,earth_tension
0,60,15,30,20,20,80,78,40,35,10,30,494,initial
1,60,27,30,20,20,81,78,40,35,18,35,494,japanese_breakthrough
2,69,30,30,20,21,81,79,40,35,18,33,494,new_ice_discovery
3,76,34,30,20,18,81,78,39,34,18,32,494,none
4,83,38,30,20,15,81,78,38,33,18,31,494,none
5,90,42,30,20,12,81,78,38,33,18,30,494,none
6,97,46,30,30,9,81,77,38,33,18,29,494,mars_breakthrough
7,98,50,30,30,6,80,78,38,33,18,28,494,none
8,98,54,30,30,3,81,78,38,33,18,27,494,none
9,98,58,30,30,0,82,78,38,33,18,26,494,none
10,95,65,30,30,2,83,78,38,33,18,29,494,none
0,60,15,30,20,20,80,78,40,35,10,30,495,initial
1,60,24,30,20,20,80,78,40,35,10,33,495,none
2,52,35,30,20,24,80,78,40,35,10,39,495,none
3,44,46,30,20,28,80,78,41,36,10,45,495,none
4,51,50,30,20,25,80,78,42,37,10,44,495,none
5,51,58,30,20,24,80,78,43,38,10,46,495,none
6,43,69,30,20,28,80,78,45,40,10,52,495,none
7,43,77,30,20,27,80,79,47,42,10,54,495,none
8,49,80,30,20,27,80,79,49,44,10,54,495,none
9,49,88,30,20,26,81,80,51,46,10,56,495,none
10,49,97,30,20,26,81,81,53,48,10,59,495,none
0,60,15,30,20,20,80,78,40,35,10,30,496,initial
1,59,22,30,20,22,80,77,40,35,10,33,496,none
2,58,29,30,20,24,80,78,40,35,10,36,496,none
3,57,36,30,20,26,79,78,40,35,10,39,496,none
4,64,40,30,20,23,79,78,40,35,10,38,496,none
5,72,45,30,20,17,80,78,40,35,10,36,496,none
6,73,55,30,20,14,79,78,40,35,10,38,496,none
7,80,59,30,20,11,80,77,40,35,10,37,496,none
8,80,67,30,20,10,80,76,40,35,10,39,496,none
9,78,72,36,20,14,80,76,40,35,10,44,496,scientific_discovery
10,86,77,36,20,8,80,75,40,35,10,42,496,none
0,60,15,30,20,20,80,78,40,35,10,30,497,initial
1,67,19,30,20,17,80,78,40,35,10,29,497,none
2,68,29,30,20,14,81,78,40,35,10,31,497,none
3,77,29,41,20,8,81,77,39,34,10,32,497,scientific_discovery
4,69,40,41,20,12,82,77,39,34,10,38,497,none
5,63,52,41,20,15,81,78,40,35,14,43,497,us_base_accident
6,66,59,41,20,15,82,78,41,36,18,43,497,none
7,66,67,41,20,14,81,77,42,37,18,45,497,none
8,72,70,41,20,14,82,76,42,37,18,45,497,none
9,71,77,41,20,16,82,76,42,37,18,48,497,none
10,63,88,41,20,20,82,76,44,39,18,54,497,none
0,60,15,30,20,20,80,78,40,35,10,30,498,initial
1,63,18,40,20,17,81,78,40,35,18,36,498,japanese_breakthrough
2,70,22,40,20,14,81,77,40,35,18,35,498,none
3,77,26,40,20,11,81,76,39,34,18,34,498,none
4,77,34,40,20,10,81,77,38,33,18,36,498,none
5,79,40,40,20,17,81,78,37,32,27,37,498,india_transport_success
6,79,49,40,20,17,82,79,37,32,27,40,498,none
7,88,53,36,28,14,83,78,37,32,37,41,498,rare_unknown
8,95,57,36,28,11,82,78,37,32,37,40,498,none
9,98,60,36,28,11,82,78,37,32,37,40,498,none
10,98,64,36,28,8,82,77,37,32,37,39,498,none
0,60,15,30,20,20,80,78,40,35,10,30,499,initial
1,67,19,36,20,17,81,78,40,35,10,31,499,scientific_discovery
2,59,30,36,20,21,80,78,40,35,10,37,499,none
3,59,38,36,20,20,79,77,40,35,10,39,499,none
4,53,46,36,20,27,79,77,41,36,14,43,499,none
5,60,50,36,20,24,79,78,42,37,14,42,499,none
6,59,57,36,20,26,80,78,43,38,14,45,499,none
7,58,64,36,20,28,80,79,44,39,14,48,499,none
8,57,71,36,20,30,81,79,46,41,14,51,499,none
9,63,74,36,20,30,82,79,48,43,14,51,499,none
10,62,81,36,20,32,81,79,50,45,14,54,499,none
0,60,15,30,20,20,80,78,40,35,10,30,500,initial
1,60,23,30,20,19,80,79,40,35,10,32,500,none
2,60,32,30,20,19,80,80,40,35,10,35,500,none
3,59,39,30,20,21,80,79,40,35,10,38,500,none
4,59,47,30,20,20,80,79,41,36,10,40,500,none
5,51,62,30,20,20,80,78,42,37,10,47,500,chinese_base_accident
6,53,68,30,20,27,80,78,43,38,19,48,500,india_transport_success
7,61,73,30,20,21,81,77,44,39,19,46,500,none
8,59,82,30,20,21,80,78,45,40,19,50,500,us_base_accident
9,67,87,30,20,15,81,78,46,41,19,48,500,none
10,67,96,30,20,15,80,78,48,43,19,51,500,none
0,60,15,30,20,20,80,78,40,35,10,30,501,initial
1,67,19,30,20,17,79,78,40,35,10,29,501,none
2,72,23,30,20,14,79,79,39,34,10,29,501,chinese_base_accident
3,66,31,35,20,16,80,79,39,34,10,36,501,none
4,72,34,35,20,16,79,79,38,33,10,36,501,none
5,80,39,35,20,10,79,79,37,32,10,34,501,none
6,87,43,35,20,7,78,79,37,32,10,33,501,none
7,90,50,35,20,7,79,79,37,32,14,33,501,none
8,96,52,35,20,6,80,79,37,32,14,32,501,none
9,98,56,35,20,3,80,78,37,32,14,31,501,none
10,98,60,35,20,0,79,79,37,32,14,30,501,none
0,60,15,30,20,20,80,78,40,35,10,30,502,initial
1,68,20,30,20,14,80,79,40,35,10,28,502,none
2,60,31,30,20,18,81,78,40,35,10,34,502,none
3,59,38,30,20,20,81,77,40,35,10,37,502,none
4,58,45,30,20,22,80,77,41,36,10,40,502,none
5,65,49,30,20,19,80,77,42,37,10,39,502,none
6,66,52,35,20,18,80,78,43,38,10,42,502,none
7,66,60,35,20,17,80,77,44,39,10,44,502,none
8,64,69,35,20,17,79,77,45,40,10,48,502,chinese_base_accident
9,63,76,35,20,19,79,78,47,42,10,51,502,none
10,56,89,35,20,21,79,79,49,44,10,57,502,none
0,60,15,30,20,20,80,78,40,35,10,30,503,initial
1,55,25,30,20,25,80,78,40,35,14,34,503,none
2,62,29,30,20,22,79,78,40,35,14,33,503,none
3,62,38,30,20,22,79,78,40,35,14,36,503,none
4,61,45,30,20,24,79,79,41,36,14,39,503,none
5,61,53,30,20,23,78,80,42,37,14,41,503,none
6,54,66,30,20,25,78,79,43,38,14,47,503,none
7,54,74,30,20,24,79,79,44,39,14,49,503,none
8,53,81,30,20,26,79,79,46,41,14,52,503,none
9,45,92,30,20,30,80,79,48,43,14,58,503,none
10,37,100,30,20,34,80,79,50,45,14,64,503,none
0,60,15,30,20,20,80,78,40,35,10,30,504,initial
1,67,19,30,20,17,80,79,40,35,10,29,504,none
2,66,26,30,20,19,80,79,40,35,10,32,504,none
3,73,30,30,20,16,80,79,39,34,10,31,504,none
4,72,37,30,20,18,80,79,38,33,10,34,504,none
5,64,48,30,20,22,80,79,39,34,10,40,504,none
6,63,55,30,20,24,80,79,40,35,10,43,504,none
7,71,60,36,20,18,79,79,40,35,10,43,504,scientific_discovery
8,77,63,36,20,18,79,79,40,35,10,43,504,none
9,78,73,36,20,15,80,78,40,35,10,45,504,none
10,78,82,36,20,15,80,78,40,35,10,48,504,none
0,60,15,30,20,20,80,78,40,35,10,30,505,initial
1,67,19,30,20,17,79,79,40,35,10,29,505,none
2,66,26,30,20,19,78,79,40,35,10,32,505,none
3,61,36,30,20,24,78,79,40,35,14,36,505,none
4,61,44,30,20,23,78,80,41,36,14,38,505,none
5,60,54,30,20,20,78,81,42,37,14,41,505,chinese_base_accident
6,60,62,30,20,19,77,81,43,38,14,43,505,none
7,60,70,30,20,18,78,81,44,39,14,45,505,none
8,59,77,30,20,20,79,81,45,40,14,48,505,none
9,51,92,30,20,20,78,81,47,42,14,55,505,chinese_base_accident
10,50,99,30,20,22,77,80,49,44,14,58,505,none
0,60,15,30,20,20,80,78,40,35,10,30,506,initial
1,51,24,30,20,26,80,78,40,35,10,36,506,none
2,51,33,30,20,26,80,78,40,35,10,39,506,none
3,43,44,30,20,30,80,77,41,36,10,45,506,none
4,43,52,30,20,29,80,77,42,37,10,47,506,none
5,50,56,30,20,26,80,76,43,38,10,46,506,none
6,47,66,35,20,29,80,75,45,40,22,53,506,japanese_breakthrough
7,45,75,35,20,29,80,75,47,42,22,57,506,us_base_accident
8,52,79,35,20,26,80,76,49,44,22,56,506,none
9,59,83,35,20,23,79,76,51,46,22,55,506,none
10,51,94,35,20,27,79,76,53,48,22,61,506,none
0,60,15,30,20,20,80,78,40,35,10,30,507,initial
1,60,23,30,20,19,80,78,40,35,10,32,507,none
2,59,30,30,20,21,80,78,40,35,10,35,507,none
3,51,41,30,20,25,79,77,41,36,10,41,507,none
4,51,49,30,20,24,80,77,42,37,10,43,507,none
5,50,56,30,20,26,79,77,43,38,10,46,507,none
6,57,60,30,20,23,79,77,44,39,10,45,507,none
7,50,73,30,20,25,79,78,46,41,10,51,507,none
8,50,81,30,20,24,79,78,48,43,10,53,507,none
9,57,85,30,20,21,78,78,50,45,10,52,507,none
10,65,84,41,20,18,78,78,52,47,10,54,507,scientific_discovery
0,60,15,30,20,20,80,78,40,35,10,30,508,initial
1,61,18,41,20,19,80,79,40,35,10,35,508,scientific_discovery
2,69,23,41,20,13,80,79,40,35,10,33,508,none
3,75,26,41,20,13,80,78,39,34,10,33,508,none
4,75,34,41,20,12,81,78,38,33,10,35,508,none
5,78,39,41,35,9,82,78,37,32,10,35,508,mars_breakthrough
6,92,42,41,35,9,82,78,33,28,10,31,508,earth_tension
7,92,50,41,35,8,82,78,33,28,10,33,508,none
8,97,53,41,35,4,81,77,33,28,10,31,508,none
9,98,57,41,35,1,81,77,33,28,10,30,508,none
10,98,62,41,35,0,81,77,33,28,10,28,508,none
0,60,15,30,20,20,80,78,40,35,10,30,509,initial
1,61,25,30,20,17,79,78,40,35,10,32,509,none
2,52,38,30,20,19,79,78,40,35,10,39,509,us_base_accident
3,59,42,30,20,16,79,78,41,36,10,38,509,none
4,58,49,30,20,18,80,79,42,37,10,41,509,none
5,58,57,30,20,17,80,79,43,38,10,43,509,none
6,68,62,30,20,16,80,80,44,39,10,41,509,new_ice_discovery
7,67,69,30,20,18,80,80,45,40,10,44,509,none
8,60,82,30,20,20,80,80,46,41,10,50,509,none
9,54,93,35,20,22,80,80,48,43,18,59,509,japanese_breakthrough
10,53,100,35,20,24,80,80,50,45,18,62,509,none
0,60,15,30,20,20,80,78,40,35,10,30,510,initial
1,66,22,30,20,23,80,78,36,31,14,28,510,earth_tension
2,66,30,30,20,22,79,78,36,31,14,30,510,none
3,65,37,30,20,24,78,79,36,31,14,33,510,none
4,68,47,30,20,24,77,78,37,32,26,35,510,japanese_breakthrough
5,67,54,30,20,26,78,78,38,33,26,38,510,none
6,73,57,30,20,26,78,79,38,33,26,38,510,none
7,66,70,30,20,28,78,79,39,34,26,44,510,none
8,66,78,30,20,27,78,79,40,35,26,46,510,none
9,67,84,30,20,33,77,79,41,36,26,48,510,new_ice_discovery
10,67,93,30,20,33,78,80,43,38,26,51,510,none
0,60,15,30,20,20,80,78,40,35,10,30,511,initial
1,60,23,30,20,19,79,78,40,35,10,32,511,none
2,52,34,30,20,23,80,79,40,35,10,38,511,none
3,59,38,30,20,20,80,79,40,35,10,37,511,none
4,59,47,30,20,20,80,80,41,36,10,40,511,none
5,59,55,30,20,19,81,81,42,37,10,42,511,none
6,59,63,30,20,18,80,81,43,38,10,44,511,none
7,58,70,30,20,20,80,80,44,39,10,47,511,none
8,50,81,30,20,24,80,80,46,41,10,53,511,none
9,49,88,30,20,26,80,79,48,43,10,56,511,none
10,44,98,30,20,31,80,79,50,45,14,60,511,none
0,60,15,30,20,20,80,78,40,35,10,30,512,initial
1,59,22,30,20,22,79,78,40,35,10,33,512,none
2,53,30,30,20,29,79,79,40,35,14,37,512,none
3,53,38,30,20,28,80,78,40,35,14,39,512,none
4,60,42,30,20,25,79,78,41,36,14,38,512,none
5,60,51,30,20,29,80,77,42,37,19,41,512,india_transport_success
6,68,56,30,20,23,79,77,43,38,19,39,512,none
7,75,60,30,20,20,80,76,43,38,19,38,512,none
8,74,67,30,20,22,79,76,43,38,19,41,512,none
9,80,70,30,20,22,80,75,43,38,19,41,512,none
10,88,75,30,20,16,79,76,43,38,19,39,512,none
0,60,15,30,20,20,80,78,40,35,10,30,513,initial
1,49,22,36,23,22,81,79,40,35,5,40,513,rare_unknown
2,49,30,36,23,21,80,80,40,35,5,42,513,none
3,49,38,36,23,20,80,80,40,35,5,44,513,none
4,49,46,36,23,19,80,80,41,36,5,46,513,none
5,56,50,36,23,16,80,79,42,37,5,45,513,none
6,62,53,36,23,16,81,79,43,38,5,45,513,none
7,61,60,36,23,18,80,80,44,39,5,48,513,none
8,69,65,36,23,12,79,79,45,40,5,46,513,none
9,69,73,36,23,11,80,80,46,41,5,48,513,none
10,68,80,36,23,13,79,81,48,43,5,51,513,none
0,60,15,30,20,20,80,78,40,35,10,30,514,initial
1,52,26,30,20,24,80,79,40,35,10,36,514,none
2,51,33,30,20,26,80,79,40,35,10,39,514,none
3,50,40,30,20,28,80,79,40,35,10,42,514,none
4,50,48,30,20,27,81,79,41,36,10,44,514,none
5,43,61,30,20,29,81,79,42,37,10,50,514,none
6,50,65,30,20,26,81,79,43,38,10,49,514,none
7,49,72,30,20,28,81,79,45,40,10,52,514,none
8,48,79,30,20,30,80,79,47,42,10,55,514,none
9,40,90,30,20,34,80,79,49,44,10,61,514,none
10,40,98,30,20,33,80,79,51,46,10,63,514,none
0,60,15,30,20,20,80,78,40,35,10,30,515,initial
1,61,25,30,20,17,80,78,40,35,10,32,515,none
2,60,32,30,20,19,81,77,40,35,10,35,515,none
3,58,41,30,20,29,81,77,41,36,23,37,515,india_transport_success
4,66,46,30,20,23,80,77,42,37,23,35,515,none
5,72,49,30,20,23,80,77,42,37,23,35,515,none
6,70,54,30,20,27,80,77,43,38,23,38,515,none
7,78,59,30,20,21,81,77,43,38,23,36,515,none
8,85,63,30,20,18,81,77,43,38,23,35,515,none
9,85,71,30,20,17,81,77,43,38,23,37,515,none
10,93,76,30,20,11,81,77,43,38,23,35,515,none
0,60,15,30,20,20,80,78,40,35,10,30,516,initial
1,66,18,30,20,20,80,78,40,35,10,30,516,none
2,65,25,30,20,22,80,78,40,35,10,33,516,none
3,68,32,30,20,22,80,78,40,35,14,33,516,none
4,68,40,30,20,21,80,77,40,35,14,35,516,none
5,79,45,30,20,18,80,77,36,31,14,31,516,earth_tension
6,75,57,30,20,25,79,77,36,31,23,35,516,india_transport_success
7,78,64,30,20,29,79,77,36,31,32,35,516,india_transport_success
8,88,63,35,20,31,79,78,36,31,32,35,516,new_ice_discovery
9,95,67,35,20,28,79,78,36,31,32,34,516,none
10,98,71,35,20,25,80,78,36,31,32,33,516,none
0,60,15,30,20,20,80,78,40,35,10,30,517,initial
1,59,22,30,20,22,79,78,40,35,10,33,517,none
2,59,31,30,20,26,79,78,40,35,15,36,517,india_transport_success
3,73,34,30,20,26,80,79,35,30,15,32,517,earth_tension
4,81,39,30,20,20,79,78,34,29,15,30,517,none
5,88,43,30,20,17,79,77,34,29,15,29,517,none
6,80,58,30,20,17,79,76,34,29,15,36,517,chinese_base_accident
7,88,63,30,20,11,79,76,34,29,15,34,517,none
8,88,72,30,20,11,78,75,34,29,15,37,517,none
9,84,84,30,20,14,78,75,34,29,19,41,517,none
10,83,91,30,20,16,78,74,34,29,19,44,517,none
0,60,15,30,20,20,80,78,40,35,10,30,518,initial
1,67,19,30,20,17,81,77,40,35,10,29,518,none
2,59,30,30,20,21,81,76,40,35,10,35,518,none
3,66,34,30,20,18,82,77,40,35,10,34,518,none
4,74,37,30,20,23,82,76,39,34,10,34,518,new_ice_discovery
5,74,45,30,20,22,82,76,39,34,10,36,518,none
6,81,49,30,20,19,81,76,39,34,10,35,518,none
7,82,53,30,20,24,81,75,39,34,14,36,518,none
8,82,62,30,20,24,81,75,39,34,14,39,518,none
9,82,71,30,20,24,81,74,39,34,14,42,518,none
10,89,75,30,20,21,82,74,39,34,14,41,518,none
0,60,15,30,20,20,80,78,40,35,10,30,519,initial
1,69,18,30,20,21,79,78,40,35,10,28,519,new_ice_discovery
2,76,22,30,20,18,79,79,39,34,10,27,519,none
3,83,26,30,20,15,80,80,38,33,10,26,519,none
4,83,34,30,20,14,79,80,37,32,10,28,519,none
5,90,38,30,20,11,79,80,36,31,10,27,519,none
6,96,41,30,20,11,79,80,36,31,10,27,519,none
7,95,49,30,20,10,80,80,36,31,10,29,519,none
8,97,55,30,20,13,80,80,36,31,14,30,519,none
9,95,64,30,20,13,80,81,36,31,14,34,519,chinese_base_accident
10,94,71,30,20,15,80,82,36,31,14,37,519,none
0,60,15,30,20,20,80,78,40,35,10,30,520,initial
1,62,21,30,20,23,80,78,40,35,14,31,520,none
2,54,36,30,20,23,80,79,40,35,14,38,520,chinese_base_accident
3,57,43,30,20,23,80,79,41,36,18,38,520,none
4,62,44,30,20,25,80,79,42,37,18,38,520,none
5,68,46,30,20,24,80,78,43,38,18,37,520,none
6,67,53,30,20,26,80,79,44,39,18,40,520,none
7,65,62,30,20,26,80,79,45,40,18,44,520,us_base_accident
8,68,66,35,20,29,80,78,46,41,30,48,520,japanese_breakthrough
9,76,71,35,20,23,79,77,46,41,30,46,520,none
10,76,80,35,20,23,79,77,46,41,30,49,520,none
0,60,15,30,20,20,80,78,40,35,10,30,521,initial
1,58,24,30,20,20,80,79,40,35,10,34,521,us_base_accident
2,50,35,30,20,24,79,78,40,35,10,40,521,none
3,58,40,30,20,18,79,79,40,35,10,38,521,none
4,58,48,30,20,17,79,79,41,36,10,40,521,none
5,60,54,30,20,20,79,80,42,37,14,41,521,none
6,63,61,30,20,20,79,81,43,38,18,41,521,none
7,62,68,30,20,22,79,80,44,39,18,44,521,none
8,54,79,30,20,26,78,79,45,40,18,50,521,none
9,53,86,30,20,28,77,79,47,42,18,53,521,none
10,58,90,30,20,25,78,79,49,44,18,53,521,us_base_accident
0,60,15,30,20,20,80,78,40,35,10,30,522,initial
1,68,20,30,20,14,80,77,40,35,10,28,522,none
2,68,28,30,20,13,80,78,40,35,10,30,522,none
3,75,32,30,20,10,79,77,39,34,10,29,522,none
4,74,39,30,20,12,79,77,38,33,10,32,522,none
5,66,50,30,20,16,78,77,39,34,10,38,522,none
6,72,53,30,20,16,78,76,39,34,10,38,522,none
7,78,56,30,20,16,78,76,39,34,10,38,522,none
8,85,60,30,20,13,77,75,39,34,10,37,522,none
9,93,59,35,20,10,77,75,39,34,10,37,522,none
10,98,67,35,20,4,77,75,39,34,18,37,522,japanese_breakthrough
0,60,15,30,20,20,80,78,40,35,10,30,523,initial
1,52,26,30,20,24,81,77,40,35,10,36,523,none
2,61,29,30,18,24,81,77,40,35,16,32,523,rare_unknown
3,61,38,30,18,24,82,78,40,35,16,35,523,none
4,68,42,30,18,21,81,79,41,36,16,34,523,none
5,67,49,30,18,23,81,80,42,37,16,37,523,none
6,75,54,36,18,17,82,80,42,37,16,37,523,scientific_discovery
7,67,69,36,18,17,83,80,43,38,16,44,523,us_base_accident
8,71,74,41,18,17,83,81,43,38,28,47,523,japanese_breakthrough
9,70,81,41,18,19,83,82,44,39,28,50,523,none
10,70,89,41,18,18,82,81,46,41,28,52,523,none
0,60,15,30,20,20,80,78,40,35,10,30,524,initial
1,60,24,30,20,20,79,78,40,35,10,33,524,none
2,66,26,30,20,19,79,77,40,35,10,32,524,none
3,72,29,30,20,19,79,77,39,34,10,32,524,none
4,78,32,30,20,19,79,77,38,33,10,32,524,none
5,86,37,30,20,13,78,77,37,32,10,30,524,none
6,93,41,30,20,10,78,76,37,32,10,29,524,none
7,98,45,30,20,7,78,75,37,32,10,28,524,none
8,98,50,30,20,1,78,74,37,32,10,26,524,none
9,95,58,30,20,2,79,73,37,32,10,28,524,none
10,87,69,30,20,6,79,73,37,32,10,34,524,none
0,60,15,30,20,20,80,78,40,35,10,30,525,initial
1,68,20,30,20,14,80,78,40,35,10,28,525,none
2,60,35,30,20,14,80,79,40,35,10,35,525,chinese_base_accident
3,68,40,30,20,8,80,79,40,35,10,33,525,none
4,67,46,30,20,9,80,79,41,36,10,35,525,none
5,83,51,30,20,3,79,79,37,32,10,29,525,earth_tension
6,82,58,30,20,5,79,79,37,32,10,32,525,none
7,80,67,30,20,5,79,79,37,32,10,36,525,chinese_base_accident
8,87,71,30,20,2,80,79,37,32,10,35,525,none
9,93,74,30,20,2,80,79,37,32,10,35,525,none
10,98,78,30,20,0,80,79,37,32,10,34,525,none
0,60,15,30,20,20,80,78,40,35,10,30,526,initial
1,52,26,30,20,24,80,78,40,35,10,36,526,none
2,51,33,30,20,26,80,78,40,35,10,39,526,none
3,43,44,30,20,30,81,77,41,36,10,45,526,none
4,50,48,30,20,27,81,77,42,37,10,44,526,none
5,42,59,30,20,31,81,77,43,38,10,50,526,none
6,41,65,30,20,32,82,77,45,40,10,52,526,none
7,40,72,30,20,34,83,77,47,42,10,55,526,none
8,32,83,30,20,38,82,76,49,44,10,61,526,none
9,31,90,30,20,40,83,77,51,46,10,64,526,none
10,26,100,30,20,45,83,77,53,48,14,68,526,none
0,60,15,30,20,20,80,78,40,35,10,30,527,initial
1,61,25,30,20,17,80,78,40,35,10,32,527,none
2,61,33,30,20,16,80,78,40,35,10,34,527,none
3,61,42,30,20,16,80,78,41,36,10,37,527,none
4,61,51,30,20,20,79,77,42,37,15,40,527,india_transport_success
5,69,56,30,20,14,79,77,43,38,15,38,527,none
6,61,71,30,20,14,79,76,44,39,15,45,527,chinese_base_accident
7,53,82,30,20,18,79,77,46,41,15,51,527,none
8,53,91,30,20,18,79,78,48,43,15,54,527,none
9,52,98,30,20,20,80,78,50,45,15,57,527,none
10,59,100,30,20,17,81,78,52,47,15,56,527,none
0,60,15,30,20,20,80,78,40,35,10,30,528,initial
1,59,22,30,20,22,81,78,40,35,10,33,528,none
2,51,33,30,20,26,81,78,40,35,10,39,528,none
3,44,46,30,20,28,81,78,41,36,10,45,528,none
4,44,48,35,20,30,82,78,42,37,10,49,528,none
5,36,63,35,20,30,82,78,44,39,10,56,528,us_base_accident
6,35,70,35,20,32,82,79,46,41,10,59,528,none
7,38,77,35,20,36,82,80,48,43,19,59,528,india_transport_success
8,38,85,35,20,35,82,80,50,45,19,61,528,none
9,37,92,35,20,37,82,80,52,47,19,64,528,none
10,45,91,46,20,34,82,80,54,49,19,66,528,scientific_discovery
0,60,15,30,20,20,80,78,40,35,10,30,529,initial
1,67,19,30,20,17,80,78,40,35,10,29,529,none
2,66,26,30,20,19,80,77,40,35,10,32,529,none
3,62,38,30,20,26,79,78,40,35,19,36,529,india_transport_success
4,60,47,30,20,26,80,77,41,36,19,40,529,us_base_accident
5,52,58,30,20,30,80,76,42,37,19,46,529,none
6,44,69,30,20,34,79,75,44,39,19,52,529,none
7,43,76,30,20,36,79,75,46,41,19,55,529,none
8,44,82,30,20,42,79,75,48,43,19,57,529,new_ice_discovery
9,51,86,30,20,39,78,75,50,45,19,56,529,none
10,43,97,30,20,43,78,75,52,47,19,62,529,none
0,60,15,30,20,20,80,78,40,35,10,30,530,initial
1,60,23,30,20,19,80,79,40,35,10,32,530,none
2,60,32,30,20,19,80,78,40,35,10,35,530,none
3,67,36,30,30,16,79,79,40,35,10,34,530,mars_breakthrough
4,73,39,30,30,16,78,79,39,34,10,34,530,none
5,76,46,30,30,16,78,79,39,34,14,34,530,none
6,83,50,30,30,13,77,79,39,34,14,33,530,none
7,90,54,30,30,10,77,80,39,34,14,32,530,none
8,90,62,30,30,9,76,80,39,34,14,34,530,none
9,97,66,30,30,6,76,79,39,34,14,33,530,none
10,98,70,30,30,3,76,79,39,34,14,32,530,none
0,60,15,30,20,20,80,78,40,35,10,30,531,initial
1,67,19,30,20,17,80,77,40,35,10,29,531,none
2,73,22,30,20,21,81,77,39,34,15,29,531,india_transport_success
3,74,32,30,20,18,82,77,38,33,15,31,531,none
4,74,40,30,20,17,81,77,37,32,15,33,531,none
5,81,44,30,20,14,81,78,37,32,15,32,531,none
6,81,52,36,20,13,80,78,37,32,15,36,531,scientific_discovery
7,82,57,34,22,17,80,78,37,32,14,47,531,rare_unknown
8,87,61,34,22,14,80,78,37,32,14,47,531,chinese_base_accident
9,86,68,34,22,16,80,79,37,32,14,50,531,none
10,93,72,34,22,13,80,79,37,32,14,49,531,none
0,60,15,30,20,20,80,78,40,35,10,30,532,initial
1,60,23,30,20,19,81,79,40,35,10,32,532,none
2,60,32,30,20,19,81,79,40,35,10,35,532,none
3,67,36,30,20,16,80,80,40,35,10,34,532,none
4,74,40,30,20,13,79,80,39,34,10,33,532,none
5,70,55,30,20,16,80,81,40,35,22,39,532,japanese_breakthrough
6,78,60,30,20,10,81,81,40,35,22,37,532,none
7,86,65,30,20,4,82,81,40,35,22,35,532,none
8,85,72,30,20,6,82,81,40,35,22,38,532,none
9,91,75,30,20,6,82,82,40,35,22,38,532,none
10,97,81,30,20,6,82,82,40,35,30,40,532,japanese_breakthrough
0,60,15,30,20,20,80,78,40,35,10,30,533,initial
1,61,25,30,20,17,81,78,40,35,10,32,533,none
2,63,29,30,20,17,81,78,40,35,10,33,533,none
3,71,34,30,20,11,82,78,39,34,10,31,533,none
4,73,40,30,20,14,82,78,38,33,14,32,533,none
5,80,44,30,20,11,82,77,38,33,14,31,533,none
6,87,48,30,20,8,82,77,38,33,14,30,533,none
7,93,51,30,20,8,82,77,38,33,14,30,533,none
8,98,55,30,20,5,82,77,38,33,14,29,533,none
9,99,55,41,20,0,82,76,38,33,14,30,533,scientific_discovery
10,98,59,41,20,0,82,77,38,33,14,29,533,none
0,60,15,30,20,20,80,78,40,35,10,30,534,initial
1,52,30,30,20,20,80,77,40,35,10,37,534,chinese_base_accident
2,44,45,30,20,20,81,78,41,36,10,44,534,chinese_base_accident
3,43,52,30,20,22,82,78,42,37,10,47,534,none
4,43,61,30,20,22,82,77,43,38,10,50,534,none
5,42,68,30,20,24,82,77,45,40,10,53,534,none
6,52,74,30,20,27,83,77,42,37,14,50,534,earth_tension
7,47,77,40,20,29,82,77,44,39,14,58,534,none
8,58,77,45,20,28,81,77,46,41,14,57,534,new_ice_discovery
9,65,81,45,20,25,82,76,48,43,14,56,534,none
10,73,86,45,30,19,82,75,49,44,14,54,534,mars_breakthrough
0,60,15,30,20,20,80,78,40,35,10,30,535,initial
1,69,20,27,19,14,81,78,40,35,16,29,535,rare_unknown
2,76,24,27,19,11,81,78,39,34,16,28,535,none
3,75,31,27,19,13,80,79,38,33,16,31,535,none
4,83,36,27,19,7,81,78,37,32,16,29,535,none
5,85,42,27,19,10,81,77,37,32,20,30,535,none
6,92,46,27,19,7,81,77,37,32,20,29,535,none
7,98,51,27,19,1,81,77,37,32,20,27,535,none
8,93,64,27,19,6,82,77,37,32,32,33,535,japanese_breakthrough
9,97,67,27,19,7,83,77,37,32,32,31,535,new_ice_discovery
10,98,71,27,19,4,83,77,37,32,32,30,535,none
0,60,15,30,20,20,80,78,40,35,10,30,536,initial
1,58,24,30,20,20,79,78,40,35,10,34,536,chinese_base_accident
2,57,31,30,20,22,79,78,40,35,10,37,536,none
3,56,38,30,20,24,78,78,40,35,10,40,536,none
4,56,47,30,20,24,78,78,41,36,10,43,536,none
5,58,53,30,20,27,77,78,42,37,14,44,536,none
6,68,53,30,35,21,77,78,43,38,14,40,536,mars_breakthrough
7,74,56,30,35,21,77,77,43,38,14,40,536,none
8,74,64,30,35,20,77,78,43,38,14,42,536,none
9,81,68,30,35,17,77,78,43,38,14,41,536,none
10,89,73,30,35,11,78,77,43,38,14,39,536,none
0,60,15,30,20,20,80,78,40,35,10,30,537,initial
1,59,22,30,20,22,80,77,40,35,10,33,537,none
2,59,31,30,20,22,80,78,40,35,10,36,537,none
3,67,30,41,20,19,81,77,40,35,10,38,537,scientific_discovery
4,73,33,41,20,19,81,76,39,34,10,38,537,none
5,80,37,41,20,20,81,76,38,33,15,37,537,india_transport_success
6,73,50,41,20,22,81,75,38,33,15,43,537,none
7,72,57,41,20,24,81,75,38,33,15,46,537,none
8,72,66,41,20,24,81,75,38,33,15,49,537,none
9,86,69,41,20,24,81,74,34,29,15,45,537,earth_tension
10,86,78,41,20,24,81,74,34,29,15,48,537,none
0,60,15,30,20,20,80,78,40,35,10,30,538,initial
1,59,22,30,20,22,80,77,40,35,10,33,538,none
2,58,29,30,20,24,80,77,40,35,10,36,538,none
3,59,39,30,20,21,81,78,40,35,10,38,538,none
4,60,49,30,20,22,81,78,41,36,15,40,538,india_transport_success
5,67,53,30,20,19,81,77,42,37,15,39,538,none
6,67,62,30,20,19,81,78,43,38,15,42,538,none
7,60,75,30,20,21,82,78,44,39,15,48,538,none
8,67,79,30,20,18,82,78,45,40,15,47,538,none
9,59,94,30,20,18,82,78,47,42,15,54,538,us_base_accident
10,51,100,30,20,22,82,78,49,44,15,60,538,none
0,60,15,30,20,20,80,78,40,35,10,30,539,initial
1,60,23,30,20,19,80,77,40,35,10,32,539,none
2,59,30,30,20,21,80,77,40,35,10,35,539,none
3,62,37,30,20,21,80,77,40,35,14,35,539,none
4,65,42,30,35,18,79,77,41,36,14,35,539,mars_breakthrough
5,72,46,30,35,15,80,77,41,36,14,34,539,none
6,65,59,30,35,17,81,77,42,37,14,40,539,none
7,65,68,30,35,17,81,77,43,38,14,43,539,none
8,73,70,35,35,14,81,76,43,38,22,45,539,japanese_breakthrough
9,66,83,35,35,16,82,77,45,40,22,51,539,none
10,58,98,35,35,16,81,77,47,42,22,58,539,chinese_base_accident
0,60,15,30,20,20,80,78,40,35,10,30,540,initial
1,66,23,37,25,19,79,78,40,35,5,26,540,rare_unknown
2,64,28,37,25,23,79,78,40,35,5,29,540,none
3,72,33,37,25,17,80,78,39,34,5,27,540,none
4,79,37,37,25,14,81,78,38,33,5,26,540,none
5,80,47,37,25,11,80,77,38,33,5,28,540,none
6,80,55,37,25,10,80,77,38,33,5,30,540,none
7,79,61,37,25,11,79,78,38,33,5,32,540,none
8,86,65,37,25,8,79,79,38,33,5,31,540,none
9,93,69,37,25,9,79,79,38,33,10,30,540,india_transport_success
10,98,72,37,25,9,79,79,38,33,10,30,540,none
0,60,15,30,20,20,80,78,40,35,10,30,541,initial
1,62,21,30,20,23,79,77,40,35,14,31,541,none
2,57,31,30,20,28,78,77,40,35,18,35,541,none
3,49,42,30,20,32,78,77,41,36,18,41,541,none
4,41,53,30,20,36,78,77,42,37,18,47,541,none
5,40,59,30,30,37,78,78,43,38,18,49,541,mars_breakthrough
6,47,63,30,30,34,77,79,44,39,18,48,541,none
7,55,62,35,30,31,77,80,45,40,18,48,541,none
8,47,73,35,30,35,78,80,47,42,18,54,541,none
9,55,82,35,30,35,78,80,45,40,18,53,541,earth_tension
10,64,85,35,30,36,78,80,47,42,18,51,541,new_ice_discovery
0,60,15,30,20,20,80,78,40,35,10,30,542,initial
1,59,22,30,20,22,79,77,40,35,10,33,542,none
2,66,26,30,20,19,79,77,40,35,10,32,542,none
3,72,29,30,20,19,79,78,39,34,10,32,542,none
4,75,39,30,20,19,79,78,38,33,22,34,542,japanese_breakthrough
5,83,44,36,20,13,78,79,38,33,22,34,542,scientific_discovery
6,86,51,36,20,13,78,79,38,33,26,34,542,none
7,89,58,36,20,13,78,79,38,33,30,34,542,none
8,96,62,36,20,10,77,79,38,33,30,33,542,none
9,95,72,36,20,7,78,79,38,33,30,36,542,chinese_base_accident
10,96,82,36,20,4,77,79,38,33,30,38,542,none
0,60,15,30,20,20,80,78,40,35,10,30,543,initial
1,59,22,30,20,22,80,77,40,35,10,33,543,none
2,59,30,30,20,21,80,78,40,35,10,35,543,none
3,58,37,30,20,23,81,78,40,35,10,38,543,none
4,61,44,30,20,23,82,77,41,36,14,38,543,none
5,68,48,30,20,20,81,76,42,37,14,37,543,none
6,75,52,30,20,17,81,76,42,37,14,36,543,none
7,82,56,30,20,14,81,76,42,37,14,35,543,none
8,82,65,30,20,14,81,76,42,37,14,38,543,none
9,79,75,35,20,17,81,76,42,37,26,45,543,japanese_breakthrough
10,87,84,39,21,17,81,76,42,37,27,44,543,rare_unknown
0,60,15,30,20,20,80,78,40,35,10,30,544,initial
1,59,22,30,20,22,80,79,40,35,10,33,544,none
2,66,26,30,20,19,80,78,40,35,10,32,544,none
3,61,36,30,20,24,80,79,40,35,14,36,544,none
4,62,39,35,20,23,80,78,40,35,14,39,544,none
5,61,46,35,20,25,80,78,41,36,14,42,544,none
6,67,52,35,20,25,80,79,42,37,22,44,544,japanese_breakthrough
7,73,55,35,20,25,81,79,42,37,22,44,544,none
8,68,65,35,20,30,80,78,43,38,26,48,544,none
9,74,68,35,20,30,80,79,43,38,26,48,544,none
10,77,75,35,20,30,80,79,43,38,30,48,544,none
0,60,15,30,20,20,80,78,40,35,10,30,545,initial
1,67,19,30,20,17,80,78,40,35,10,29,545,none
2,66,26,30,20,19,80,79,40,35,10,32,545,none
3,73,29,30,20,15,80,79,39,34,10,30,545,none
4,72,36,30,20,17,81,80,38,33,10,33,545,none
5,65,49,30,20,19,82,79,39,34,10,39,545,none
6,72,53,30,20,16,82,78,39,34,10,38,545,none
7,71,60,30,20,18,81,78,39,34,10,41,545,none
8,70,67,30,20,20,80,79,40,35,10,44,545,none
9,78,72,30,20,14,80,80,40,35,10,42,545,none
10,82,77,35,20,14,79,81,40,35,22,45,545,japanese_breakthrough
0,60,15,30,20,20,80,78,40,35,10,30,546,initial
1,60,23,30,20,19,80,79,40,35,10,32,546,none
2,68,28,30,20,13,80,78,40,35,10,30,546,none
3,69,31,41,20,12,81,78,40,35,10,35,546,scientific_discovery
4,76,35,41,20,9,81,78,39,34,10,34,546,none
5,83,39,41,20,6,80,78,38,33,10,33,546,none
6,90,43,41,20,3,79,77,38,33,10,32,546,none
7,90,51,41,20,2,80,77,38,33,10,34,546,none
8,97,55,41,20,3,79,76,38,33,15,33,546,india_transport_success
9,96,64,41,20,3,80,77,38,33,15,36,546,none
10,96,73,41,20,7,80,77,38,33,20,39,546,india_transport_success
0,60,15,30,20,20,80,78,40,35,10,30,547,initial
1,52,26,30,20,24,81,78,40,35,10,36,547,none
2,51,29,27,25,24,82,78,40,35,11,44,547,rare_unknown
3,57,32,27,25,24,82,78,40,35,11,44,547,none
4,63,35,27,27,24,81,77,40,35,16,43,547,rare_unknown
5,70,39,27,27,21,81,76,40,35,16,42,547,none
6,76,41,27,27,20,80,77,40,35,16,41,547,none
7,82,44,27,27,20,80,77,40,35,16,41,547,none
8,89,48,27,27,17,80,78,40,35,16,40,547,none
9,96,52,27,27,14,80,78,40,35,16,39,547,none
10,98,57,27,27,8,81,78,40,35,16,37,547,none
0,60,15,30,20,20,80,78,40,35,10,30,548,initial
1,67,19,30,20,17,80,79,40,35,10,29,548,none
2,76,22,30,20,18,81,79,39,34,10,27,548,new_ice_discovery
3,82,24,30,20,17,81,79,38,33,10,26,548,none
4,74,39,30,20,17,81,78,37,32,10,33,548,chinese_base_accident
5,73,46,30,20,19,81,78,37,32,10,36,548,none
6,72,53,30,20,21,82,78,37,32,10,39,548,none
7,72,61,30,20,20,83,77,37,32,10,41,548,none
8,65,74,30,20,22,82,76,38,33,10,47,548,none
9,72,78,30,20,19,82,76,38,33,10,46,548,none
10,81,78,41,20,13,81,76,38,33,10,47,548,scientific_discovery
0,60,15,30,20,20,80,78,40,35,10,30,549,initial
1,60,24,30,30,20,80,77,40,35,10,33,549,mars_breakthrough
2,53,37,30,30,22,80,76,40,35,10,39,549,none
3,59,40,30,30,22,80,75,40,35,10,39,549,none
4,62,47,30,30,22,79,75,41,36,14,39,549,none
5,68,50,30,30,22,79,76,42,37,14,39,549,none
6,60,61,30,30,26,79,76,43,38,14,45,549,none
7,60,70,30,30,26,79,77,44,39,14,48,549,none
8,56,82,30,30,29,78,78,46,41,18,52,549,none
9,62,85,30,30,29,78,79,48,43,18,52,549,none
10,54,100,30,30,29,79,80,50,45,18,59,549,us_base_accident
0,60,15,30,20,20,80,78,40,35,10,30,550,initial
1,52,30,30,20,20,80,77,40,35,10,37,550,us_base_accident
2,58,33,30,20,20,79,77,40,35,10,37,550,none
3,66,38,30,20,14,80,77,40,35,10,35,550,none
4,73,42,30,20,11,81,77,40,35,10,34,550,none
5,73,50,30,20,10,80,77,40,35,10,36,550,none
6,80,54,30,20,7,80,77,40,35,10,35,550,none
7,86,57,30,20,7,80,78,40,35,10,35,550,none
8,94,62,30,20,1,81,77,40,35,10,33,550,none
9,98,66,30,20,0,82,77,40,35,10,32,550,none
10,98,70,30,20,0,82,78,40,35,10,31,550,none
0,60,15,30,20,20,80,78,40,35,10,30,551,initial
1,59,22,30,20,22,79,78,40,35,10,33,551,none
2,60,25,35,20,21,79,78,40,35,10,36,551,none
3,67,29,35,20,18,80,78,40,35,10,35,551,none
4,66,36,35,20,20,81,78,40,35,10,38,551,none
5,64,45,35,20,20,81,78,41,36,10,42,551,us_base_accident
6,64,53,35,20,19,81,79,42,37,10,44,551,none
7,73,56,35,20,20,81,79,42,37,10,42,551,new_ice_discovery
8,79,59,35,20,20,81,78,42,37,10,42,551,none
9,84,67,42,23,19,81,78,42,37,17,37,551,rare_unknown
10,79,77,42,23,24,80,77,42,37,21,41,551,none
0,60,15,30,20,20,80,78,40,35,10,30,552,initial
1,67,19,30,20,17,79,77,40,35,10,29,552,none
2,67,27,30,20,16,79,77,40,35,10,31,552,none
3,65,36,30,20,16,79,76,40,35,10,35,552,us_base_accident
4,64,43,30,20,18,79,76,41,36,10,38,552,none
5,71,47,30,20,15,79,75,41,36,10,37,552,none
6,87,52,30,20,9,78,76,37,32,10,31,552,earth_tension
7,94,56,30,20,6,78,75,37,32,10,30,552,none
8,98,59,30,20,6,77,75,37,32,10,30,552,none
9,97,61,30,20,5,77,75,37,32,10,29,552,none
10,96,70,30,20,5,76,75,37,32,10,32,552,none
0,60,15,30,20,20,80,78,40,35,10,30,553,initial
1,53,28,30,20,22,80,77,40,35,10,36,553,none
2,60,32,30,20,19,80,77,40,35,10,35,553,none
3,55,40,30,35,21,79,77,40,35,10,39,553,mars_breakthrough
4,63,45,30,35,15,79,76,41,36,10,37,553,none
5,70,49,30,35,12,79,77,42,37,10,36,553,none
6,77,53,30,35,9,79,78,42,37,10,35,553,none
7,77,61,30,35,8,80,79,42,37,10,37,553,none
8,84,64,30,35,4,80,80,42,37,10,35,553,none
9,84,73,30,35,4,79,80,42,37,10,38,553,none
10,90,76,30,35,4,79,79,42,37,10,38,553,none
0,60,15,30,20,20,80,78,40,35,10,30,554,initial
1,53,28,30,20,22,80,77,40,35,10,36,554,none
2,60,32,30,20,19,80,77,40,35,10,35,554,none
3,59,39,30,20,21,79,77,40,35,10,38,554,none
4,58,46,30,20,23,79,77,41,36,10,41,554,none
5,65,50,30,20,20,79,78,42,37,10,40,554,none
6,72,54,30,20,17,79,79,42,37,10,39,554,none
7,79,58,30,20,14,79,79,42,37,10,38,554,none
8,86,62,30,20,11,79,79,42,37,10,37,554,none
9,94,67,30,20,5,79,79,42,37,10,35,554,none
10,98,72,30,20,0,79,79,42,37,10,33,554,none
0,60,15,30,20,20,80,78,40,35,10,30,555,initial
1,60,23,30,20,19,80,79,40,35,10,32,555,none
2,58,32,30,20,19,79,79,40,35,10,36,555,chinese_base_accident
3,57,39,30,20,21,79,79,40,35,10,39,555,none
4,57,47,30,20,20,78,80,41,36,10,41,555,none
5,49,58,30,20,24,78,80,42,37,10,47,555,none
6,48,65,30,20,26,78,79,43,38,10,50,555,none
7,47,72,30,20,28,78,80,45,40,10,53,555,none
8,46,79,30,20,30,78,80,47,42,10,56,555,none
9,46,87,30,20,29,78,81,49,44,10,58,555,none
10,45,94,30,20,31,77,81,51,46,10,61,555,none
0,60,15,30,20,20,80,78,40,35,10,30,556,initial
1,68,20,30,20,14,79,78,40,35,10,28,556,none
2,68,29,30,20,14,79,77,40,35,10,31,556,none
3,65,39,35,20,17,79,77,40,35,22,38,556,japanese_breakthrough
4,60,49,35,20,26,79,77,41,36,31,42,556,india_transport_success
5,62,55,35,20,29,79,76,42,37,35,43,556,none
6,57,68,40,20,29,80,75,44,39,43,52,556,japanese_breakthrough
7,59,72,46,28,29,81,75,46,41,48,63,556,rare_unknown
8,68,82,46,28,26,81,75,44,39,48,61,556,earth_tension
9,68,91,46,28,26,81,74,46,41,48,64,556,none
10,75,95,46,38,23,80,75,47,42,48,63,556,mars_breakthrough
0,60,15,30,20,20,80,78,40,35,10,30,557,initial
1,68,20,30,20,14,80,78,40,35,10,28,557,none
2,68,28,30,20,13,80,77,40,35,10,30,557,none
3,75,32,30,20,10,80,77,39,34,10,29,557,none
4,83,37,30,20,4,80,77,38,33,10,27,557,none
5,91,42,30,20,0,81,77,38,33,10,25,557,none
6,98,46,30,20,0,82,78,38,33,10,24,557,none
7,96,55,30,20,0,81,78,38,33,10,27,557,none
8,98,59,30,20,0,80,78,38,33,10,26,557,none
9,95,66,30,20,2,80,79,38,33,10,29,557,none
10,98,73,30,20,2,80,79,38,33,14,29,557,none
0,60,15,30,20,20,80,78,40,35,10,30,558,initial
1,60,24,30,20,20,81,78,40,35,10,33,558,none
2,67,28,30,20,17,81,78,40,35,10,32,558,none
3,69,34,30,20,20,81,77,40,35,14,33,558,none
4,76,38,30,20,17,82,77,39,34,14,32,558,none
5,69,51,30,20,19,82,77,40,35,14,38,558,none
6,76,55,30,20,16,82,77,40,35,14,37,558,none
7,75,62,30,20,18,82,77,40,35,14,40,558,none
8,82,66,30,20,15,83,78,40,35,14,39,558,none
9,82,75,30,20,15,84,78,40,35,14,42,558,none
10,88,78,30,20,15,84,78,40,35,14,42,558,none
0,60,15,30,20,20,80,78,40,35,10,30,559,initial
1,60,23,30,20,19,80,78,40,35,10,32,559,none
2,60,31,30,20,18,80,78,40,35,10,34,559,none
3,60,39,30,20,17,80,79,40,35,10,36,559,none
4,60,47,30,20,16,81,80,41,36,10,38,559,none
5,60,55,30,20,15,81,79,42,37,10,40,559,none
6,67,59,30,20,12,81,80,43,38,10,39,559,none
7,74,63,30,20,9,80,80,43,38,10,38,559,none
8,81,67,30,20,6,80,80,43,38,10,37,559,none
9,80,74,30,20,8,80,80,43,38,10,40,559,none
10,86,77,30,20,8,80,80,43,38,10,40,559,none
0,60,15,30,20,20,80,78,40,35,10,30,560,initial
1,59,22,30,20,22,80,78,40,35,10,33,560,none
2,51,33,30,20,26,80,78,40,35,10,39,560,none
3,58,37,30,20,23,79,78,40,35,10,38,560,none
4,58,45,30,20,22,78,78,41,36,10,40,560,none
5,66,50,30,20,16,78,78,42,37,10,38,560,none
6,66,59,30,20,16,79,79,43,38,10,41,560,none
7,73,63,30,20,13,79,80,43,38,10,40,560,none
8,81,68,36,20,7,79,80,43,38,10,40,560,scientific_discovery
9,87,71,36,20,7,79,80,43,38,10,40,560,none
10,83,76,41,20,12,80,80,43,38,14,45,560,none
0,60,15,30,20,20,80,78,40,35,10,30,561,initial
1,59,22,30,20,22,81,78,40,35,10,33,561,none
2,58,29,30,20,24,80,78,40,35,10,36,561,none
3,56,34,30,20,28,80,79,40,35,10,39,561,none
4,54,39,30,20,32,80,79,40,35,10,42,561,none
5,60,41,30,20,31,80,79,41,36,10,41,561,none
6,60,49,30,20,30,80,79,42,37,10,43,561,none
7,59,56,30,20,32,81,79,43,38,10,46,561,none
8,59,64,30,20,31,81,80,44,39,10,48,561,none
9,66,68,30,20,28,81,79,45,40,10,47,561,none
10,65,75,30,20,30,82,78,46,41,10,50,561,none
0,60,15,30,20,20,80,78,40,35,10,30,562,initial
1,60,23,30,20,19,80,79,40,35,10,32,562,none
2,68,28,30,20,13,80,78,40,35,10,30,562,none
3,67,35,30,20,15,80,79,40,35,10,33,562,none
4,69,40,35,20,12,80,79,40,35,10,36,562,none
5,76,44,35,20,9,80,78,40,35,10,35,562,none
6,76,53,35,20,9,80,78,40,35,10,38,562,none
7,79,58,35,35,6,80,78,40,35,10,38,562,mars_breakthrough
8,79,66,35,35,5,79,78,40,35,10,40,562,none
9,85,69,35,35,5,79,79,40,35,10,40,562,none
10,84,76,35,35,7,79,79,40,35,10,43,562,none
0,60,15,30,20,20,80,78,40,35,10,30,563,initial
1,52,30,30,20,20,80,78,40,35,10,37,563,chinese_base_accident
2,53,40,30,20,17,80,78,40,35,10,39,563,none
3,53,48,30,20,16,80,78,41,36,10,41,563,none
4,46,61,30,20,18,81,79,42,37,10,47,563,none
5,46,70,30,20,18,81,79,43,38,10,50,563,none
6,61,74,30,20,15,81,79,40,35,10,45,563,earth_tension
7,60,81,30,20,17,80,80,41,36,10,48,563,none
8,60,89,30,20,16,79,80,42,37,10,50,563,none
9,68,94,30,20,10,80,80,43,38,10,48,563,none
10,60,100,30,20,10,80,80,45,40,10,55,563,chinese_base_accident
0,60,15,30,20,20,80,78,40,35,10,30,564,initial
1,59,22,30,20,22,80,79,40,35,10,33,564,none
2,58,29,30,20,24,81,80,40,35,10,36,564,none
3,57,36,30,20,26,80,80,40,35,10,39,564,none
4,56,43,30,20,28,80,79,41,36,10,42,564,none
5,54,48,30,20,32,80,79,42,37,10,45,564,none
6,60,51,30,20,32,80,78,43,38,10,45,564,none
7,60,59,30,20,31,80,78,44,39,10,47,564,none
8,66,62,30,20,31,80,78,45,40,10,47,564,none
9,74,70,30,20,30,80,78,41,36,10,45,564,earth_tension
10,73,77,30,20,32,81,77,41,36,10,48,564,none
0,60,15,30,20,20,80,78,40,35,10,30,565,initial
1,60,24,30,20,20,80,78,40,35,10,33,565,none
2,60,32,30,20,19,80,78,40,35,10,35,565,none
3,60,40,30,20,18,80,78,40,35,10,37,565,none
4,56,52,30,20,21,80,78,41,36,14,41,565,none
5,62,55,30,20,21,81,77,42,37,14,41,565,none
6,63,59,35,20,21,82,77,43,38,14,45,565,none
7,63,67,35,20,20,82,78,44,39,14,47,565,none
8,55,78,35,20,24,82,78,46,41,14,53,565,none
9,55,87,35,20,24,81,78,48,43,14,56,565,none
10,49,95,40,20,26,82,78,50,45,14,63,565,none
0,60,15,30,20,20,80,78,40,35,10,30,566,initial
1,63,22,30,20,20,80,78,40,35,14,30,566,none
2,62,29,30,20,22,80,77,40,35,14,33,566,none
3,69,33,30,20,19,81,76,40,35,14,32,566,none
4,76,37,30,20,16,82,76,39,34,14,31,566,none
5,83,41,30,20,13,82,77,39,34,14,30,566,none
6,83,50,30,20,13,83,76,39,34,14,33,566,none
7,90,54,30,20,10,84,76,39,34,14,32,566,none
8,85,64,30,20,15,83,76,39,34,18,36,566,none
9,92,68,30,20,12,82,76,39,34,18,35,566,none
10,84,79,30,20,16,82,75,39,34,18,41,566,none
0,60,15,30,20,20,80,78,40,35,10,30,567,initial
1,60,23,30,20,19,80,78,40,35,10,32,567,none
2,68,25,30,20,23,80,78,40,35,10,31,567,new_ice_discovery
3,67,32,30,20,25,80,79,40,35,10,34,567,none
4,73,35,30,20,25,80,78,39,34,10,34,567,none
5,66,48,30,20,27,81,78,40,35,10,40,567,none
6,73,52,30,20,24,81,77,40,35,10,39,567,none
7,80,56,30,20,21,81,77,40,35,10,38,567,none
8,83,63,30,20,21,81,77,40,35,14,38,567,none
9,90,67,30,20,18,80,76,40,35,14,37,567,none
10,87,75,38,17,17,81,77,40,35,11,31,567,rare_unknown
0,60,15,30,20,20,80,78,40,35,10,30,568,initial
1,63,20,30,35,17,79,78,40,35,10,30,568,mars_breakthrough
2,63,29,30,35,17,79,78,40,35,10,33,568,none
3,62,36,30,35,19,78,79,40,35,10,36,568,none
4,62,44,30,35,18,78,78,41,36,10,38,568,none
5,63,54,30,35,15,79,78,42,37,10,40,568,none
6,70,58,30,35,12,79,78,43,38,10,39,568,none
7,77,62,30,35,9,79,78,43,38,10,38,568,none
8,85,67,30,35,3,79,78,43,38,10,36,568,none
9,84,74,30,35,5,79,78,43,38,10,39,568,none
10,76,85,30,35,9,80,79,43,38,10,45,568,none
0,60,15,30,20,20,80,78,40,35,10,30,569,initial
1,52,26,30,20,24,79,79,40,35,10,36,569,none
2,51,33,30,20,26,79,80,40,35,10,39,569,none
3,52,43,30,20,23,79,80,41,36,10,41,569,none
4,56,48,35,20,23,80,79,42,37,22,44,569,japanese_breakthrough
5,63,52,35,20,20,81,79,43,38,22,43,569,none
6,63,60,35,20,19,81,80,44,39,22,45,569,none
7,74,60,40,20,18,81,79,44,39,22,44,569,new_ice_discovery
8,77,70,40,20,18,81,79,44,39,34,46,569,japanese_breakthrough
9,84,74,40,20,15,81,79,44,39,34,45,569,none
10,90,77,40,20,19,81,78,44,39,39,45,569,india_transport_success
0,60,15,30,20,20,80,78,40,35,10,30,570,initial
1,67,18,30,20,16,79,78,40,35,10,28,570,none
2,74,22,30,20,13,79,78,39,34,10,27,570,none
3,81,26,30,20,10,79,78,38,33,10,26,570,none
4,80,33,30,20,12,79,79,37,32,10,29,570,none
5,79,40,30,20,14,78,79,36,31,10,32,570,none
6,81,46,30,20,21,78,78,36,31,19,33,570,india_transport_success
7,81,54,30,20,20,78,77,36,31,19,35,570,none
8,84,61,30,20,20,78,76,36,31,23,35,570,none
9,91,65,36,20,17,78,75,36,31,23,36,570,scientific_discovery
10,98,69,36,20,14,77,75,36,31,23,35,570,none
0,60,15,30,20,20,80,78,40,35,10,30,571,initial
1,52,26,30,20,24,81,79,40,35,10,36,571,none
2,51,36,30,20,21,81,79,40,35,10,39,571,us_base_accident
3,50,43,30,20,23,80,79,41,36,10,42,571,none
4,49,50,30,20,25,80,80,42,37,10,45,571,none
5,41,61,30,20,29,80,79,44,39,10,51,571,none
6,33,72,30,20,33,80,79,46,41,10,57,571,none
7,33,80,30,20,32,80,78,48,43,10,59,571,none
8,25,91,30,20,36,80,78,50,45,10,65,571,none
9,17,100,30,20,36,81,78,52,47,10,72,571,chinese_base_accident
10,16,100,30,20,38,81,77,54,49,10,75,571,none
0,60,15,30,20,20,80,78,40,35,10,30,572,initial
1,60,24,30,20,20,80,78,40,35,10,33,572,none
2,63,33,35,20,20,81,77,40,35,16,30,572,rare_unknown
3,64,43,35,20,17,80,77,41,36,16,32,572,none
4,72,48,35,20,11,80,77,41,36,16,30,572,none
5,86,51,35,20,11,80,77,37,32,16,26,572,earth_tension
6,94,56,41,20,5,80,78,37,32,16,26,572,scientific_discovery
7,98,60,41,20,2,79,77,37,32,16,25,572,none
8,98,64,41,20,0,78,77,37,32,16,24,572,none
9,98,68,41,20,0,77,76,37,32,16,23,572,none
10,98,72,41,20,0,77,75,37,32,16,22,572,none
0,60,15,30,20,20,80,78,40,35,10,30,573,initial
1,60,23,30,20,19,80,77,40,35,10,32,573,none
2,60,31,30,20,18,79,77,40,35,10,34,573,none
3,66,34,30,20,18,79,77,40,35,10,34,573,none
4,74,39,30,20,12,79,76,39,34,10,32,573,none
5,76,48,30,20,15,79,77,39,34,22,35,573,japanese_breakthrough
6,83,52,30,20,12,78,77,39,34,22,34,573,none
7,91,57,30,20,6,78,78,39,34,22,32,573,none
8,98,61,30,20,3,78,77,39,34,22,31,573,none
9,98,66,36,20,0,78,78,39,34,22,31,573,scientific_discovery
10,98,74,36,20,0,78,78,39,34,22,33,573,none
0,60,15,30,20,20,80,78,40,35,10,30,574,initial
1,60,24,30,20,20,80,78,40,35,10,33,574,none
2,59,31,30,20,22,79,79,40,35,10,36,574,none
3,59,39,30,20,21,78,79,40,35,10,38,574,none
4,59,47,30,20,20,77,78,41,36,10,40,574,none
5,59,55,30,20,19,77,78,42,37,10,42,574,none
6,66,59,30,20,16,77,78,43,38,10,41,574,none
7,73,63,30,20,13,77,78,43,38,10,40,574,none
8,81,68,36,20,7,76,78,43,38,10,40,574,scientific_discovery
9,73,79,36,20,11,76,78,43,38,10,46,574,none
10,84,79,41,20,10,76,77,43,38,10,45,574,new_ice_discovery
0,60,15,30,20,20,80,78,40,35,10,30,575,initial
1,66,18,30,20,24,80,78,40,35,15,30,575,india_transport_success
2,65,25,30,20,26,79,78,40,35,15,33,575,none
3,65,33,30,20,25,79,77,40,35,15,35,575,none
4,65,41,30,20,24,79,77,41,36,15,37,575,none
5,64,48,30,20,26,79,78,42,37,15,40,575,none
6,72,53,30,20,20,79,78,42,37,15,38,575,none
7,80,58,30,20,14,80,79,42,37,15,36,575,none
8,72,69,30,20,18,79,79,42,37,15,42,575,none
9,78,72,30,20,18,80,79,42,37,15,42,575,none
10,95,76,36,21,15,80,79,42,37,23,33,575,rare_unknown
0,60,15,30,20,20,80,78,40,35,10,30,576,initial
1,58,24,30,20,20,80,78,40,35,10,34,576,chinese_base_accident
2,57,30,30,20,21,79,77,40,35,10,36,576,none
3,50,43,30,20,23,79,77,41,36,10,42,576,none
4,57,47,30,20,20,79,78,42,37,10,41,576,none
5,65,52,30,20,14,79,79,43,38,10,39,576,none
6,65,60,30,20,13,79,80,44,39,10,41,576,none
7,72,64,30,20,10,80,80,44,39,10,40,576,none
8,79,68,30,20,7,79,81,44,39,10,39,576,none
9,87,73,30,20,1,79,81,44,39,10,37,576,none
10,95,80,35,29,3,78,81,44,39,19,44,576,rare_unknown
0,60,15,30,20,20,80,78,40,35,10,30,577,initial
1,60,23,30,20,19,80,79,40,35,10,32,577,none
2,51,32,30,20,25,80,79,40,35,10,38,577,none
3,51,40,30,20,24,80,79,40,35,10,40,577,none
4,49,49,30,20,24,81,80,41,36,10,44,577,chinese_base_accident
5,55,52,30,20,24,81,81,42,37,10,44,577,none
6,51,64,30,20,27,81,81,43,38,14,48,577,none
7,59,69,30,20,21,81,81,44,39,14,46,577,none
8,74,73,30,20,18,81,82,40,35,14,41,577,earth_tension
9,80,76,30,20,18,81,82,40,35,14,41,577,none
10,72,91,30,20,18,81,81,40,35,14,48,577,chinese_base_accident
0,60,15,30,20,20,80,78,40,35,10,30,578,initial
1,56,27,30,20,27,80,77,40,35,19,34,578,india_transport_success
2,56,35,30,20,26,80,77,40,35,19,36,578,none
3,64,40,30,20,20,80,77,40,35,19,34,578,none
4,62,45,40,20,23,80,77,41,36,31,42,578,japanese_breakthrough
5,69,49,40,20,20,81,77,42,37,31,41,578,none
6,76,53,40,20,17,81,76,42,37,31,40,578,none
7,83,57,40,20,14,81,75,42,37,31,39,578,none
8,86,64,40,20,14,82,76,42,37,35,39,578,none
9,93,68,40,20,11,82,76,42,37,35,38,578,none
10,92,75,40,20,13,82,76,42,37,35,41,578,none
0,60,15,30,20,20,80,78,40,35,10,30,579,initial
1,70,20,30,20,19,79,78,40,35,10,28,579,new_ice_discovery
2,71,30,30,20,16,79,78,39,34,10,30,579,none
3,71,38,30,20,15,79,78,38,33,10,32,579,none
4,77,41,30,20,15,80,78,38,33,10,32,579,none
5,77,50,30,20,19,81,77,38,33,15,35,579,india_transport_success
6,79,56,30,20,22,81,78,38,33,19,36,579,none
7,72,69,30,20,24,82,78,38,33,19,42,579,none
8,79,73,30,20,21,82,78,38,33,19,41,579,none
9,85,76,30,20,21,82,77,38,33,19,41,579,none
10,84,83,30,20,23,82,77,38,33,19,44,579,none
0,60,15,30,20,20,80,78,40,35,10,30,580,initial
1,60,23,30,20,19,80,78,40,35,10,32,580,none
2,60,31,30,20,18,80,79,40,35,10,34,580,none
3,60,40,30,20,22,80,78,40,35,15,37,580,india_transport_success
4,52,51,30,20,26,81,78,41,36,15,43,580,none
5,58,54,30,30,26,81,78,42,37,15,43,580,mars_breakthrough
6,58,62,30,30,25,80,78,43,38,15,45,580,none
7,65,66,30,30,22,79,78,44,39,15,44,580,none
8,73,69,30,30,27,78,78,44,39,15,44,580,new_ice_discovery
9,73,77,30,30,26,78,78,44,39,15,46,580,none
10,65,88,30,30,30,77,78,46,41,15,52,580,none
0,60,15,30,20,20,80,78,40,35,10,30,581,initial
1,60,23,30,20,19,81,78,40,35,10,32,581,none
2,53,36,30,20,21,80,78,40,35,10,38,581,none
3,53,44,30,20,20,79,78,41,36,10,40,581,none
4,53,53,30,20,20,79,79,42,37,10,43,581,none
5,60,57,36,20,17,79,80,43,38,10,44,581,scientific_discovery
6,68,62,36,20,11,80,80,44,39,10,42,581,none
7,60,73,36,20,15,79,80,45,40,10,48,581,none
8,52,84,36,20,19,79,81,47,42,10,54,581,none
9,52,92,36,20,18,79,81,49,44,10,56,581,none
10,51,99,36,20,20,79,80,51,46,10,59,581,none
0,60,15,30,20,20,80,78,40,35,10,30,582,initial
1,68,20,30,20,14,80,78,40,35,10,28,582,none
2,73,24,30,20,11,80,78,39,34,10,28,582,us_base_accident
3,74,28,35,20,11,80,78,38,33,10,32,582,none
4,67,41,35,20,13,80,78,39,34,10,38,582,none
5,66,48,35,20,15,81,79,40,35,10,41,582,none
6,65,55,35,20,17,81,79,41,36,10,44,582,none
7,73,57,35,20,21,81,79,41,36,10,43,582,new_ice_discovery
8,80,61,35,20,18,82,79,41,36,10,42,582,none
9,79,68,35,20,20,81,79,41,36,10,45,582,none
10,86,72,35,20,17,80,79,41,36,10,44,582,none
0,60,15,30,20,20,80,78,40,35,10,30,583,initial
1,59,22,30,20,22,81,78,40,35,10,33,583,none
2,51,33,30,20,26,81,78,40,35,10,39,583,none
3,58,37,30,20,23,80,78,40,35,10,38,583,none
4,50,48,30,20,27,80,78,41,36,10,44,583,none
5,49,55,35,20,33,79,78,42,37,26,49,583,japanese_breakthrough
6,48,65,35,20,30,79,79,44,39,26,52,583,us_base_accident
7,47,72,35,20,32,79,78,46,41,26,55,583,none
8,39,83,35,20,36,80,78,48,43,26,61,583,none
9,46,87,35,20,33,80,78,50,45,26,60,583,none
10,38,98,35,20,37,80,77,52,47,26,66,583,none
0,60,15,30,20,20,80,78,40,35,10,30,584,initial
1,66,18,30,20,20,80,79,40,35,10,30,584,none
2,58,29,30,20,24,80,79,40,35,10,36,584,none
3,57,36,30,20,26,79,78,40,35,10,39,584,none
4,64,40,30,20,23,79,77,40,35,10,38,584,none
5,66,44,30,25,23,80,76,41,36,10,39,584,none
6,73,48,30,25,20,80,77,41,36,10,38,584,none
7,76,53,30,40,17,80,76,41,36,10,38,584,mars_breakthrough
8,76,61,30,40,16,81,76,41,36,10,40,584,none
9,83,65,30,40,13,81,76,41,36,10,39,584,none
10,82,72,30,40,15,81,77,41,36,10,42,584,none
0,60,15,30,20,20,80,78,40,35,10,30,585,initial
1,60,24,30,20,20,80,77,40,35,10,33,585,none
2,66,27,30,20,20,80,77,40,35,10,33,585,none
3,73,31,30,20,17,79,77,39,34,10,32,585,none
4,72,37,36,20,18,79,77,38,33,10,36,585,scientific_discovery
5,79,41,36,20,15,79,77,38,33,10,35,585,none
6,82,48,36,20,15,78,77,38,33,14,35,585,none
7,73,57,36,20,21,78,77,38,33,14,41,585,none
8,73,65,36,20,20,78,77,38,33,14,43,585,none
9,72,72,36,20,22,78,77,38,33,14,46,585,none
10,71,79,36,20,24,78,77,38,33,14,49,585,none
0,60,15,30,20,20,80,78,40,35,10,30,586,initial
1,60,23,30,20,19,81,78,40,35,10,32,586,none
2,60,31,30,20,18,81,78,40,35,10,34,586,none
3,67,35,30,20,15,80,79,40,35,10,33,586,none
4,74,39,30,20,12,80,79,39,34,10,32,586,none
5,80,42,30,20,12,80,79,39,34,10,32,586,none
6,87,46,30,20,9,80,79,39,34,10,31,586,none
7,81,58,30,20,12,80,79,39,34,14,36,586,us_base_accident
8,81,66,30,20,11,79,79,39,34,14,38,586,none
9,80,73,30,20,13,79,78,39,34,14,41,586,none
10,80,82,30,20,13,79,77,39,34,14,44,586,none
0,60,15,30,20,20,80,78,40,35,10,30,587,initial
1,67,19,30,20,17,80,78,40,35,10,29,587,none
2,75,24,30,20,11,79,78,39,34,10,27,587,none
3,81,27,30,20,11,79,79,38,33,10,27,587,none
4,84,34,30,20,15,79,79,37,32,19,27,587,india_transport_success
5,87,42,30,20,17,79,80,33,28,19,27,587,earth_tension
6,88,52,30,20,14,79,80,33,28,19,29,587,none
7,81,58,35,20,18,79,80,33,28,19,36,587,none
8,89,63,35,20,12,78,80,33,28,19,34,587,none
9,95,66,35,20,12,77,80,33,28,19,34,587,none
10,98,70,35,20,9,77,80,33,28,19,33,587,none
0,60,15,30,20,20,80,78,40,35,10,30,588,initial
1,65,19,30,20,17,80,79,40,35,10,30,588,chinese_base_accident
2,64,26,30,20,19,81,78,40,35,10,33,588,none
3,64,34,30,20,18,80,79,40,35,10,35,588,none
4,63,41,30,20,20,79,79,41,36,10,38,588,none
5,63,50,30,20,20,79,79,42,37,10,41,588,none
6,72,50,41,20,14,80,79,42,37,10,42,588,scientific_discovery
7,80,55,41,30,8,80,79,42,37,10,40,588,mars_breakthrough
8,79,65,41,30,5,81,79,42,37,10,43,588,chinese_base_accident
9,78,72,41,30,7,81,79,42,37,10,46,588,none
10,85,76,41,30,4,80,79,42,37,10,45,588,none
0,60,15,30,20,20,80,78,40,35,10,30,589,initial
1,56,30,30,20,23,80,77,40,35,22,36,589,japanese_breakthrough
2,57,33,35,20,22,80,78,40,35,22,39,589,none
3,56,40,35,20,24,80,79,40,35,22,42,589,none
4,49,53,35,20,26,80,80,41,36,22,48,589,none
5,48,60,35,20,28,79,79,43,38,22,51,589,none
6,51,67,35,20,28,79,79,45,40,26,51,589,none
7,51,76,35,20,28,79,78,47,42,26,54,589,none
8,51,85,35,20,28,79,78,49,44,26,57,589,none
9,58,89,35,20,25,78,78,51,46,26,56,589,none
10,51,100,35,20,27,77,78,53,48,26,62,589,none
0,60,15,30,20,20,80,78,40,35,10,30,590,initial
1,66,18,30,20,20,81,78,40,35,10,30,590,none
2,66,27,30,20,20,81,78,40,35,10,33,590,none
3,66,35,30,20,19,80,78,40,35,10,35,590,none
4,66,43,30,20,18,81,78,41,36,10,37,590,none
5,66,51,30,20,17,81,79,42,37,10,39,590,none
6,66,59,30,20,16,81,79,43,38,10,41,590,none
7,69,66,30,20,16,80,79,44,39,14,41,590,none
8,76,70,30,20,13,79,79,44,39,14,40,590,none
9,76,79,30,20,13,79,80,44,39,14,43,590,none
10,76,88,30,20,13,80,80,44,39,14,46,590,none
0,60,15,30,20,20,80,78,40,35,10,30,591,initial
1,68,20,30,20,14,79,78,40,35,10,28,591,none
2,68,28,30,20,13,79,79,40,35,10,30,591,none
3,79,28,35,20,12,79,79,39,34,10,29,591,new_ice_discovery
4,86,32,35,20,9,79,79,38,33,10,28,591,none
5,93,36,35,20,6,79,79,37,32,10,27,591,none
6,98,40,35,20,3,80,80,36,31,10,26,591,none
7,99,45,40,20,3,81,81,36,31,22,29,591,japanese_breakthrough
8,98,50,40,20,0,81,82,36,31,22,27,591,none
9,98,58,40,20,0,81,83,36,31,22,29,591,none
10,97,60,40,20,4,80,82,36,31,22,28,591,new_ice_discovery
0,60,15,30,20,20,80,78,40,35,10,30,592,initial
1,67,19,30,20,17,81,78,40,35,10,29,592,none
2,59,34,30,20,17,82,78,40,35,10,36,592,chinese_base_accident
3,58,41,30,20,19,82,78,41,36,10,39,592,none
4,66,46,30,20,13,82,78,42,37,10,37,592,none
5,75,46,41,20,7,81,78,42,37,10,38,592,scientific_discovery
6,75,54,41,20,6,81,78,42,37,10,40,592,none
7,74,61,41,20,8,81,79,42,37,10,43,592,none
8,80,64,41,30,8,81,80,42,37,10,43,592,mars_breakthrough
9,88,69,41,30,2,82,80,42,37,10,41,592,none
10,98,73,36,39,0,82,81,42,37,13,41,592,rare_unknown
0,60,15,30,20,20,80,78,40,35,10,30,593,initial
1,60,23,30,20,19,80,78,40,35,10,32,593,none
2,52,34,30,20,23,80,77,40,35,10,38,593,none
3,52,42,30,20,22,81,76,41,36,10,40,593,none
4,52,51,30,20,22,82,75,42,37,10,43,593,none
5,52,59,30,20,21,82,75,43,38,10,45,593,none
6,60,64,30,20,15,82,75,44,39,10,43,593,none
7,74,67,30,20,15,82,75,40,35,10,39,593,earth_tension
8,81,71,30,30,12,81,74,40,35,10,38,593,mars_breakthrough
9,81,79,30,30,11,81,75,40,35,10,40,593,none
10,90,89,30,30,8,81,75,36,31,10,38,593,earth_tension
0,60,15,30,20,20,80,78,40,35,10,30,594,initial
1,67,19,30,20,17,80,78,40,35,10,29,594,none
2,73,22,30,20,17,80,78,39,34,10,29,594,none
3,72,29,30,20,19,80,78,38,33,10,32,594,none
4,77,33,37,17,16,79,77,37,32,19,28,594,rare_unknown
5,77,42,37,17,16,80,76,37,32,19,31,594,none
6,77,50,37,17,15,80,76,37,32,19,33,594,none
7,84,54,37,17,12,79,76,37,32,19,32,594,none
8,92,59,37,17,6,80,76,37,32,19,30,594,none
9,98,63,37,17,3,80,76,37,32,19,29,594,none
10,98,68,37,17,0,80,77,37,32,19,27,594,none
0,60,15,30,20,20,80,78,40,35,10,30,595,initial
1,61,25,30,20,17,79,79,40,35,10,32,595,none
2,60,32,30,20,19,80,80,40,35,10,35,595,none
3,67,36,30,20,16,79,80,40,35,10,34,595,none
4,66,43,30,20,18,80,79,41,36,10,37,595,none
5,74,48,30,20,12,80,79,41,36,10,35,595,none
6,80,51,30,20,12,80,79,41,36,10,35,595,none
7,78,60,30,20,12,80,79,41,36,10,39,595,us_base_accident
8,85,64,30,20,9,80,78,41,36,10,38,595,none
9,92,68,30,20,6,80,78,41,36,10,37,595,none
10,98,72,30,20,3,80,78,41,36,10,36,595,none
0,60,15,30,20,20,80,78,40,35,10,30,596,initial
1,52,26,30,20,24,80,78,40,35,10,36,596,none
2,51,33,30,20,26,79,77,40,35,10,39,596,none
3,54,40,30,20,30,78,78,40,35,19,39,596,india_transport_success
4,58,43,30,20,30,78,79,41,36,19,40,596,us_base_accident
5,54,55,30,20,33,78,79,42,37,23,44,596,none
6,61,59,30,20,30,78,79,43,38,23,43,596,none
7,55,70,35,20,32,78,80,45,40,31,52,596,japanese_breakthrough
8,47,81,35,20,36,79,81,47,42,31,58,596,none
9,40,94,35,20,38,79,81,49,44,31,64,596,none
10,35,100,35,35,40,80,81,51,46,31,68,596,mars_breakthrough
0,60,15,30,20,20,80,78,40,35,10,30,597,initial
1,59,22,30,20,22,79,78,40,35,10,33,597,none
2,58,29,30,20,24,79,78,40,35,10,36,597,none
3,51,42,30,20,26,78,78,41,36,10,42,597,none
4,66,46,30,20,23,78,78,38,33,10,37,597,earth_tension
5,66,55,30,20,23,78,78,39,34,10,40,597,none
6,73,59,30,20,20,79,79,39,34,10,39,597,none
7,80,63,36,20,17,80,80,39,34,10,40,597,scientific_discovery
8,86,66,36,20,17,79,81,39,34,10,40,597,none
9,86,74,36,20,16,78,81,39,34,10,42,597,none
10,86,83,36,20,16,78,81,39,34,10,45,597,none
0,60,15,30,20,20,80,78,40,35,10,30,598,initial
1,60,24,30,20,20,80,78,40,35,10,33,598,none
2,52,35,30,20,24,80,79,40,35,10,39,598,none
3,55,42,30,20,24,79,79,41,36,14,39,598,none
4,65,46,30,20,24,79,79,38,33,14,36,598,earth_tension
5,66,56,30,20,21,79,79,39,34,14,38,598,none
6,68,65,30,20,24,79,79,40,35,26,41,598,japanese_breakthrough
7,66,74,30,20,34,79,80,41,36,39,43,598,india_transport_success
8,66,82,30,20,33,79,80,42,37,39,45,598,none
9,73,86,30,20,30,80,79,42,37,39,44,598,none
10,72,93,30,20,32,81,79,42,37,39,47,598,none
0,60,15,30,20,20,80,78,40,35,10,30,599,initial
1,59,22,30,20,22,80,78,40,35,10,33,599,none
2,59,31,30,20,22,79,78,40,35,10,36,599,none
3,65,34,30,20,22,79,78,40,35,10,36,599,none
4,61,46,30,20,29,80,78,41,36,19,40,599,india_transport_success
5,61,54,30,20,28,81,78,42,37,19,42,599,none
6,53,69,30,20,28,81,78,43,38,19,49,599,chinese_base_accident
7,46,82,30,20,30,81,78,45,40,19,55,599,none
8,45,89,30,20,32,80,78,47,42,19,58,599,none
9,44,96,30,20,34,81,77,49,44,19,61,599,none
10,51,100,30,20,31,81,76,51,46,19,60,599,none
0,60,15,30,20,20,80,78,40,35,10,30,600,initial
1,59,22,30,20,22,80,79,40,35,10,33,600,none
2,59,30,30,20,21,81,79,40,35,10,35,600,none
3,67,35,30,20,15,80,78,40,35,10,33,600,none
4,66,42,30,20,17,81,78,41,36,10,36,600,none
5,65,49,30,20,19,81,79,42,37,10,39,600,none
6,57,60,30,20,23,82,78,43,38,10,45,600,none
7,64,64,30,20,20,81,78,44,39,10,44,600,none
8,63,71,30,20,22,80,78,45,40,10,47,600,none
9,70,75,30,20,19,80,77,46,41,10,46,600,none
10,62,86,30,20,23,79,76,48,43,10,52,600,none
0,60,15,30,20,20,80,78,40,35,10,30,601,initial
1,69,15,41,20,14,80,78,40,35,10,31,601,scientific_discovery
2,74,24,37,20,14,79,78,39,34,5,38,601,rare_unknown
3,69,31,40,25,14,78,78,39,34,14,35,601,rare_unknown
4,83,33,40,25,13,77,77,34,29,14,30,601,earth_tension
5,90,37,40,25,10,77,78,33,28,14,29,601,none
6,82,52,40,25,10,77,77,33,28,14,36,601,chinese_base_accident
7,89,56,40,25,7,77,76,33,28,14,35,601,none
8,96,60,40,25,4,78,75,33,28,14,34,601,none
9,98,64,40,25,1,77,75,33,28,14,33,601,none
10,96,73,40,25,1,77,74,29,24,14,32,601,earth_tension
0,60,15,30,20,20,80,78,40,35,10,30,602,initial
1,52,26,30,20,24,80,79,40,35,10,36,602,none
2,45,39,30,20,26,80,79,40,35,10,42,602,none
3,43,48,30,20,26,80,79,41,36,10,46,602,chinese_base_accident
4,49,50,30,30,25,80,79,42,37,10,45,602,mars_breakthrough
5,43,62,30,30,28,81,79,43,38,14,50,602,us_base_accident
6,54,62,35,30,27,81,79,44,39,14,49,602,new_ice_discovery
7,56,68,35,30,30,82,79,45,40,18,50,602,none
8,55,75,35,30,32,81,79,47,42,18,53,602,none
9,58,82,35,30,32,81,79,49,44,22,53,602,none
10,50,93,35,30,36,81,79,51,46,22,59,602,none
0,60,15,30,20,20,80,78,40,35,10,30,603,initial
1,61,22,35,20,20,80,77,40,35,18,36,603,japanese_breakthrough
2,61,31,35,20,20,79,77,40,35,18,39,603,none
3,53,42,35,20,24,78,78,41,36,18,45,603,none
4,45,53,35,20,28,78,79,43,38,18,51,603,none
5,53,58,35,20,22,78,80,44,39,18,49,603,none
6,56,65,35,20,22,79,81,45,40,22,49,603,none
7,55,72,35,20,24,79,81,47,42,22,52,603,none
8,62,76,41,17,21,78,80,49,44,25,53,603,rare_unknown
9,62,84,41,17,20,78,81,51,46,25,55,603,none
10,61,91,41,17,22,78,81,53,48,25,58,603,none
0,60,15,30,20,20,80,78,40,35,10,30,604,initial
1,60,23,30,20,19,80,77,40,35,10,32,604,none
2,59,30,30,20,21,80,78,40,35,10,35,604,none
3,66,34,30,20,18,80,77,40,35,10,34,604,none
4,62,46,30,20,25,79,77,41,36,19,38,604,india_transport_success
5,61,53,30,20,27,78,76,42,37,19,41,604,none
6,60,60,30,20,29,77,76,43,38,19,44,604,none
7,60,68,30,20,28,76,76,44,39,19,46,604,none
8,67,72,30,20,25,75,76,45,40,19,45,604,none
9,66,79,30,20,27,75,76,46,41,19,48,604,none
10,69,84,30,35,24,76,76,47,42,19,48,604,mars_breakthrough
0,60,15,30,20,20,80,78,40,35,10,30,605,initial
1,59,22,30,20,22,80,78,40,35,10,33,605,none
2,59,31,30,20,22,80,78,40,35,10,36,605,none
3,59,39,30,20,21,81,78,40,35,10,38,605,none
4,65,41,30,20,20,81,79,41,36,10,37,605,none
5,72,45,30,20,17,81,78,41,36,10,36,605,none
6,78,48,30,20,17,82,78,41,36,10,36,605,none
7,78,56,30,20,16,83,78,41,36,10,38,605,none
8,84,59,30,20,16,82,77,41,36,10,38,605,none
9,91,63,30,20,13,82,77,41,36,10,37,605,none
10,89,72,30,20,23,81,77,41,36,23,39,605,india_transport_success
0,60,15,30,20,20,80,78,40,35,10,30,606,initial
1,60,23,30,20,19,79,78,40,35,10,32,606,none
2,67,27,30,20,16,79,78,40,35,10,31,606,none
3,71,32,35,20,16,79,78,39,34,22,34,606,japanese_breakthrough
4,70,39,35,20,18,78,78,39,34,22,37,606,none
5,69,46,35,20,20,78,78,40,35,22,40,606,none
6,77,51,35,20,14,78,78,40,35,22,38,606,none
7,76,58,35,20,16,78,78,40,35,22,41,606,none
8,82,61,35,20,16,77,78,40,35,22,41,606,none
9,83,71,35,20,13,77,78,40,35,22,43,606,none
10,91,76,35,20,7,78,78,40,35,22,41,606,none
0,60,15,30,20,20,80,78,40,35,10,30,607,initial
1,60,23,30,20,19,80,78,40,35,10,32,607,none
2,67,27,30,20,16,80,79,40,35,10,31,607,none
3,74,31,30,20,13,80,78,39,34,10,30,607,none
4,82,36,36,20,7,80,79,38,33,10,30,607,scientific_discovery
5,92,41,36,20,6,80,79,38,33,10,28,607,new_ice_discovery
6,91,48,36,20,8,80,78,38,33,10,31,607,none
7,90,55,36,20,10,79,78,38,33,10,34,607,none
8,98,60,36,20,4,78,79,38,33,10,32,607,none
9,98,64,36,20,1,78,79,38,33,10,31,607,none
10,98,69,36,20,0,78,79,38,33,10,29,607,none
0,60,15,30,20,20,80,78,40,35,10,30,608,initial
1,52,26,30,20,24,81,79,40,35,10,36,608,none
2,60,31,30,20,18,80,80,40,35,10,34,608,none
3,66,34,30,20,18,80,79,40,35,10,34,608,none
4,66,42,30,20,17,80,79,41,36,10,36,608,none
5,65,49,30,20,19,80,79,42,37,10,39,608,none
6,72,53,30,20,16,81,79,42,37,10,38,608,none
7,71,60,30,20,18,82,79,42,37,10,41,608,none
8,77,63,30,20,18,81,78,42,37,10,41,608,none
9,77,71,30,20,17,81,77,42,37,10,43,608,none
10,77,79,30,20,16,81,76,42,37,10,45,608,none
0,60,15,30,20,20,80,78,40,35,10,30,609,initial
1,60,23,30,20,19,80,78,40,35,10,32,609,none
2,62,29,30,20,26,81,78,40,35,19,33,609,india_transport_success
3,54,40,30,20,30,81,79,40,35,19,39,609,none
4,62,45,30,20,24,81,79,41,36,19,37,609,none
5,70,50,30,20,18,81,79,42,37,19,35,609,none
6,80,55,30,20,17,82,79,42,37,19,33,609,new_ice_discovery
7,87,59,30,20,14,83,78,42,37,19,32,609,none
8,87,68,30,20,14,83,78,42,37,19,35,609,none
9,94,72,30,20,11,82,78,42,37,19,34,609,none
10,98,76,30,20,8,83,78,42,37,19,33,609,none
0,60,15,30,20,20,80,78,40,35,10,30,610,initial
1,59,22,30,20,22,80,78,40,35,10,33,610,none
2,59,30,30,20,21,81,79,40,35,10,35,610,none
3,73,33,32,26,21,82,80,39,34,16,41,610,rare_unknown
4,80,37,32,26,18,82,80,38,33,16,40,610,none
5,84,42,37,26,18,81,81,38,33,28,43,610,japanese_breakthrough
6,91,46,37,26,15,81,81,38,33,28,42,610,none
7,94,53,37,26,15,81,81,38,33,32,42,610,none
8,98,56,37,26,15,81,81,34,29,32,38,610,earth_tension
9,98,62,37,26,22,80,82,34,29,41,39,610,india_transport_success
10,98,70,37,26,21,79,82,34,29,41,41,610,none
0,60,15,30,20,20,80,78,40,35,10,30,611,initial
1,67,19,30,20,17,80,79,40,35,10,29,611,none
2,66,25,30,20,18,81,79,40,35,10,31,611,none
3,59,38,30,20,20,82,78,40,35,10,37,611,none
4,65,41,30,20,20,82,78,41,36,10,37,611,none
5,71,44,30,20,20,82,78,41,36,10,37,611,none
6,79,49,30,20,14,82,78,41,36,10,35,611,none
7,86,52,30,20,10,81,78,41,36,10,33,611,none
8,86,60,30,20,9,82,78,41,36,10,35,611,none
9,94,65,30,20,3,81,79,41,36,10,33,611,none
10,89,75,30,20,8,81,78,41,36,14,37,611,none
0,60,15,30,20,20,80,78,40,35,10,30,612,initial
1,61,25,30,20,17,79,78,40,35,10,32,612,none
2,57,37,30,20,24,79,77,40,35,19,36,612,india_transport_success
3,69,41,38,27,21,79,78,41,36,25,43,612,rare_unknown
4,61,52,38,27,25,80,77,42,37,25,49,612,none
5,67,55,38,27,25,81,77,43,38,25,49,612,none
6,75,63,38,27,24,80,77,39,34,25,47,612,earth_tension
7,72,73,43,27,27,79,77,40,35,37,54,612,japanese_breakthrough
8,79,77,43,27,24,79,78,41,36,37,53,612,none
9,86,81,43,27,21,79,77,42,37,37,52,612,none
10,94,86,43,27,15,79,77,42,37,37,50,612,none
0,60,15,30,20,20,80,78,40,35,10,30,613,initial
1,54,30,30,20,20,80,79,40,35,10,36,613,none
2,60,33,30,20,20,80,78,40,35,10,36,613,none
3,59,40,30,20,22,81,79,40,35,10,39,613,none
4,67,45,30,20,16,81,80,41,36,10,37,613,none
5,68,55,30,20,13,81,81,42,37,10,39,613,none
6,67,62,30,20,15,80,80,43,38,10,42,613,none
7,71,67,35,20,15,80,79,43,38,22,45,613,japanese_breakthrough
8,78,71,35,20,12,81,80,43,38,22,44,613,none
9,85,75,35,20,9,81,80,43,38,22,43,613,none
10,88,80,35,35,6,82,80,43,38,22,43,613,mars_breakthrough
0,60,15,30,20,20,80,78,40,35,10,30,614,initial
1,52,30,30,20,20,80,79,40,35,10,37,614,chinese_base_accident
2,55,37,30,30,20,81,79,40,35,14,37,614,mars_breakthrough
3,62,41,30,30,17,80,79,41,36,14,36,614,none
4,68,43,30,40,16,79,78,42,37,14,35,614,mars_breakthrough
5,72,46,30,40,16,79,78,42,37,14,36,614,chinese_base_accident
6,78,49,30,40,16,79,78,42,37,14,36,614,none
7,85,53,30,40,13,79,79,42,37,14,35,614,none
8,93,58,30,40,7,80,79,42,37,14,33,614,none
9,96,65,30,40,11,80,79,42,37,23,33,614,india_transport_success
10,95,73,30,40,10,79,79,42,37,23,35,614,none
0,60,15,30,20,20,80,78,40,35,10,30,615,initial
1,52,26,30,20,24,79,77,40,35,10,36,615,none
2,51,33,30,20,26,79,76,40,35,10,39,615,none
3,50,40,30,20,28,78,76,40,35,10,42,615,none
4,57,44,30,20,25,78,76,41,36,10,41,615,none
5,49,55,30,20,29,78,77,42,37,10,47,615,none
6,48,62,30,20,31,78,78,43,38,10,50,615,none
7,47,69,30,20,33,78,79,45,40,10,53,615,none
8,54,73,30,20,30,78,78,47,42,10,52,615,none
9,46,84,30,20,34,78,79,49,44,10,58,615,none
10,46,93,30,20,34,78,78,51,46,10,61,615,none
0,60,15,30,20,20,80,78,40,35,10,30,616,initial
1,67,19,30,20,17,79,78,40,35,10,29,616,none
2,67,27,30,20,16,79,78,40,35,10,31,616,none
3,68,37,30,20,13,80,79,40,35,10,33,616,none
4,67,44,30,20,15,79,79,41,36,10,36,616,none
5,67,53,30,20,15,79,79,42,37,10,39,616,none
6,59,64,30,20,19,79,79,43,38,10,45,616,none
7,58,71,30,30,21,79,79,44,39,10,48,616,mars_breakthrough
8,57,78,30,30,23,79,79,46,41,10,51,616,none
9,64,82,30,30,20,79,79,47,42,10,50,616,none
10,65,92,30,30,17,79,80,49,44,10,52,616,none
0,60,15,30,20,20,80,78,40,35,10,30,617,initial
1,60,23,30,20,19,80,78,40,35,10,32,617,none
2,68,28,30,20,13,80,78,40,35,10,30,617,none
3,76,33,30,20,7,80,79,39,34,10,28,617,none
4,76,42,30,20,7,80,80,39,34,10,31,617,none
5,82,45,30,20,7,79,80,39,34,10,31,617,none
6,81,52,30,20,9,80,80,39,34,10,34,617,none
7,80,59,30,20,11,80,80,39,34,10,37,617,none
8,87,63,30,20,8,81,79,39,34,10,36,617,none
9,95,68,30,20,2,81,78,39,34,10,34,617,none
10,98,71,30,20,2,81,77,39,34,10,34,617,none
0,60,15,30,20,20,80,78,40,35,10,30,618,initial
1,59,22,30,20,22,81,78,40,35,10,33,618,none
2,58,29,30,20,24,81,78,40,35,10,36,618,none
3,70,32,36,28,24,81,78,40,35,16,41,618,rare_unknown
4,66,44,36,28,27,81,77,41,36,20,45,618,none
5,66,52,36,28,26,81,77,42,37,20,47,618,none
6,66,60,36,28,25,81,77,43,38,20,49,618,none
7,74,65,36,28,19,81,76,43,38,20,47,618,none
8,82,70,36,28,13,81,77,43,38,20,45,618,none
9,90,75,36,28,7,81,76,43,38,20,43,618,none
10,91,85,36,28,4,81,76,43,38,20,45,618,none
0,60,15,30,20,20,80,78,40,35,10,30,619,initial
1,68,14,41,20,17,80,78,40,35,10,32,619,scientific_discovery
2,76,19,41,20,11,80,77,39,34,10,30,619,none
3,74,28,41,20,11,80,76,38,33,10,34,619,chinese_base_accident
4,80,31,41,20,11,80,77,37,32,10,34,619,none
5,88,36,41,20,5,80,77,36,31,10,32,619,none
6,94,39,41,20,5,80,76,35,30,10,32,619,none
7,98,42,41,20,5,79,75,35,30,10,32,619,none
8,96,45,44,22,4,78,76,35,30,13,34,619,rare_unknown
9,98,49,44,22,1,78,77,35,30,13,33,619,none
10,98,54,44,22,0,79,77,35,30,13,31,619,none
0,60,15,30,20,20,80,78,40,35,10,30,620,initial
1,60,23,30,20,19,81,77,40,35,10,32,620,none
2,59,30,30,20,21,81,77,40,35,10,35,620,none
3,58,37,30,20,23,81,77,40,35,10,38,620,none
4,66,42,30,20,17,81,78,41,36,10,36,620,none
5,82,47,30,20,11,80,78,37,32,10,30,620,earth_tension
6,88,50,30,20,11,80,78,37,32,10,30,620,none
7,90,56,30,20,14,79,78,37,32,14,31,620,none
8,89,63,30,20,16,79,77,37,32,14,34,620,none
9,97,68,30,20,10,79,78,37,32,14,32,620,none
10,98,73,30,20,4,79,78,33,28,14,26,620,earth_tension
0,60,15,30,20,20,80,78,40,35,10,30,621,initial
1,60,24,30,20,20,80,77,40,35,10,33,621,none
2,52,35,30,20,24,80,77,40,35,10,39,621,none
3,60,40,30,20,18,79,77,40,35,10,37,621,none
4,59,47,30,20,20,79,76,41,36,10,40,621,none
5,51,62,30,20,20,79,76,42,37,10,47,621,chinese_base_accident
6,58,66,30,20,17,79,75,43,38,10,46,621,none
7,55,76,35,20,20,79,75,45,40,22,53,621,japanese_breakthrough
8,54,83,35,20,22,78,75,47,42,22,56,621,none
9,47,96,35,20,24,79,75,49,44,22,62,621,none
10,53,99,35,20,28,79,74,51,46,27,62,621,india_transport_success
0,60,15,30,20,20,80,78,40,35,10,30,622,initial
1,61,25,30,20,17,81,77,40,35,10,32,622,none
2,62,35,30,20,14,81,76,40,35,10,34,622,none
3,58,47,30,20,17,82,75,41,36,14,38,622,none
4,57,54,30,20,19,83,75,42,37,14,41,622,none
5,56,61,30,20,21,83,74,43,38,14,44,622,none
6,50,69,30,20,28,83,74,44,39,18,48,622,none
7,57,73,30,20,25,83,74,45,40,18,47,622,none
8,56,80,30,20,27,83,74,46,41,18,50,622,none
9,55,87,30,20,29,82,74,48,43,18,53,622,none
10,55,95,30,20,28,81,75,50,45,18,55,622,none
0,60,15,30,20,20,80,78,40,35,10,30,623,initial
1,50,21,38,28,21,80,78,40,35,12,32,623,rare_unknown
2,58,20,43,38,18,81,78,40,35,12,32,623,mars_breakthrough
3,65,24,43,38,15,80,77,40,35,12,31,623,none
4,64,31,43,38,17,81,78,40,35,12,34,623,none
5,71,35,49,38,14,80,78,39,34,12,35,623,scientific_discovery
6,77,38,49,38,14,80,77,38,33,12,35,623,none
7,84,42,49,38,11,79,77,38,33,12,34,623,none
8,76,53,49,38,15,78,78,38,33,12,40,623,none
9,83,57,49,38,12,78,78,38,33,12,39,623,none
10,96,62,55,39,6,79,77,38,33,20,37,623,rare_unknown
0,60,15,30,20,20,80,78,40,35,10,30,624,initial
1,60,23,30,20,19,81,78,40,35,10,32,624,none
2,59,30,30,20,21,82,77,40,35,10,35,624,none
3,59,38,30,20,20,83,77,40,35,10,37,624,none
4,67,46,30,20,19,82,76,37,32,10,35,624,earth_tension
5,66,52,30,20,20,83,75,38,33,10,37,624,none
6,68,56,30,35,20,82,74,39,34,10,38,624,mars_breakthrough
7,68,65,30,35,20,81,75,40,35,10,41,624,none
8,83,70,26,33,14,80,75,40,35,11,36,624,rare_unknown
9,82,77,26,33,16,80,74,40,35,11,39,624,none
10,82,86,26,33,16,80,74,40,35,11,42,624,none
0,60,15,30,20,20,80,78,40,35,10,30,625,initial
1,63,20,30,35,17,81,78,40,35,10,30,625,mars_breakthrough
2,63,29,30,35,17,81,78,40,35,10,33,625,none
3,61,38,30,35,17,81,78,40,35,10,37,625,chinese_base_accident
4,61,46,30,35,16,80,78,41,36,10,39,625,none
5,68,50,30,35,13,80,79,42,37,10,38,625,none
6,60,61,30,35,17,81,80,43,38,10,44,625,none
7,68,66,30,35,11,81,81,44,39,10,42,625,none
8,76,71,30,35,5,81,81,44,39,10,40,625,none
9,69,77,35,35,9,80,81,45,40,10,47,625,none
10,68,84,35,35,11,79,80,46,41,10,50,625,none
0,60,15,30,20,20,80,78,40,35,10,30,626,initial
1,69,18,30,20,21,80,78,40,35,10,28,626,new_ice_discovery
2,76,22,30,20,18,80,77,39,34,10,27,626,none
3,75,29,30,20,20,80,77,38,33,10,30,626,none
4,75,37,30,20,19,79,77,37,32,10,32,626,none
5,74,44,30,20,21,79,77,37,32,10,35,626,none
6,81,48,30,20,18,79,77,37,32,10,34,626,none
7,91,53,30,20,17,79,78,37,32,10,32,626,new_ice_discovery
8,98,58,36,20,11,80,78,37,32,10,32,626,scientific_discovery
9,95,65,36,20,13,80,77,37,32,10,35,626,none
10,98,69,36,20,10,80,78,37,32,10,34,626,none
0,60,15,30,20,20,80,78,40,35,10,30,627,initial
1,53,28,30,20,22,80,79,40,35,10,36,627,none
2,52,35,30,20,24,80,79,40,35,10,39,627,none
3,58,38,30,20,24,81,79,40,35,10,39,627,none
4,57,45,30,20,26,81,80,41,36,10,42,627,none
5,65,50,30,20,20,82,79,42,37,10,40,627,none
6,72,54,30,20,17,81,80,42,37,10,39,627,none
7,79,58,30,20,14,80,80,42,37,10,38,627,none
8,79,66,30,20,13,80,81,42,37,10,40,627,none
9,86,70,30,20,10,81,82,42,37,10,39,627,none
10,85,77,30,20,12,81,83,42,37,10,42,627,none
0,60,15,30,20,20,80,78,40,35,10,30,628,initial
1,58,24,30,20,20,81,77,40,35,10,34,628,us_base_accident
2,65,28,30,20,17,81,77,40,35,10,33,628,none
3,64,35,30,20,19,81,76,40,35,10,36,628,none
4,62,44,30,20,19,81,77,41,36,10,40,628,chinese_base_accident
5,54,55,30,20,23,81,76,42,37,10,46,628,none
6,53,62,30,20,25,81,76,43,38,10,49,628,none
7,61,70,30,20,24,81,76,40,35,10,47,628,earth_tension
8,68,74,30,20,21,81,76,41,36,10,46,628,none
9,74,77,30,20,21,80,77,41,36,10,46,628,none
10,81,81,30,20,18,80,77,41,36,10,45,628,none
0,60,15,30,20,20,80,78,40,35,10,30,629,initial
1,62,23,35,20,17,80,77,40,35,18,35,629,japanese_breakthrough
2,70,28,35,30,11,80,76,40,35,18,33,629,mars_breakthrough
3,77,35,35,30,13,81,76,35,30,18,32,629,earth_tension
4,73,47,35,30,20,81,76,35,30,27,36,629,india_transport_success
5,80,51,35,30,17,81,76,35,30,27,35,629,none
6,81,61,35,30,14,81,76,35,30,27,37,629,none
7,89,66,35,30,8,81,76,35,30,27,35,629,none
8,98,73,34,33,8,81,77,35,30,40,27,629,rare_unknown
9,98,78,34,33,2,81,78,35,30,40,25,629,none
10,91,91,34,33,4,81,78,35,30,40,31,629,none
0,60,15,30,20,20,80,78,40,35,10,30,630,initial
1,67,19,30,20,17,80,78,40,35,10,29,630,none
2,71,24,35,20,17,80,78,39,34,22,32,630,japanese_breakthrough
3,71,33,35,20,17,80,78,38,33,22,35,630,none
4,71,42,35,20,17,80,78,38,33,22,38,630,none
5,78,46,35,20,14,80,78,38,33,22,37,630,none
6,84,49,35,20,14,80,79,38,33,22,37,630,none
7,83,56,35,20,16,79,79,38,33,22,40,630,none
8,91,61,35,20,10,79,79,38,33,22,38,630,none
9,98,66,35,20,4,79,78,38,33,22,36,630,none
10,96,75,35,20,4,80,78,38,33,22,39,630,none
0,60,15,30,20,20,80,78,40,35,10,30,631,initial
1,60,24,30,20,20,80,77,40,35,10,33,631,none
2,53,37,30,20,22,81,77,40,35,10,39,631,none
3,53,45,30,20,21,80,78,41,36,10,41,631,none
4,56,48,29,27,21,79,78,42,37,19,36,631,rare_unknown
5,64,53,29,27,15,79,79,43,38,19,34,631,none
6,72,58,29,27,9,79,79,43,38,19,32,631,none
7,68,70,29,27,16,79,79,44,39,28,36,631,india_transport_success
8,61,76,34,27,20,78,79,45,40,28,43,631,none
9,61,85,34,27,24,78,78,46,41,33,46,631,india_transport_success
10,74,88,31,34,24,77,78,47,42,43,54,631,rare_unknown
0,60,15,30,20,20,80,78,40,35,10,30,632,initial
1,67,19,30,20,17,80,78,40,35,10,29,632,none
2,81,22,30,20,17,81,77,35,30,10,25,632,earth_tension
3,81,31,30,20,17,81,76,34,29,10,28,632,none
4,84,38,30,20,17,81,75,33,28,14,28,632,none
5,84,47,30,20,17,81,75,33,28,14,31,632,none
6,91,45,35,20,17,81,75,33,28,14,32,632,none
7,90,52,35,20,19,80,74,33,28,14,35,632,none
8,89,62,35,20,16,80,75,33,28,14,38,632,us_base_accident
9,96,66,35,20,13,79,75,33,28,14,37,632,none
10,99,65,40,20,10,79,75,33,28,14,37,632,none
0,60,15,30,20,20,80,78,40,35,10,30,633,initial
1,59,22,30,20,22,80,78,40,35,10,33,633,none
2,61,28,30,20,29,79,78,40,35,19,34,633,india_transport_success
3,61,37,30,20,29,79,78,40,35,19,37,633,none
4,67,40,30,20,29,79,79,40,35,19,37,633,none
5,74,44,30,20,26,79,78,40,35,19,36,633,none
6,74,52,30,20,25,79,78,40,35,19,38,633,none
7,70,67,30,20,28,78,78,41,36,31,44,633,japanese_breakthrough
8,77,71,30,20,25,79,78,41,36,31,43,633,none
9,86,74,30,20,26,79,78,41,36,31,41,633,new_ice_discovery
10,92,77,30,20,26,80,78,41,36,31,41,633,none
0,60,15,30,20,20,80,78,40,35,10,30,634,initial
1,59,22,30,20,22,80,79,40,35,10,33,634,none
2,74,26,30,20,19,81,80,35,30,10,28,634,earth_tension
3,66,41,30,20,19,80,80,36,31,10,35,634,chinese_base_accident
4,64,50,30,20,19,80,80,37,32,10,39,634,chinese_base_accident
5,57,63,30,20,21,79,81,38,33,10,45,634,none
6,64,67,30,20,18,78,82,39,34,10,44,634,none
7,64,76,30,20,18,78,82,40,35,10,47,634,none
8,60,88,30,20,25,77,82,42,37,19,51,634,india_transport_success
9,59,95,30,20,27,78,82,44,39,19,54,634,none
10,59,100,30,20,26,78,82,46,41,19,56,634,none
0,60,15,30,20,20,80,78,40,35,10,30,635,initial
1,52,26,30,20,24,80,77,40,35,10,36,635,none
2,51,33,30,20,26,79,76,40,35,10,39,635,none
3,51,41,30,20,25,78,75,41,36,10,41,635,none
4,51,49,30,20,24,79,75,42,37,10,43,635,none
5,51,57,30,20,23,78,75,43,38,10,45,635,none
6,54,64,30,20,23,77,74,44,39,14,45,635,none
7,69,68,30,20,20,76,73,41,36,14,40,635,earth_tension
8,76,72,30,20,17,76,74,41,36,14,39,635,none
9,84,71,41,20,14,75,73,41,36,14,41,635,scientific_discovery
10,76,86,41,20,14,75,73,41,36,14,48,635,chinese_base_accident
0,60,15,30,20,20,80,78,40,35,10,30,636,initial
1,68,20,30,20,14,81,78,40,35,10,28,636,none
2,76,25,30,20,8,81,77,39,34,10,26,636,none
3,82,28,30,20,8,81,77,38,33,10,26,636,none
4,90,33,30,20,2,82,77,37,32,10,24,636,none
5,98,38,36,20,0,82,76,36,31,10,24,636,scientific_discovery
6,98,44,36,20,3,81,77,36,31,14,26,636,us_base_accident
7,98,49,36,20,0,81,78,36,31,14,24,636,none
8,98,53,36,20,0,80,78,36,31,14,23,636,none
9,98,57,36,20,0,80,78,36,31,14,22,636,none
10,98,61,36,20,0,79,78,36,31,14,21,636,none
0,60,15,30,20,20,80,78,40,35,10,30,637,initial
1,53,28,30,20,22,80,78,40,35,10,36,637,none
2,45,39,30,20,26,80,77,40,35,10,42,637,none
3,53,44,30,20,20,80,77,41,36,10,40,637,none
4,61,49,30,20,14,80,77,42,37,10,38,637,none
5,61,57,30,20,13,80,77,43,38,10,40,637,none
6,69,62,30,20,7,80,78,44,39,10,38,637,none
7,76,66,30,20,4,79,78,44,39,10,37,637,none
8,76,75,30,20,4,79,78,44,39,10,40,637,none
9,77,85,30,20,1,78,77,44,39,10,42,637,none
10,85,90,30,20,0,78,77,44,39,10,40,637,none
0,60,15,30,20,20,80,78,40,35,10,30,638,initial
1,59,22,30,20,22,79,78,40,35,10,33,638,none
2,66,26,36,20,19,78,77,40,35,10,34,638,scientific_discovery
3,74,31,36,20,13,77,76,39,34,10,32,638,none
4,76,37,36,20,20,78,76,38,33,19,33,638,india_transport_success
5,83,41,36,20,17,78,76,38,33,19,32,638,none
6,91,46,42,20,11,78,75,38,33,19,32,638,scientific_discovery
7,98,50,42,20,8,78,76,38,33,19,31,638,none
8,97,51,42,20,10,77,77,38,33,19,31,638,none
9,98,55,42,20,7,77,77,38,33,19,30,638,none
10,98,60,48,20,1,78,77,38,33,19,30,638,scientific_discovery
0,60,15,30,20,20,80,78,40,35,10,30,639,initial
1,63,25,30,20,22,80,78,40,35,10,32,639,new_ice_discovery
2,62,32,30,20,24,81,78,40,35,10,35,639,none
3,62,40,30,20,23,81,77,40,35,10,37,639,none
4,55,53,30,20,25,82,76,41,36,10,43,639,none
5,54,59,30,20,26,82,75,42,37,10,45,639,none
6,55,69,30,20,23,83,75,43,38,10,47,639,none
7,62,73,30,20,20,83,75,44,39,10,46,639,none
8,54,84,30,20,24,83,75,46,41,10,52,639,none
9,54,93,30,20,24,84,76,48,43,10,55,639,none
10,46,100,30,20,24,84,76,50,45,10,62,639,us_base_accident
0,60,15,30,20,20,80,78,40,35,10,30,640,initial
1,59,22,30,20,22,80,79,40,35,10,33,640,none
2,66,26,30,20,19,80,78,40,35,10,32,640,none
3,66,34,30,20,18,80,77,40,35,10,34,640,none
4,65,41,30,20,20,79,76,41,36,10,37,640,none
5,73,46,30,20,14,78,76,41,36,10,35,640,none
6,80,50,30,20,11,78,76,41,36,10,34,640,none
7,90,55,30,20,10,78,77,41,36,10,32,640,new_ice_discovery
8,90,63,30,20,9,78,77,41,36,10,34,640,none
9,98,68,30,20,3,79,76,41,36,10,32,640,none
10,97,69,30,20,5,78,77,41,36,10,32,640,none
0,60,15,30,20,20,80,78,40,35,10,30,641,initial
1,63,22,30,20,20,79,79,40,35,14,30,641,none
2,63,31,30,20,20,79,79,40,35,14,33,641,none
3,70,35,30,20,17,79,80,40,35,14,32,641,none
4,70,43,30,20,16,79,80,41,36,14,34,641,none
5,78,48,30,20,10,80,80,41,36,14,32,641,none
6,77,55,30,20,12,80,81,41,36,14,35,641,none
7,77,63,30,20,11,80,82,41,36,14,37,641,none
8,84,67,30,20,8,80,81,41,36,14,36,641,none
9,83,74,30,20,10,80,81,41,36,14,39,641,none
10,83,82,30,20,9,80,80,41,36,14,41,641,none
0,60,15,30,20,20,80,78,40,35,10,30,642,initial
1,68,20,30,20,14,79,78,40,35,10,28,642,none
2,75,24,30,20,11,78,79,39,34,10,27,642,none
3,77,30,30,20,14,78,80,38,33,14,28,642,none
4,84,34,30,20,11,77,80,37,32,14,27,642,none
5,91,38,30,20,8,77,80,36,31,14,26,642,none
6,98,42,30,20,5,77,80,36,31,14,25,642,none
7,96,51,30,20,5,76,79,36,31,14,29,642,us_base_accident
8,98,54,30,20,5,77,79,36,31,14,29,642,none
9,98,58,30,20,2,77,79,36,31,14,28,642,none
10,95,65,30,20,4,76,79,36,31,14,31,642,none
0,60,15,30,20,20,80,78,40,35,10,30,643,initial
1,60,23,30,20,19,80,79,40,35,10,32,643,none
2,59,30,30,20,21,79,80,40,35,10,35,643,none
3,58,36,30,20,22,78,79,40,35,10,37,643,none
4,57,43,30,20,24,77,79,41,36,10,40,643,none
5,65,48,30,20,18,78,78,42,37,10,38,643,none
6,72,52,30,20,15,77,78,42,37,10,37,643,none
7,71,59,30,20,17,77,79,42,37,10,40,643,none
8,73,65,30,20,24,77,78,42,37,19,41,643,india_transport_success
9,72,72,30,20,26,77,79,42,37,19,44,643,none
10,71,79,30,20,28,77,80,42,37,19,47,643,none
0,60,15,30,20,20,80,78,40,35,10,30,644,initial
1,58,24,30,20,20,80,78,40,35,10,34,644,us_base_accident
2,73,28,30,20,17,80,78,35,30,10,29,644,earth_tension
3,72,35,30,20,19,79,78,34,29,10,32,644,none
4,71,42,30,20,21,80,78,34,29,10,35,644,none
5,81,47,30,20,20,80,78,34,29,10,33,644,new_ice_discovery
6,81,55,30,20,19,79,78,34,29,10,35,644,none
7,88,59,30,20,16,79,78,34,29,10,34,644,none
8,95,63,30,20,13,79,77,34,29,10,33,644,none
9,98,67,30,20,10,79,78,34,29,10,32,644,none
10,98,71,30,20,7,78,78,34,29,10,31,644,none
0,60,15,30,20,20,80,78,40,35,10,30,645,initial
1,68,20,30,20,14,80,78,40,35,10,28,645,none
2,67,27,30,20,16,81,78,40,35,10,31,645,none
3,74,31,30,20,13,81,77,39,34,10,30,645,none
4,81,35,30,20,10,81,77,38,33,10,29,645,none
5,84,42,30,20,10,82,77,38,33,14,29,645,none
6,92,47,30,20,4,83,77,38,33,14,27,645,none
7,98,50,30,20,4,84,78,38,33,14,27,645,none
8,98,54,30,20,1,84,77,38,33,14,26,645,none
9,98,59,36,20,0,84,77,38,33,14,26,645,scientific_discovery
10,99,64,41,20,0,84,76,38,33,26,29,645,japanese_breakthrough
0,60,15,30,20,20,80,78,40,35,10,30,646,initial
1,59,22,30,20,22,80,79,40,35,10,33,646,none
2,59,31,30,20,22,80,80,40,35,10,36,646,none
3,55,43,30,20,29,79,80,41,36,19,40,646,india_transport_success
4,54,50,30,20,31,79,80,42,37,19,43,646,none
5,62,59,30,20,31,80,80,39,34,19,42,646,earth_tension
6,69,63,36,20,28,81,80,40,35,19,43,646,scientific_discovery
7,76,67,36,20,25,80,80,40,35,19,42,646,none
8,68,82,36,20,25,81,80,41,36,19,49,646,us_base_accident
9,60,97,36,20,25,81,79,43,38,19,56,646,chinese_base_accident
10,68,100,36,20,19,81,79,45,40,19,54,646,none
0,60,15,30,20,20,80,78,40,35,10,30,647,initial
1,60,24,30,20,20,80,77,40,35,10,33,647,none
2,66,27,30,20,20,80,77,40,35,10,33,647,none
3,66,36,30,20,20,79,76,40,35,10,36,647,none
4,58,47,30,20,24,80,76,41,36,10,42,647,none
5,65,51,30,20,21,79,76,42,37,10,41,647,none
6,72,55,30,20,18,80,76,42,37,10,40,647,none
7,75,62,30,20,18,79,76,42,37,14,40,647,none
8,67,77,30,20,18,79,76,43,38,14,47,647,chinese_base_accident
9,73,80,30,20,18,78,76,43,38,14,47,647,none
10,65,95,30,20,18,77,75,45,40,14,54,647,us_base_accident
0,60,15,30,20,20,80,78,40,35,10,30,648,initial
1,59,22,30,20,22,80,78,40,35,10,33,648,none
2,65,25,30,20,22,80,78,40,35,10,33,648,none
3,65,33,30,20,21,80,78,40,35,10,35,648,none
4,65,42,30,20,25,80,77,41,36,15,38,648,india_transport_success
5,74,52,30,20,22,79,76,37,32,15,36,648,earth_tension
6,81,56,30,20,19,78,77,37,32,15,35,648,none
7,88,60,30,20,16,77,77,37,32,15,34,648,none
8,88,69,30,20,16,77,77,37,32,15,37,648,none
9,88,77,30,20,15,76,76,37,32,15,39,648,none
10,94,80,30,20,15,75,76,37,32,15,39,648,none
0,60,15,30,20,20,80,78,40,35,10,30,649,initial
1,52,26,30,20,24,80,78,40,35,10,36,649,none
2,59,30,30,20,21,80,78,40,35,10,35,649,none
3,58,37,30,20,23,80,78,40,35,10,38,649,none
4,53,47,30,20,28,80,78,41,36,14,42,649,none
5,60,51,30,20,25,80,77,42,37,14,41,649,none
6,67,55,30,20,22,80,77,43,38,14,40,649,none
7,74,59,30,20,19,80,77,43,38,14,39,649,none
8,73,66,35,20,25,80,78,43,38,30,44,649,japanese_breakthrough
9,65,77,35,20,29,80,79,44,39,30,50,649,none
10,64,84,35,20,31,80,79,46,41,30,53,649,none
0,60,15,30,20,20,80,78,40,35,10,30,650,initial
1,67,19,30,20,17,81,79,40,35,10,29,650,none
2,67,28,30,20,17,81,80,40,35,10,32,650,none
3,74,32,30,20,14,80,80,39,34,10,31,650,none
4,81,36,30,20,11,79,80,38,33,10,30,650,none
5,88,40,30,20,12,78,81,37,32,15,29,650,india_transport_success
6,88,48,30,20,11,78,80,37,32,15,31,650,none
7,91,55,30,20,11,77,80,37,32,19,31,650,none
8,98,59,30,20,8,77,81,37,32,19,30,650,none
9,97,62,30,20,9,78,81,37,32,19,28,650,new_ice_discovery
10,98,66,30,20,6,79,80,37,32,19,27,650,none
0,60,15,30,20,20,80,78,40,35,10,30,651,initial
1,59,22,30,30,22,81,78,40,35,10,33,651,mars_breakthrough
2,66,26,30,30,19,82,78,40,35,10,32,651,none
3,65,33,30,30,21,82,78,40,35,10,35,651,none
4,65,41,30,30,20,83,78,41,36,10,37,651,none
5,72,45,30,30,17,83,77,41,36,10,36,651,none
6,80,50,30,30,11,84,77,41,36,10,34,651,none
7,79,57,30,30,13,84,77,41,36,10,37,651,none
8,87,62,30,30,7,84,77,41,36,10,35,651,none
9,98,69,30,30,7,84,76,37,32,14,31,651,earth_tension
10,98,73,33,32,4,83,76,37,32,13,25,651,rare_unknown
0,60,15,30,20,20,80,78,40,35,10,30,652,initial
1,59,22,30,20,22,80,77,40,35,10,33,652,none
2,69,27,30,20,21,79,77,40,35,10,31,652,new_ice_discovery
3,68,34,30,20,23,79,78,40,35,10,34,652,none
4,60,49,30,20,23,78,77,41,36,10,41,652,chinese_base_accident
5,60,57,30,30,22,78,77,42,37,10,43,652,mars_breakthrough
6,59,64,30,30,24,77,76,43,38,10,46,652,none
7,52,77,30,30,26,78,76,45,40,10,52,652,none
8,58,80,30,30,26,78,75,47,42,10,52,652,none
9,65,84,30,30,23,78,76,49,44,10,51,652,none
10,72,88,30,40,20,78,75,49,44,10,50,652,mars_breakthrough
0,60,15,30,20,20,80,78,40,35,10,30,653,initial
1,59,22,30,20,22,80,78,40,35,10,33,653,none
2,51,33,30,20,26,80,78,40,35,10,39,653,none
3,54,40,30,20,26,81,79,40,35,14,39,653,none
4,46,51,30,20,30,82,79,41,36,14,45,653,none
5,60,54,30,20,30,83,79,38,33,14,41,653,earth_tension
6,62,63,30,20,33,83,79,39,34,26,44,653,japanese_breakthrough
7,70,68,30,20,27,83,79,40,35,26,42,653,none
8,70,76,30,20,26,84,79,41,36,26,44,653,none
9,69,83,30,20,28,83,78,42,37,26,47,653,none
10,69,92,30,20,28,84,78,43,38,26,50,653,none
0,60,15,30,20,20,80,78,40,35,10,30,654,initial
1,63,22,30,20,20,79,78,40,35,14,30,654,none
2,70,26,30,20,17,80,78,40,35,14,29,654,none
3,78,31,30,30,11,80,79,39,34,14,27,654,mars_breakthrough
4,84,33,30,30,10,79,80,38,33,14,26,654,none
5,84,41,30,30,9,79,79,38,33,14,28,654,none
6,90,45,35,28,6,78,80,38,33,16,26,654,rare_unknown
7,82,60,35,28,6,78,80,38,33,16,33,654,us_base_accident
8,88,63,35,28,6,77,80,38,33,16,33,654,none
9,95,67,35,28,3,77,80,38,33,16,32,654,none
10,98,70,35,28,3,76,81,38,33,16,32,654,none
0,60,15,30,20,20,80,78,40,35,10,30,655,initial
1,60,23,30,20,19,80,78,40,35,10,32,655,none
2,52,34,30,20,23,79,78,40,35,10,38,655,none
3,55,37,35,20,27,79,78,40,35,10,41,655,new_ice_discovery
4,52,44,35,20,29,78,78,41,36,10,45,655,chinese_base_accident
5,46,59,35,20,29,78,79,43,38,10,51,655,none
6,38,70,35,20,33,78,79,45,40,10,57,655,none
7,37,80,35,20,30,78,79,47,42,10,60,655,us_base_accident
8,44,84,35,20,27,79,79,49,44,10,59,655,none
9,43,91,35,20,29,78,79,51,46,10,62,655,none
10,50,95,35,30,26,78,79,53,48,10,61,655,mars_breakthrough
0,60,15,30,20,20,80,78,40,35,10,30,656,initial
1,53,28,30,20,22,79,78,40,35,10,36,656,none
2,45,39,30,20,26,80,79,40,35,10,42,656,none
3,46,49,30,20,23,80,79,41,36,10,44,656,none
4,46,57,30,20,22,80,79,42,37,10,46,656,none
5,45,64,30,20,24,79,79,43,38,10,49,656,none
6,46,67,35,20,23,80,78,45,40,10,52,656,none
7,49,74,35,20,23,81,77,47,42,14,52,656,none
8,48,81,35,20,25,82,76,49,44,14,55,656,none
9,43,91,35,20,34,82,76,51,46,23,59,656,india_transport_success
10,42,98,35,20,36,82,76,53,48,23,62,656,none
0,60,15,30,20,20,80,78,40,35,10,30,657,initial
1,60,24,30,20,20,80,78,40,35,10,33,657,none
2,59,31,30,20,22,80,77,40,35,10,36,657,none
3,58,38,30,20,24,81,78,40,35,10,39,657,none
4,65,42,30,20,21,81,77,41,36,10,38,657,none
5,66,52,30,20,18,82,77,42,37,10,40,657,none
6,73,56,30,20,15,81,77,42,37,10,39,657,none
7,74,59,35,20,14,80,77,42,37,10,42,657,none
8,66,70,35,20,18,80,77,43,38,10,48,657,none
9,75,73,35,20,19,81,76,43,38,10,46,657,new_ice_discovery
10,82,77,35,20,16,81,75,43,38,10,45,657,none
0,60,15,30,20,20,80,78,40,35,10,30,658,initial
1,61,19,35,20,20,80,78,40,35,10,34,658,none
2,68,23,35,20,17,81,78,40,35,10,33,658,none
3,67,30,35,20,19,81,79,40,35,10,36,658,none
4,73,33,35,20,19,81,80,39,34,10,36,658,none
5,81,38,35,20,13,81,80,38,33,10,34,658,none
6,89,43,35,30,7,81,81,38,33,10,32,658,mars_breakthrough
7,87,52,35,30,7,80,81,38,33,10,36,658,chinese_base_accident
8,85,61,35,30,7,80,81,38,33,10,40,658,chinese_base_accident
9,92,65,35,30,4,80,82,38,33,10,39,658,none
10,98,69,35,30,6,81,82,38,33,10,38,658,new_ice_discovery
0,60,15,30,20,20,80,78,40,35,10,30,659,initial
1,53,28,30,20,22,80,79,40,35,10,36,659,none
2,60,35,30,20,24,80,80,36,31,10,35,659,earth_tension
3,66,38,30,20,24,80,80,36,31,10,35,659,none
4,75,48,30,20,21,79,81,32,27,10,33,659,earth_tension
5,70,57,28,18,21,80,82,33,28,20,28,659,rare_unknown
6,77,61,28,18,18,80,82,33,28,20,27,659,none
7,77,69,28,18,17,81,83,33,28,20,29,659,none
8,86,72,28,18,18,81,83,33,28,20,27,659,new_ice_discovery
9,92,75,28,18,18,81,83,33,28,20,27,659,none
10,98,85,28,18,15,81,83,29,24,20,25,659,earth_tension
0,60,15,30,20,20,80,78,40,35,10,30,660,initial
1,60,23,30,20,19,80,78,40,35,10,32,660,none
2,59,30,30,20,21,80,79,40,35,10,35,660,none
3,59,38,30,20,20,80,78,40,35,10,37,660,none
4,51,49,30,20,24,80,79,41,36,10,43,660,none
5,44,62,30,20,26,80,79,42,37,10,49,660,none
6,50,65,30,20,26,81,78,43,38,10,49,660,none
7,56,68,30,20,26,81,78,44,39,10,49,660,none
8,58,74,30,20,33,81,78,45,40,19,50,660,india_transport_success
9,51,80,41,20,37,82,78,47,42,19,59,660,scientific_discovery
10,46,86,51,20,39,82,79,49,44,27,69,660,japanese_breakthrough
0,60,15,30,20,20,80,78,40,35,10,30,661,initial
1,59,22,35,20,26,80,78,40,35,26,35,661,japanese_breakthrough
2,51,33,35,20,30,79,78,40,35,26,41,661,none
3,50,40,35,20,32,78,79,40,35,26,44,661,none
4,51,50,35,20,29,77,79,41,36,26,46,661,none
5,51,59,35,20,29,77,79,42,37,26,49,661,none
6,51,61,46,20,31,77,78,44,39,26,55,661,scientific_discovery
7,52,71,46,20,32,77,79,46,41,31,57,661,india_transport_success
8,44,82,46,20,36,76,79,48,43,31,63,661,none
9,44,90,46,20,35,76,80,50,45,31,65,661,none
10,36,100,46,20,39,76,80,52,47,31,71,661,none
0,60,15,30,20,20,80,78,40,35,10,30,662,initial
1,63,22,30,20,24,80,77,40,35,19,30,662,india_transport_success
2,63,31,30,20,24,79,76,40,35,19,33,662,none
3,70,35,30,20,21,79,76,40,35,19,32,662,none
4,69,42,30,20,23,79,76,41,36,19,35,662,none
5,68,49,30,20,25,79,75,42,37,19,38,662,none
6,74,52,30,20,25,79,74,42,37,19,38,662,none
7,74,60,30,20,24,79,74,42,37,19,40,662,none
8,73,67,30,20,26,79,74,42,37,19,43,662,none
9,66,80,30,20,28,78,74,43,38,19,49,662,none
10,66,88,30,20,27,78,74,45,40,19,51,662,none
0,60,15,30,20,20,80,78,40,35,10,30,663,initial
1,74,20,29,17,14,80,78,39,34,20,24,663,rare_unknown
2,83,20,40,17,8,81,78,38,33,20,25,663,scientific_discovery
3,87,23,40,17,8,82,78,37,32,20,26,663,us_base_accident
4,87,32,40,17,8,81,78,36,31,20,29,663,none
5,94,36,40,17,5,82,77,35,30,20,28,663,none
6,97,39,40,17,2,82,77,34,29,20,26,663,none
7,98,43,40,17,0,83,77,34,29,20,25,663,none
8,98,48,40,17,0,83,77,34,29,20,23,663,none
9,98,51,40,17,4,83,76,34,29,25,23,663,india_transport_success
10,95,58,40,17,6,84,77,34,29,25,26,663,none
0,60,15,30,20,20,80,78,40,35,10,30,664,initial
1,60,24,30,20,20,80,79,40,35,10,33,664,none
2,67,28,30,20,17,80,79,40,35,10,32,664,none
3,65,37,30,20,17,79,79,40,35,10,36,664,us_base_accident
4,69,49,30,20,20,79,79,37,32,14,36,664,earth_tension
5,76,53,30,20,17,79,79,37,32,14,35,664,none
6,75,60,30,20,19,80,79,37,32,14,38,664,none
7,82,64,30,20,16,79,80,37,32,14,37,664,none
8,90,69,30,20,10,79,80,37,32,14,35,664,none
9,97,73,30,20,7,80,79,37,32,14,34,664,none
10,98,77,30,20,4,81,79,37,32,14,33,664,none
0,60,15,30,20,20,80,78,40,35,10,30,665,initial
1,54,30,30,20,20,80,78,40,35,10,36,665,none
2,61,34,30,20,17,81,77,40,35,10,35,665,none
3,54,47,30,20,19,82,76,41,36,10,41,665,none
4,61,51,30,20,16,83,76,42,37,10,40,665,none
5,68,55,30,20,13,82,76,43,38,10,39,665,none
6,75,59,30,20,10,82,75,43,38,10,38,665,none
7,74,66,30,20,12,83,75,43,38,10,41,665,none
8,73,73,30,20,14,83,76,43,38,10,44,665,none
9,80,77,30,20,11,84,75,43,38,10,43,665,none
10,86,80,30,20,11,83,75,43,38,10,43,665,none
0,60,15,30,20,20,80,78,40,35,10,30,666,initial
1,61,25,30,20,17,80,79,40,35,10,32,666,none
2,61,33,30,20,16,80,78,40,35,10,34,666,none
3,68,37,30,20,13,81,79,40,35,10,33,666,none
4,75,41,30,20,10,81,80,40,35,10,32,666,none
5,67,56,30,20,10,81,81,41,36,10,39,666,us_base_accident
6,75,61,30,20,4,80,81,41,36,10,37,666,none
7,70,71,30,20,9,79,81,42,37,14,41,666,none
8,72,77,30,20,12,78,81,42,37,18,42,666,none
9,71,84,30,20,14,78,80,42,37,18,45,666,none
10,79,89,36,20,8,78,79,42,37,18,45,666,scientific_discovery
0,60,15,30,20,20,80,78,40,35,10,30,667,initial
1,61,22,35,20,20,80,79,40,35,18,36,667,japanese_breakthrough
2,60,29,35,20,22,81,79,40,35,18,39,667,none
3,60,38,35,20,22,82,79,40,35,18,42,667,none
4,61,48,35,20,19,83,79,41,36,18,44,667,none
5,71,53,35,20,18,83,80,41,36,18,42,667,new_ice_discovery
6,71,61,35,20,17,83,81,41,36,18,44,667,none
7,77,64,35,20,17,83,80,41,36,18,44,667,none
8,71,73,40,25,17,83,81,42,37,20,51,667,rare_unknown
9,77,76,40,25,17,83,81,43,38,20,51,667,none
10,85,81,40,25,11,83,81,43,38,20,49,667,none
0,60,15,30,20,20,80,78,40,35,10,30,668,initial
1,65,19,30,20,17,79,79,40,35,10,30,668,us_base_accident
2,64,26,30,20,19,78,79,40,35,10,33,668,none
3,74,31,30,20,18,79,80,39,34,10,31,668,new_ice_discovery
4,77,36,30,35,15,79,80,38,33,10,31,668,mars_breakthrough
5,83,39,30,35,15,78,81,37,32,10,31,668,none
6,89,42,30,35,15,78,81,37,32,10,31,668,none
7,97,47,30,35,9,79,81,37,32,10,29,668,none
8,98,54,30,35,9,79,81,37,32,14,29,668,none
9,98,58,30,35,6,79,81,37,32,14,28,668,none
10,98,66,30,35,5,79,81,37,32,14,30,668,none
0,60,15,30,20,20,80,78,40,35,10,30,669,initial
1,61,25,30,20,17,80,78,40,35,10,32,669,none
2,74,26,30,20,19,80,79,35,30,10,28,669,earth_tension
3,80,28,30,20,18,80,80,34,29,10,27,669,none
4,89,32,30,20,20,80,80,33,28,10,26,669,new_ice_discovery
5,98,37,30,20,19,80,79,32,27,10,24,669,new_ice_discovery
6,98,41,30,20,16,80,79,32,27,10,23,669,none
7,98,47,30,20,19,79,79,32,27,14,24,669,none
8,98,51,30,20,16,79,79,32,27,14,24,669,chinese_base_accident
9,98,57,30,20,23,78,78,32,27,23,25,669,india_transport_success
10,96,67,30,20,20,78,78,32,27,23,27,669,none
0,60,15,30,20,20,80,78,40,35,10,30,670,initial
1,67,19,30,20,17,79,78,40,35,10,29,670,none
2,74,23,30,20,14,79,78,39,34,10,28,670,none
3,67,36,30,20,16,78,78,39,34,10,34,670,none
4,67,45,30,20,16,78,78,40,35,10,37,670,none
5,74,49,30,20,17,78,78,40,35,15,36,670,india_transport_success
6,81,52,30,20,13,79,78,40,35,15,34,670,none
7,90,52,35,20,7,80,79,40,35,15,33,670,none
8,98,57,35,20,1,81,79,40,35,15,31,670,none
9,98,61,35,20,0,81,80,40,35,15,30,670,none
10,98,66,35,20,0,82,81,40,35,15,28,670,none
0,60,15,30,20,20,80,78,40,35,10,30,671,initial
1,53,28,30,20,22,80,78,40,35,10,36,671,none
2,53,37,30,20,22,80,78,40,35,10,39,671,none
3,45,48,30,20,26,81,78,41,36,10,45,671,none
4,37,63,30,20,26,82,78,43,38,10,52,671,chinese_base_accident
5,29,74,30,20,30,82,78,45,40,10,58,671,none
6,35,77,30,20,30,83,77,47,42,10,58,671,none
7,42,81,30,20,27,83,77,49,44,10,57,671,none
8,34,92,30,20,31,83,77,51,46,10,63,671,none
9,26,100,30,20,35,83,77,53,48,10,69,671,none
10,25,100,30,20,32,83,77,55,50,10,72,671,chinese_base_accident
0,60,15,30,20,20,80,78,40,35,10,30,672,initial
1,67,19,30,20,17,80,78,40,35,10,29,672,none
2,62,29,30,20,22,80,78,40,35,14,33,672,none
3,62,37,30,20,21,80,78,40,35,14,35,672,none
4,70,42,36,20,15,81,78,41,36,14,35,672,scientific_discovery
5,78,47,36,20,9,81,78,41,36,14,33,672,none
6,84,50,36,20,9,82,77,41,36,14,33,672,none
7,90,55,36,20,3,83,77,41,36,14,32,672,chinese_base_accident
8,97,59,36,20,0,83,77,41,36,14,31,672,none
9,97,62,36,20,2,83,77,41,36,14,29,672,none
10,98,66,36,20,0,83,77,41,36,14,28,672,none
0,60,15,30,20,20,80,78,40,35,10,30,673,initial
1,59,22,30,20,22,80,77,40,35,10,33,673,none
2,52,35,30,20,24,80,77,40,35,10,39,673,none
3,53,45,30,20,21,80,77,41,36,10,41,673,none
4,53,54,30,20,21,80,76,42,37,10,44,673,none
5,56,59,30,35,18,79,76,43,38,10,44,673,mars_breakthrough
6,55,66,30,35,20,79,76,44,39,10,47,673,none
7,62,70,30,35,17,79,76,45,40,10,46,673,none
8,68,73,30,35,17,80,76,46,41,10,46,673,none
9,75,77,30,35,14,81,75,46,41,10,45,673,none
10,84,77,41,35,8,81,75,46,41,10,46,673,scientific_discovery
0,60,15,30,20,20,80,78,40,35,10,30,674,initial
1,67,18,30,20,16,80,78,40,35,10,28,674,none
2,73,21,30,20,16,81,77,39,34,10,28,674,none
3,73,30,30,20,16,81,78,38,33,10,31,674,none
4,72,37,30,20,18,80,77,37,32,10,34,674,none
5,80,46,30,20,18,80,78,33,28,10,33,674,earth_tension
6,88,51,30,20,12,80,78,33,28,10,31,674,none
7,88,60,30,20,12,80,79,33,28,10,34,674,none
8,95,64,30,20,9,80,78,33,28,10,33,674,none
9,98,68,30,20,10,80,77,33,28,15,32,674,india_transport_success
10,98,73,30,25,7,81,78,29,24,15,28,674,earth_tension
0,60,15,30,20,20,80,78,40,35,10,30,675,initial
1,68,20,30,20,14,80,78,40,35,10,28,675,none
2,69,30,30,20,11,80,78,40,35,10,30,675,none
3,76,34,30,20,8,81,77,39,34,10,29,675,none
4,83,38,30,20,5,81,77,38,33,10,28,675,none
5,78,48,30,20,10,81,77,38,33,14,32,675,none
6,80,54,30,20,17,81,78,38,33,23,33,675,india_transport_success
7,72,56,39,27,19,82,78,38,33,25,43,675,rare_unknown
8,71,63,39,27,21,82,78,38,33,25,46,675,none
9,64,76,39,27,23,83,77,40,35,25,52,675,none
10,71,80,39,27,20,83,78,41,36,25,51,675,none
0,60,15,30,20,20,80,78,40,35,10,30,676,initial
1,67,19,30,20,17,81,78,40,35,10,29,676,none
2,76,22,30,20,18,81,78,39,34,10,27,676,new_ice_discovery
3,76,30,30,20,17,80,78,38,33,10,29,676,none
4,78,35,30,20,19,80,78,37,32,14,29,676,none
5,84,38,30,20,19,79,77,36,31,14,29,676,none
6,84,46,30,20,18,79,77,36,31,14,31,676,none
7,83,53,30,20,20,79,76,36,31,14,34,676,none
8,82,60,30,20,22,78,77,36,31,14,37,676,none
9,87,61,30,20,24,78,78,36,31,14,37,676,none
10,86,68,30,20,26,78,78,36,31,14,40,676,none
0,60,15,30,20,20,80,78,40,35,10,30,677,initial
1,60,23,30,20,19,80,78,40,35,10,32,677,none
2,74,26,30,20,19,81,78,35,30,10,28,677,earth_tension
3,81,30,30,20,16,81,79,34,29,10,27,677,none
4,88,34,30,20,13,82,78,33,28,10,26,677,none
5,95,38,30,20,10,81,78,32,27,10,25,677,none
6,95,47,30,20,10,81,78,32,27,10,28,677,none
7,99,46,35,20,7,81,79,32,27,10,28,677,none
8,98,50,35,20,4,80,78,32,27,10,27,677,none
9,96,59,35,20,4,80,79,32,27,10,30,677,none
10,98,63,35,20,1,81,79,32,27,10,29,677,none
0,60,15,30,20,20,80,78,40,35,10,30,678,initial
1,60,23,30,30,19,80,78,40,35,10,32,678,mars_breakthrough
2,67,27,30,30,16,81,78,40,35,10,31,678,none
3,74,31,30,30,13,81,78,39,34,10,30,678,none
4,81,35,30,30,10,82,78,38,33,10,29,678,none
5,80,42,30,30,12,82,77,38,33,10,32,678,none
6,87,46,30,30,9,82,76,38,33,10,31,678,none
7,95,48,30,30,13,82,76,38,33,10,30,678,new_ice_discovery
8,98,52,30,30,10,82,76,38,33,10,29,678,none
9,98,56,30,30,7,82,76,38,33,10,28,678,none
10,90,67,30,30,11,81,76,38,33,10,34,678,none
0,60,15,30,20,20,80,78,40,35,10,30,679,initial
1,60,24,30,20,20,79,77,40,35,10,33,679,none
2,67,28,30,20,17,80,77,40,35,10,32,679,none
3,66,35,30,20,19,80,76,40,35,10,35,679,none
4,60,47,30,20,22,80,76,41,36,14,40,679,us_base_accident
5,60,55,30,20,21,80,76,42,37,14,42,679,none
6,52,66,30,20,25,80,76,43,38,14,48,679,none
7,61,69,30,20,26,80,77,44,39,14,46,679,new_ice_discovery
8,61,77,30,20,25,79,78,45,40,14,48,679,none
9,60,84,30,20,27,79,78,47,42,14,51,679,none
10,60,92,30,20,26,78,77,49,44,14,53,679,none
0,60,15,30,20,20,80,78,40,35,10,30,680,initial
1,60,17,35,20,22,80,79,40,35,10,34,680,none
2,66,20,35,20,22,80,79,40,35,10,34,680,none
3,66,29,35,20,22,80,80,40,35,10,37,680,none
4,73,33,35,20,23,80,80,39,34,15,36,680,india_transport_success
5,73,41,35,20,22,80,79,39,34,15,38,680,none
6,82,44,36,28,22,80,79,39,34,18,41,680,rare_unknown
7,89,48,36,28,19,79,79,39,34,18,40,680,none
8,88,55,36,28,21,80,79,39,34,18,43,680,none
9,89,62,36,28,21,79,79,39,34,22,44,680,us_base_accident
10,90,72,36,28,18,79,79,39,34,22,46,680,none
0,60,15,30,20,20,80,78,40,35,10,30,681,initial
1,62,20,35,20,17,80,77,40,35,10,33,681,none
2,62,28,35,20,16,79,77,40,35,10,35,681,none
3,62,36,35,20,15,78,76,40,35,10,37,681,none
4,64,40,35,20,15,78,76,40,35,10,38,681,none
5,64,48,35,20,14,78,77,41,36,10,40,681,none
6,64,57,35,20,14,78,77,42,37,10,43,681,none
7,65,67,35,20,11,78,77,43,38,10,45,681,none
8,72,71,35,20,8,78,77,43,38,10,44,681,none
9,78,74,35,20,8,78,78,43,38,10,44,681,none
10,86,76,35,20,12,79,79,43,38,10,43,681,new_ice_discovery
0,60,15,30,20,20,80,78,40,35,10,30,682,initial
1,52,30,30,20,20,80,78,40,35,10,37,682,us_base_accident
2,60,35,30,20,14,80,78,40,35,10,35,682,none
3,68,40,30,20,8,79,79,40,35,10,33,682,none
4,70,48,33,25,7,78,78,41,36,6,27,682,rare_unknown
5,77,52,33,25,4,79,78,41,36,6,26,682,none
6,77,60,33,25,3,80,77,41,36,6,28,682,none
7,80,67,33,25,7,80,77,41,36,15,28,682,india_transport_success
8,87,71,33,25,4,80,76,41,36,15,27,682,none
9,93,73,33,25,3,80,76,41,36,15,26,682,none
10,91,78,33,25,7,79,77,41,36,15,29,682,none
0,60,15,30,20,20,80,78,40,35,10,30,683,initial
1,65,19,30,20,17,81,77,40,35,10,30,683,us_base_accident
2,72,23,30,20,14,81,77,39,34,10,29,683,none
3,80,28,30,20,8,80,77,38,33,10,27,683,none
4,79,35,30,20,10,80,77,37,32,10,30,683,none
5,87,40,30,20,4,79,76,36,31,10,28,683,none
6,80,53,30,20,6,79,76,36,31,10,34,683,none
7,87,57,30,20,3,79,76,36,31,10,33,683,none
8,94,61,30,20,0,79,76,36,31,10,32,683,none
9,98,66,30,30,0,79,77,36,31,10,30,683,mars_breakthrough
10,91,79,30,30,2,79,77,36,31,10,36,683,none
0,60,15,30,20,20,80,78,40,35,10,30,684,initial
1,60,24,30,20,20,79,77,40,35,10,33,684,none
2,59,31,30,20,22,80,78,40,35,10,36,684,none
3,51,42,30,20,26,81,78,41,36,10,42,684,none
4,51,51,30,20,26,80,78,42,37,10,45,684,none
5,54,58,30,20,30,80,78,43,38,19,45,684,india_transport_success
6,54,66,30,20,29,79,78,44,39,19,47,684,none
7,53,73,30,20,31,79,77,45,40,19,50,684,none
8,59,76,30,20,31,78,78,46,41,19,50,684,none
9,59,84,30,20,30,79,78,48,43,19,52,684,none
10,58,91,30,20,32,78,78,50,45,19,55,684,none
0,60,15,30,20,20,80,78,40,35,10,30,685,initial
1,59,22,30,20,22,80,78,40,35,10,33,685,none
2,58,29,30,20,24,79,78,40,35,10,36,685,none
3,57,36,30,20,26,79,78,40,35,10,39,685,none
4,56,43,30,20,28,79,78,41,36,10,42,685,none
5,55,50,30,20,30,79,78,42,37,10,45,685,none
6,55,59,30,20,30,78,77,43,38,10,48,685,none
7,62,63,36,20,27,79,77,44,39,10,49,685,scientific_discovery
8,69,67,42,20,24,80,77,45,40,10,50,685,scientific_discovery
9,68,74,42,20,26,80,77,47,42,10,53,685,none
10,67,81,42,20,28,81,77,49,44,10,56,685,none
0,60,15,30,20,20,80,78,40,35,10,30,686,initial
1,61,25,30,20,17,80,78,40,35,10,32,686,none
2,53,40,30,20,17,79,79,40,35,10,39,686,chinese_base_accident
3,46,53,30,20,19,79,80,41,36,10,45,686,none
4,45,59,30,20,20,78,79,42,37,10,47,686,none
5,45,67,30,20,19,78,79,43,38,10,49,686,none
6,54,71,30,20,21,78,79,44,39,10,48,686,new_ice_discovery
7,48,86,30,20,21,78,78,46,41,10,54,686,none
8,47,93,30,20,23,78,78,48,43,10,57,686,none
9,47,100,30,20,22,79,78,50,45,10,59,686,none
10,46,100,30,20,24,79,79,52,47,10,62,686,none
0,60,15,30,20,20,80,78,40,35,10,30,687,initial
1,60,23,30,20,19,80,78,40,35,10,32,687,none
2,68,28,30,20,13,81,77,40,35,10,30,687,none
3,84,33,38,20,7,81,78,39,34,18,36,687,rare_unknown
4,91,37,38,20,4,81,78,38,33,18,35,687,none
5,98,42,38,20,0,81,79,38,33,18,33,687,none
6,98,45,38,20,0,81,79,38,33,18,33,687,none
7,98,48,38,20,0,81,79,38,33,18,33,687,none
8,93,58,38,20,5,81,79,38,33,22,37,687,none
9,94,61,43,20,4,81,79,38,33,22,40,687,none
10,98,65,43,20,1,81,79,34,29,22,35,687,earth_tension
0,60,15,30,20,20,80,78,40,35,10,30,688,initial
1,52,26,30,20,24,80,77,40,35,10,36,688,none
2,55,33,30,20,24,80,78,40,35,14,36,688,none
3,54,40,30,20,26,80,78,40,35,14,39,688,none
4,53,47,30,20,28,80,78,41,36,14,42,688,none
5,45,58,30,20,32,80,78,42,37,14,48,688,none
6,53,63,36,20,26,79,78,43,38,14,48,688,scientific_discovery
7,53,71,36,20,25,80,78,44,39,14,50,688,none
8,59,74,36,20,25,80,79,45,40,14,50,688,none
9,59,82,36,20,24,80,79,47,42,14,52,688,none
10,58,89,36,20,26,80,79,49,44,14,55,688,none
0,60,15,30,20,20,80,78,40,35,10,30,689,initial
1,52,26,30,20,24,79,77,40,35,10,36,689,none
2,66,30,30,19,21,80,77,40,35,12,37,689,rare_unknown
3,66,38,30,19,20,81,77,40,35,12,39,689,none
4,73,42,30,19,17,81,77,40,35,12,38,689,none
5,79,45,30,19,17,80,78,40,35,12,38,689,none
6,89,50,30,19,16,79,78,40,35,12,36,689,new_ice_discovery
7,89,59,30,19,16,79,77,40,35,12,39,689,none
8,96,63,30,19,13,79,77,40,35,12,38,689,none
9,98,66,30,19,13,79,78,40,35,12,38,689,none
10,98,69,36,19,13,80,77,40,35,12,40,689,scientific_discovery
0,60,15,30,20,20,80,78,40,35,10,30,690,initial
1,68,24,30,20,20,80,77,36,31,10,29,690,earth_tension
2,74,26,30,20,19,80,77,35,30,10,28,690,none
3,66,37,30,20,23,80,77,35,30,10,34,690,none
4,73,41,30,20,20,80,78,35,30,10,33,690,none
5,80,45,30,20,17,79,78,35,30,10,32,690,none
6,87,49,30,20,14,79,77,35,30,10,31,690,none
7,94,53,30,20,11,79,77,35,30,10,30,690,none
8,93,60,30,20,13,79,78,35,30,10,33,690,none
9,98,64,30,20,10,79,78,35,30,10,32,690,none
10,98,69,30,20,4,79,77,35,30,10,30,690,none
0,60,15,30,20,20,80,78,40,35,10,30,691,initial
1,60,23,30,20,19,80,79,40,35,10,32,691,none
2,67,27,30,20,16,80,79,40,35,10,31,691,none
3,68,37,30,20,13,80,79,40,35,10,33,691,none
4,68,46,30,20,13,81,80,41,36,10,36,691,none
5,75,50,30,20,10,81,80,41,36,10,35,691,none
6,82,54,30,20,7,80,80,41,36,10,34,691,none
7,77,64,30,20,12,80,80,41,36,14,38,691,none
8,77,72,30,20,11,79,79,41,36,14,40,691,none
9,80,79,30,20,11,79,79,41,36,18,40,691,none
10,87,83,30,20,8,78,78,41,36,18,39,691,none
0,60,15,30,20,20,80,78,40,35,10,30,692,initial
1,68,20,30,20,14,81,79,40,35,10,28,692,none
2,60,31,30,20,18,81,79,40,35,10,34,692,none
3,68,39,30,20,17,81,80,36,31,10,32,692,earth_tension
4,74,42,30,20,17,81,80,36,31,10,32,692,none
5,83,46,30,20,19,81,79,36,31,10,31,692,new_ice_discovery
6,90,50,30,20,16,82,80,36,31,10,30,692,none
7,96,53,30,20,16,83,79,36,31,10,30,692,none
8,95,61,30,20,15,83,79,36,31,10,32,692,none
9,94,68,30,20,17,82,78,36,31,10,35,692,none
10,98,72,30,20,14,82,78,36,31,10,34,692,none
0,60,15,30,20,20,80,78,40,35,10,30,693,initial
1,68,20,30,20,14,81,78,40,35,10,28,693,none
2,76,25,30,20,8,81,78,39,34,10,26,693,none
3,83,29,30,20,5,81,78,38,33,10,25,693,none
4,90,33,30,20,2,81,77,37,32,10,24,693,none
5,97,37,30,20,0,82,77,36,31,10,23,693,none
6,96,47,30,20,0,82,78,36,31,10,25,693,none
7,98,52,30,20,0,82,78,36,31,10,23,693,none
8,98,56,30,20,0,82,77,36,31,10,22,693,none
9,98,60,30,20,0,82,77,36,31,10,21,693,none
10,98,64,30,20,0,81,77,36,31,10,20,693,none
0,60,15,30,20,20,80,78,40,35,10,30,694,initial
1,64,20,35,20,20,80,78,40,35,22,33,694,japanese_breakthrough
2,64,29,35,20,20,80,78,40,35,22,36,694,none
3,60,41,35,20,23,80,78,41,36,26,40,694,none
4,60,50,35,20,23,80,77,42,37,26,43,694,none
5,56,62,35,20,26,81,77,43,38,30,47,694,none
6,64,64,35,20,30,82,77,44,39,30,46,694,new_ice_discovery
7,72,69,35,20,24,82,77,44,39,30,44,694,none
8,65,82,35,20,26,82,77,45,40,30,50,694,none
9,71,85,35,20,26,83,77,45,40,30,50,694,none
10,71,94,35,20,26,83,77,46,41,30,53,694,none
0,60,15,30,20,20,80,78,40,35,10,30,695,initial
1,59,22,30,20,22,80,78,40,35,10,33,695,none
2,58,32,30,20,19,80,77,40,35,10,36,695,us_base_accident
3,58,40,30,20,18,80,78,40,35,10,38,695,none
4,65,44,30,20,15,80,79,41,36,10,37,695,none
5,72,48,30,20,12,79,79,41,36,10,36,695,none
6,80,53,30,20,6,79,80,41,36,10,34,695,none
7,86,56,30,20,6,79,79,41,36,10,34,695,none
8,94,61,30,20,0,79,79,41,36,10,32,695,none
9,98,65,30,20,0,78,79,41,36,10,31,695,none
10,96,74,30,20,0,78,79,41,36,10,34,695,none
0,60,15,30,20,20,80,78,40,35,10,30,696,initial
1,76,20,30,20,14,81,77,35,30,10,24,696,earth_tension
2,82,22,30,20,13,82,78,34,29,10,23,696,none
3,90,27,30,20,7,83,78,33,28,10,21,696,none
4,96,30,30,20,7,84,78,32,27,10,21,696,none
5,95,37,30,20,9,84,78,31,26,10,24,696,none
6,98,41,30,20,6,84,78,31,26,10,23,696,none
7,98,44,30,20,6,85,78,31,26,10,23,696,none
8,98,52,30,20,5,85,78,31,26,10,25,696,none
9,98,58,30,20,12,85,78,31,26,19,26,696,india_transport_success
10,98,62,30,20,9,85,79,31,26,19,25,696,none
0,60,15,30,20,20,80,78,40,35,10,30,697,initial
1,60,23,30,20,19,80,77,40,35,10,32,697,none
2,60,31,30,20,18,80,76,40,35,10,34,697,none
3,59,38,30,30,20,79,76,40,35,10,37,697,mars_breakthrough
4,66,42,30,30,17,79,76,41,36,10,36,697,none
5,65,49,30,30,19,80,75,42,37,10,39,697,none
6,71,52,30,30,19,79,75,42,37,10,39,697,none
7,70,59,30,30,21,80,75,43,38,10,42,697,none
8,77,63,30,30,18,80,75,43,38,10,41,697,none
9,83,66,30,30,18,81,75,43,38,10,41,697,none
10,83,74,30,30,17,81,75,43,38,10,43,697,none
0,60,15,30,20,20,80,78,40,35,10,30,698,initial
1,59,22,30,20,22,80,78,40,35,10,33,698,none
2,59,31,30,20,22,80,78,40,35,10,36,698,none
3,66,35,30,20,19,79,78,40,35,10,35,698,none
4,58,46,30,20,23,79,78,41,36,10,41,698,none
5,65,50,30,20,20,80,77,42,37,10,40,698,none
6,71,53,30,20,20,80,77,42,37,10,40,698,none
7,63,64,30,20,24,80,77,43,38,10,46,698,none
8,63,73,30,20,28,80,77,44,39,15,49,698,india_transport_success
9,66,77,35,20,31,81,76,46,41,27,53,698,japanese_breakthrough
10,65,87,39,22,36,81,77,48,43,41,61,698,rare_unknown
0,60,15,30,20,20,80,78,40,35,10,30,699,initial
1,57,22,35,20,27,81,78,40,35,19,35,699,india_transport_success
2,57,30,35,20,26,82,78,40,35,19,37,699,none
3,57,39,35,20,26,82,78,40,35,19,40,699,none
4,56,46,35,20,28,82,79,41,36,19,43,699,none
5,64,51,35,20,22,82,78,42,37,19,41,699,none
6,72,56,35,20,16,82,78,42,37,19,39,699,none
7,72,65,35,20,16,82,78,42,37,19,42,699,none
8,72,74,35,30,16,83,78,42,37,19,45,699,mars_breakthrough
9,71,81,35,30,18,83,78,42,37,19,48,699,none
10,78,85,35,30,15,84,79,42,37,19,47,699,none
0,60,15,30,20,20,80,78,40,35,10,30,700,initial
1,60,23,30,20,19,81,78,40,35,10,32,700,none
2,59,30,30,20,21,81,78,40,35,10,35,700,none
3,51,45,30,20,21,80,79,41,36,10,42,700,chinese_base_accident
4,58,49,30,20,18,79,79,42,37,10,41,700,none
5,50,64,30,20,18,78,78,43,38,10,48,700,chinese_base_accident
6,58,69,30,20,12,78,78,44,39,10,46,700,none
7,57,76,30,20,14,78,78,45,40,10,49,700,none
8,49,91,30,20,14,79,78,47,42,10,56,700,chinese_base_accident
9,41,100,30,20,18,79,78,49,44,10,62,700,none
10,41,100,30,20,17,79,78,51,46,10,64,700,none
0,60,15,30,20,20,80,78,40,35,10,30,701,initial
1,68,20,30,20,14,79,78,40,35,10,28,701,none
2,75,24,36,20,11,79,79,39,34,10,29,701,scientific_discovery
3,82,28,36,20,8,79,80,38,33,10,28,701,none
4,89,32,36,20,5,79,80,37,32,10,27,701,none
5,89,41,36,20,5,80,79,37,32,10,30,701,none
6,89,43,33,18,4,81,79,37,32,16,24,701,rare_unknown
7,88,50,33,18,6,81,80,37,32,16,27,701,none
8,91,57,33,18,6,81,79,37,32,20,27,701,none
9,94,64,33,28,6,82,78,37,32,24,27,701,mars_breakthrough
10,98,67,33,28,6,83,77,37,32,24,27,701,none
0,60,15,30,20,20,80,78,40,35,10,30,702,initial
1,68,20,30,20,14,80,78,40,35,10,28,702,none
2,59,29,30,20,20,79,78,40,35,10,34,702,none
3,67,34,30,20,14,79,78,40,35,10,32,702,none
4,67,42,30,20,13,79,77,41,36,10,34,702,none
5,74,46,36,20,10,78,76,41,36,10,35,702,scientific_discovery
6,80,49,36,20,10,79,76,41,36,10,35,702,none
7,88,54,36,20,4,80,75,41,36,10,33,702,none
8,95,58,36,20,1,80,75,41,36,10,32,702,none
9,99,57,41,20,0,80,74,41,36,10,32,702,none
10,96,66,41,20,0,79,74,41,36,10,35,702,none
0,60,15,30,20,20,80,78,40,35,10,30,703,initial
1,71,19,26,18,17,80,77,39,34,19,26,703,rare_unknown
2,79,24,26,18,11,79,77,38,33,19,24,703,none
3,78,31,26,18,13,79,77,37,32,19,27,703,none
4,78,39,26,18,12,79,77,36,31,19,29,703,none
5,78,48,26,18,12,79,77,36,31,19,32,703,none
6,78,57,26,18,12,79,78,36,31,19,35,703,none
7,86,62,26,28,6,79,78,36,31,19,33,703,mars_breakthrough
8,86,71,26,28,6,79,78,36,31,19,36,703,none
9,87,81,26,28,3,78,78,36,31,19,38,703,none
10,79,92,26,28,7,77,78,36,31,19,44,703,none
0,60,15,30,20,20,80,78,40,35,10,30,704,initial
1,52,26,30,20,24,80,78,40,35,10,36,704,none
2,50,35,30,20,24,81,79,40,35,10,40,704,us_base_accident
3,42,50,30,20,24,81,80,41,36,10,47,704,chinese_base_accident
4,40,55,30,20,28,82,80,42,37,10,50,704,none
5,39,62,30,20,30,82,80,44,39,10,53,704,none
6,39,70,30,20,29,83,81,46,41,10,55,704,none
7,38,77,30,20,31,83,80,48,43,10,58,704,none
8,38,85,30,20,30,83,81,50,45,10,60,704,none
9,30,96,30,20,34,84,82,52,47,10,66,704,none
10,29,100,30,20,36,84,82,54,49,10,69,704,none
0,60,15,30,20,20,80,78,40,35,10,30,705,initial
1,60,24,30,20,20,79,78,40,35,10,33,705,none
2,68,29,30,20,14,79,78,40,35,10,31,705,none
3,63,37,30,35,16,79,79,40,35,10,35,705,mars_breakthrough
4,71,46,34,41,16,79,79,40,35,8,45,705,rare_unknown
5,70,53,34,41,18,79,79,41,36,8,48,705,none
6,71,63,34,41,15,80,80,41,36,8,50,705,none
7,79,68,34,41,9,79,80,41,36,8,48,705,none
8,86,72,34,41,6,78,80,41,36,8,47,705,none
9,99,71,39,41,3,79,79,37,32,8,43,705,earth_tension
10,98,76,39,41,0,80,79,37,32,8,43,705,none
0,60,15,30,20,20,80,78,40,35,10,30,706,initial
1,68,20,30,20,14,80,78,40,35,10,28,706,none
2,60,31,30,20,18,80,77,40,35,10,34,706,none
3,69,34,30,20,19,80,77,40,35,10,32,706,new_ice_discovery
4,67,43,30,20,19,80,77,41,36,10,36,706,us_base_accident
5,74,47,30,20,16,81,77,41,36,10,35,706,none
6,73,54,30,20,18,82,77,41,36,10,38,706,none
7,80,58,30,20,15,82,76,41,36,10,37,706,none
8,80,67,30,20,15,83,76,41,36,10,40,706,none
9,79,73,30,20,16,83,76,41,36,10,42,706,none
10,87,78,30,20,10,83,77,41,36,10,40,706,none
0,60,15,30,20,20,80,78,40,35,10,30,707,initial
1,59,22,30,20,22,80,78,40,35,10,33,707,none
2,58,28,30,20,23,80,77,40,35,10,35,707,none
3,66,33,30,20,17,80,76,40,35,10,33,707,none
4,73,37,30,20,14,80,76,39,34,10,32,707,none
5,68,47,30,20,19,80,75,40,35,14,36,707,none
6,75,51,30,20,16,80,75,40,35,14,35,707,none
7,74,58,30,20,18,80,75,40,35,14,38,707,none
8,80,60,30,20,17,81,75,40,35,14,37,707,none
9,85,64,30,20,14,81,75,40,35,14,37,707,chinese_base_accident
10,91,67,30,20,14,81,74,40,35,14,37,707,none
0,60,15,30,20,20,80,78,40,35,10,30,708,initial
1,61,25,30,20,17,79,77,40,35,10,32,708,none
2,68,29,30,20,14,79,78,40,35,10,31,708,none
3,75,33,30,20,11,78,78,39,34,10,30,708,none
4,75,41,32,21,10,78,77,39,34,17,27,708,rare_unknown
5,66,50,32,21,16,78,77,40,35,17,33,708,none
6,76,55,32,21,15,78,76,40,35,17,31,708,new_ice_discovery
7,82,58,32,21,15,77,76,40,35,17,31,708,none
8,84,64,32,21,18,77,76,40,35,21,32,708,none
9,83,71,32,21,20,78,76,40,35,21,35,708,none
10,75,86,32,21,20,78,76,40,35,21,42,708,chinese_base_accident
0,60,15,30,20,20,80,78,40,35,10,30,709,initial
1,68,20,30,20,14,80,78,40,35,10,28,709,none
2,75,24,30,20,11,80,78,39,34,10,27,709,none
3,74,31,30,20,13,80,77,38,33,10,30,709,none
4,76,34,31,23,13,80,78,37,32,16,31,709,rare_unknown
5,85,34,42,23,7,79,78,36,31,16,32,709,scientific_discovery
6,92,38,42,23,4,79,78,35,30,16,31,709,none
7,90,41,38,24,4,80,77,35,30,17,29,709,rare_unknown
8,98,46,38,24,0,80,78,35,30,17,27,709,none
9,98,51,38,24,0,80,77,35,30,17,25,709,none
10,95,59,38,24,2,79,78,35,30,17,27,709,none
0,60,15,30,20,20,80,78,40,35,10,30,710,initial
1,60,23,30,20,19,79,78,40,35,10,32,710,none
2,62,29,30,20,22,78,78,40,35,14,33,710,none
3,75,31,36,21,22,78,78,39,34,15,27,710,rare_unknown
4,82,35,36,21,19,77,78,38,33,15,26,710,none
5,90,37,36,21,23,76,78,37,32,15,25,710,new_ice_discovery
6,89,44,36,21,25,77,78,37,32,15,28,710,none
7,84,54,36,21,30,77,78,37,32,19,32,710,none
8,91,58,36,21,27,78,78,37,32,19,31,710,none
9,91,66,36,21,26,78,79,37,32,19,33,710,none
10,90,73,36,21,28,78,79,37,32,19,36,710,none
0,60,15,30,20,20,80,78,40,35,10,30,711,initial
1,52,26,30,20,24,81,79,40,35,10,36,711,none
2,58,29,30,20,24,81,79,40,35,10,36,711,none
3,65,33,30,20,21,82,79,40,35,10,35,711,none
4,63,38,30,20,25,81,80,40,35,10,38,711,none
5,71,43,30,20,19,81,80,40,35,10,36,711,none
6,78,47,30,20,16,81,81,40,35,10,35,711,none
7,85,51,30,20,13,81,80,40,35,10,34,711,none
8,91,54,30,20,13,81,80,40,35,10,34,711,none
9,92,64,30,20,10,82,80,40,35,10,36,711,none
10,98,68,30,20,7,81,80,40,35,10,35,711,none
0,60,15,30,20,20,80,78,40,35,10,30,712,initial
1,53,28,30,20,22,80,79,40,35,10,36,712,none
2,55,34,30,20,25,80,79,40,35,14,37,712,none
3,54,44,30,20,22,81,78,41,36,14,40,712,chinese_base_accident
4,47,57,30,20,24,81,78,42,37,14,46,712,none
5,46,64,30,20,26,82,79,43,38,14,49,712,none
6,45,71,30,20,28,83,79,45,40,14,52,712,none
7,44,78,30,20,30,83,79,47,42,14,55,712,none
8,36,89,30,20,34,83,78,49,44,14,61,712,none
9,28,100,30,20,38,82,78,51,46,14,67,712,none
10,27,100,30,20,40,83,79,53,48,14,70,712,none
0,60,15,30,20,20,80,78,40,35,10,30,713,initial
1,69,18,30,20,21,79,77,40,35,10,28,713,new_ice_discovery
2,72,25,30,30,21,79,78,39,34,14,28,713,mars_breakthrough
3,79,29,30,30,18,79,79,38,33,14,27,713,none
4,78,36,30,30,20,79,78,37,32,14,30,713,none
5,86,41,30,30,14,78,78,37,32,14,28,713,none
6,92,44,30,30,14,78,79,37,32,14,28,713,none
7,92,52,30,30,13,78,79,37,32,14,30,713,none
8,98,55,30,30,13,78,79,37,32,14,30,713,none
9,98,60,30,30,7,77,79,37,32,14,28,713,none
10,98,64,30,30,4,77,80,37,32,14,27,713,none
0,60,15,30,20,20,80,78,40,35,10,30,714,initial
1,60,23,30,20,19,80,79,40,35,10,32,714,none
2,63,27,35,20,22,80,79,40,35,22,36,714,japanese_breakthrough
3,70,31,35,20,19,79,79,40,35,22,35,714,none
4,77,35,35,20,16,78,79,39,34,22,34,714,none
5,77,44,35,20,16,78,80,39,34,22,37,714,none
6,80,51,35,20,16,78,80,39,34,26,37,714,none
7,80,60,35,20,16,78,80,39,34,26,40,714,none
8,75,70,35,20,21,77,80,39,34,30,44,714,none
9,73,79,35,20,21,78,80,39,34,30,48,714,chinese_base_accident
10,71,88,35,20,21,78,80,40,35,30,52,714,us_base_accident
0,60,15,30,20,20,80,78,40,35,10,30,715,initial
1,60,24,30,20,20,80,78,40,35,10,33,715,none
2,67,28,30,20,17,80,77,40,35,10,32,715,none
3,67,37,30,20,17,80,77,40,35,10,35,715,none
4,67,45,30,20,16,79,77,41,36,10,37,715,none
5,73,48,30,20,16,79,76,41,36,10,37,715,none
6,81,53,36,20,10,79,75,41,36,10,37,715,scientific_discovery
7,87,56,36,20,10,80,75,41,36,10,37,715,none
8,94,60,36,20,7,81,74,41,36,10,36,715,none
9,98,64,36,20,4,81,74,41,36,10,35,715,none
10,98,72,36,20,3,81,74,41,36,10,37,715,none
0,60,15,30,20,20,80,78,40,35,10,30,716,initial
1,63,22,30,20,20,80,78,40,35,14,30,716,none
2,71,27,30,20,14,81,78,39,34,14,28,716,none
3,74,34,30,20,14,80,78,38,33,18,28,716,none
4,77,44,30,20,14,79,78,38,33,30,30,716,japanese_breakthrough
5,84,48,30,20,11,78,78,38,33,30,29,716,none
6,82,57,30,20,11,78,78,38,33,30,33,716,chinese_base_accident
7,81,64,30,20,13,77,78,38,33,30,36,716,none
8,88,68,30,20,10,77,78,38,33,30,35,716,none
9,83,78,30,20,15,77,77,38,33,34,39,716,none
10,82,85,30,20,17,77,77,38,33,34,42,716,none
0,60,15,30,20,20,80,78,40,35,10,30,717,initial
1,67,18,30,20,16,80,78,40,35,10,28,717,none
2,75,23,30,20,10,79,78,39,34,10,26,717,none
3,75,31,30,20,9,79,77,38,33,10,28,717,none
4,81,34,30,20,9,79,78,37,32,10,28,717,none
5,88,38,30,20,6,79,78,36,31,10,27,717,none
6,95,42,30,20,3,79,79,36,31,10,26,717,none
7,96,52,30,20,0,80,78,36,31,10,28,717,none
8,95,59,30,20,2,80,77,36,31,10,31,717,none
9,98,66,30,20,2,80,76,36,31,14,31,717,none
10,98,70,30,20,0,80,75,36,31,14,30,717,none
0,60,15,30,20,20,80,78,40,35,10,30,718,initial
1,60,23,30,20,19,79,77,40,35,10,32,718,none
2,59,30,30,20,21,79,77,40,35,10,35,718,none
3,58,37,30,20,23,78,77,40,35,10,38,718,none
4,58,45,30,20,22,78,77,41,36,10,40,718,none
5,50,60,30,20,22,78,77,42,37,10,47,718,chinese_base_accident
6,59,60,41,20,16,78,76,43,38,10,48,718,scientific_discovery
7,53,68,46,20,18,77,76,45,40,10,55,718,none
8,53,76,46,20,17,78,75,47,42,10,57,718,none
9,51,81,46,20,21,78,75,49,44,10,60,718,none
10,54,88,46,20,21,78,75,51,46,14,60,718,none
0,60,15,30,20,20,80,78,40,35,10,30,719,initial
1,55,25,30,20,25,80,77,40,35,14,34,719,none
2,58,29,35,20,28,80,77,40,35,26,38,719,japanese_breakthrough
3,64,32,35,20,28,80,77,40,35,26,38,719,none
4,71,36,35,20,25,81,77,39,34,26,37,719,none
5,79,44,35,20,24,82,77,35,30,26,35,719,earth_tension
6,86,48,35,20,21,81,76,35,30,26,34,719,none
7,85,55,35,20,23,81,76,35,30,26,37,719,none
8,92,59,35,20,20,82,76,35,30,26,36,719,none
9,91,66,35,20,22,82,77,35,30,26,39,719,none
10,98,70,35,20,19,82,78,35,30,26,38,719,none
0,60,15,30,20,20,80,78,40,35,10,30,720,initial
1,52,30,30,20,20,80,78,40,35,10,37,720,chinese_base_accident
2,48,42,30,20,23,80,79,41,36,14,41,720,none
3,41,55,30,20,25,80,79,42,37,14,47,720,none
4,48,59,30,20,22,80,79,43,38,14,46,720,none
5,54,62,30,20,22,79,80,44,39,14,46,720,none
6,46,77,30,20,22,79,79,46,41,14,53,720,us_base_accident
7,41,87,30,20,27,79,79,48,43,18,57,720,none
8,40,94,30,20,29,80,79,50,45,18,60,720,none
9,47,98,30,20,26,80,79,52,47,18,59,720,none
10,54,100,30,20,23,80,78,54,49,18,58,720,none
0,60,15,30,20,20,80,78,40,35,10,30,721,initial
1,75,19,29,17,17,80,77,39,34,12,34,721,rare_unknown
2,78,24,29,32,14,79,77,38,33,12,34,721,mars_breakthrough
3,86,29,35,32,8,80,77,37,32,12,34,721,scientific_discovery
4,94,34,35,42,2,79,77,36,31,12,32,721,mars_breakthrough
5,98,38,35,42,0,78,77,35,30,12,31,721,none
6,98,42,35,42,0,78,77,35,30,12,30,721,none
7,96,51,35,42,0,79,78,35,30,12,33,721,none
8,97,54,35,42,2,78,78,35,30,12,31,721,new_ice_discovery
9,96,64,35,42,0,78,78,35,30,12,34,721,chinese_base_accident
10,98,68,35,42,0,78,77,35,30,12,33,721,none
0,60,15,30,20,20,80,78,40,35,10,30,722,initial
1,60,24,30,20,20,80,79,40,35,10,33,722,none
2,68,29,30,20,14,80,79,40,35,10,31,722,none
3,75,33,30,20,11,80,79,39,34,10,30,722,none
4,82,37,30,20,8,80,79,38,33,10,29,722,none
5,98,42,30,20,2,80,78,34,29,10,23,722,earth_tension
6,97,49,30,20,4,81,78,34,29,10,26,722,none
7,95,56,30,20,6,81,78,34,29,10,29,722,none
8,98,60,30,20,3,80,78,34,29,10,28,722,none
9,98,65,30,20,0,80,79,34,29,10,26,722,none
10,96,74,30,30,0,81,79,34,29,10,29,722,mars_breakthrough
0,60,15,30,20,20,80,78,40,35,10,30,723,initial
1,60,23,30,20,19,79,79,40,35,10,32,723,none
2,59,30,30,20,21,79,79,40,35,10,35,723,none
3,51,45,30,20,21,79,79,41,36,10,42,723,chinese_base_accident
4,52,51,30,20,27,80,78,42,37,10,44,723,new_ice_discovery
5,59,55,30,20,24,81,78,43,38,10,43,723,none
6,59,63,30,20,23,81,79,44,39,10,45,723,none
7,66,67,30,20,20,80,79,45,40,10,44,723,none
8,73,71,30,20,17,80,79,45,40,10,43,723,none
9,66,84,30,20,19,80,79,46,41,10,49,723,none
10,66,92,30,20,18,80,79,48,43,10,51,723,none
0,60,15,30,20,20,80,78,40,35,10,30,724,initial
1,69,25,30,20,17,80,77,36,31,10,28,724,earth_tension
2,62,38,30,20,19,79,76,36,31,10,34,724,none
3,53,47,30,20,25,79,75,37,32,10,40,724,none
4,55,55,30,20,29,79,75,38,33,10,42,724,new_ice_discovery
5,62,59,30,20,26,79,75,39,34,10,41,724,none
6,61,65,30,20,27,80,75,40,35,10,43,724,none
7,53,80,30,20,27,79,75,41,36,10,50,724,us_base_accident
8,52,87,30,20,29,79,74,43,38,10,53,724,none
9,59,91,30,20,26,79,75,45,40,10,52,724,none
10,58,98,30,20,28,79,75,47,42,10,55,724,none
0,60,15,30,20,20,80,78,40,35,10,30,725,initial
1,64,20,35,20,20,80,78,40,35,22,33,725,japanese_breakthrough
2,72,25,35,20,14,80,77,39,34,22,31,725,none
3,74,31,35,20,17,81,77,38,33,26,32,725,none
4,90,36,35,20,11,81,78,33,28,26,26,725,earth_tension
5,89,43,35,20,13,81,78,33,28,26,29,725,none
6,96,47,35,20,10,80,79,33,28,26,28,725,none
7,98,50,35,20,10,80,80,33,28,26,28,725,none
8,98,58,35,20,9,81,81,33,28,26,30,725,none
9,98,64,35,20,12,81,80,33,28,30,31,725,none
10,98,68,35,20,9,80,80,33,28,30,30,725,none
0,60,15,30,20,20,80,78,40,35,10,30,726,initial
1,55,25,30,20,25,80,78,40,35,14,34,726,none
2,65,30,30,20,24,80,78,40,35,14,32,726,new_ice_discovery
3,65,39,30,20,24,79,78,40,35,14,35,726,none
4,72,43,30,20,21,79,78,40,35,14,34,726,none
5,64,58,30,20,21,79,78,41,36,14,41,726,us_base_accident
6,64,66,30,20,20,80,78,42,37,14,43,726,none
7,72,71,30,20,14,80,78,42,37,14,41,726,none
8,81,71,41,20,8,80,78,42,37,14,42,726,scientific_discovery
9,81,80,41,20,12,80,78,42,37,19,45,726,india_transport_success
10,87,83,41,20,12,80,78,42,37,19,45,726,none
0,60,15,30,20,20,80,78,40,35,10,30,727,initial
1,75,19,30,20,17,81,78,35,30,10,25,727,earth_tension
2,77,25,30,20,24,81,78,34,29,19,26,727,india_transport_success
3,84,29,30,20,21,81,77,33,28,19,25,727,none
4,85,31,30,35,23,81,77,32,27,19,26,727,mars_breakthrough
5,80,41,30,35,28,81,77,32,27,23,30,727,none
6,83,48,30,35,28,81,77,32,27,27,30,727,none
7,90,52,30,35,25,80,78,32,27,27,29,727,none
8,98,57,30,35,19,81,78,32,27,27,27,727,none
9,98,60,30,45,19,82,79,32,27,27,27,727,mars_breakthrough
10,98,63,30,45,19,83,79,32,27,27,27,727,none
0,60,15,30,20,20,80,78,40,35,10,30,728,initial
1,61,25,30,20,17,80,79,40,35,10,32,728,none
2,60,32,30,20,19,80,78,40,35,10,35,728,none
3,67,36,30,20,16,81,78,40,35,10,34,728,none
4,66,43,30,20,18,81,78,41,36,10,37,728,none
5,65,50,30,20,20,81,77,42,37,10,40,728,none
6,64,57,30,20,22,82,77,43,38,10,43,728,none
7,63,64,30,20,24,82,78,44,39,10,46,728,none
8,69,67,30,20,24,82,77,45,40,10,46,728,none
9,69,76,30,20,24,83,77,46,41,10,49,728,none
10,69,84,30,20,23,83,76,48,43,10,51,728,none
0,60,15,30,20,20,80,78,40,35,10,30,729,initial
1,68,14,41,20,17,80,78,40,35,10,32,729,scientific_discovery
2,69,27,41,20,19,80,79,36,31,10,34,729,earth_tension
3,63,39,41,20,22,81,79,36,31,14,39,729,us_base_accident
4,55,50,41,20,26,82,78,37,32,14,45,729,none
5,61,53,41,20,26,82,78,38,33,14,45,729,none
6,53,64,41,20,30,82,78,40,35,14,51,729,none
7,52,71,41,20,32,82,78,42,37,14,54,729,none
8,55,76,41,35,29,82,77,44,39,14,54,729,mars_breakthrough
9,47,91,41,35,29,82,77,46,41,14,61,729,us_base_accident
10,54,95,41,35,26,82,77,48,43,14,60,729,none
0,60,15,30,20,20,80,78,40,35,10,30,730,initial
1,76,20,30,20,14,79,77,35,30,10,24,730,earth_tension
2,81,21,36,20,16,79,77,34,29,10,26,730,scientific_discovery
3,81,29,36,20,15,80,77,33,28,10,28,730,none
4,82,39,36,20,12,81,77,32,27,10,30,730,none
5,88,42,36,20,16,81,77,32,27,15,30,730,india_transport_success
6,81,55,36,20,18,81,77,32,27,15,36,730,none
7,88,59,36,20,15,81,78,32,27,15,35,730,none
8,94,62,36,20,15,80,79,32,27,15,35,730,none
9,98,65,36,20,15,81,79,32,27,15,35,730,none
10,97,67,36,20,14,80,79,32,27,15,34,730,none
0,60,15,30,20,20,80,78,40,35,10,30,731,initial
1,59,22,30,20,22,80,79,40,35,10,33,731,none
2,58,29,30,20,24,81,78,40,35,10,36,731,none
3,58,37,30,20,23,81,78,40,35,10,38,731,none
4,67,47,30,20,20,81,78,37,32,10,36,731,earth_tension
5,74,51,30,20,17,80,78,37,32,10,35,731,none
6,74,62,30,20,21,81,78,33,28,10,37,731,earth_tension
7,74,71,30,20,21,81,79,33,28,10,40,731,none
8,73,78,30,20,23,82,79,33,28,10,43,731,none
9,79,81,30,20,23,83,79,33,28,10,43,731,none
10,81,87,30,20,26,84,79,33,28,14,44,731,none
0,60,15,30,20,20,80,78,40,35,10,30,732,initial
1,68,20,30,20,14,79,78,40,35,10,28,732,none
2,60,31,30,20,18,80,78,40,35,10,34,732,none
3,61,41,30,20,15,80,77,41,36,10,36,732,none
4,59,46,30,20,19,81,77,42,37,10,39,732,none
5,51,57,30,20,23,80,76,43,38,10,45,732,none
6,58,61,30,20,20,80,75,44,39,10,44,732,none
7,68,66,30,20,19,81,75,45,40,10,42,732,new_ice_discovery
8,75,70,30,20,16,82,75,45,40,10,41,732,none
9,82,74,30,20,17,82,75,45,40,15,40,732,india_transport_success
10,82,82,30,20,16,83,74,45,40,15,42,732,none
0,60,15,30,20,20,80,78,40,35,10,30,733,initial
1,66,18,30,20,20,80,79,40,35,10,30,733,none
2,66,26,30,20,19,79,79,40,35,10,32,733,none
3,66,35,30,20,19,79,78,40,35,10,35,733,none
4,74,40,30,20,13,79,78,39,34,10,33,733,none
5,81,44,30,20,10,78,77,39,34,10,32,733,none
6,81,52,30,20,9,77,77,39,34,10,34,733,none
7,88,56,30,20,6,78,77,39,34,10,33,733,none
8,89,60,30,20,11,78,77,39,34,14,34,733,none
9,96,64,30,20,8,78,78,39,34,14,33,733,none
10,98,67,37,22,8,78,78,39,34,15,40,733,rare_unknown
0,60,15,30,20,20,80,78,40,35,10,30,734,initial
1,70,20,30,20,19,80,78,40,35,10,28,734,new_ice_discovery
2,70,28,30,20,18,79,78,40,35,10,30,734,none
3,69,35,30,20,20,79,78,40,35,10,33,734,none
4,75,38,30,20,20,79,77,39,34,10,33,734,none
5,74,45,30,20,22,80,77,39,34,10,36,734,none
6,75,55,30,20,19,80,77,39,34,10,38,734,none
7,77,61,30,20,22,81,77,39,34,14,39,734,none
8,83,64,30,20,22,81,78,39,34,14,39,734,none
9,83,73,30,20,22,80,78,39,34,14,42,734,none
10,85,79,30,20,25,80,79,39,34,18,43,734,none
0,60,15,30,20,20,80,78,40,35,10,30,735,initial
1,59,22,30,30,22,80,79,40,35,10,33,735,mars_breakthrough
2,60,32,30,30,19,80,78,40,35,10,35,735,none
3,68,37,30,30,13,79,78,40,35,10,33,735,none
4,69,47,30,30,10,79,78,41,36,10,35,735,none
5,77,46,41,30,7,80,78,41,36,10,37,735,scientific_discovery
6,85,51,41,30,1,79,78,41,36,10,35,735,none
7,96,58,41,30,1,79,79,37,32,14,31,735,earth_tension
8,98,62,41,30,0,79,78,37,32,14,30,735,none
9,96,69,41,45,3,79,77,37,32,18,32,735,mars_breakthrough
10,98,73,41,45,0,79,77,37,32,18,31,735,none
0,60,15,30,20,20,80,78,40,35,10,30,736,initial
1,60,17,35,20,22,80,78,40,35,10,34,736,none
2,52,28,35,20,26,80,78,40,35,10,40,736,none
3,51,34,35,20,27,80,78,40,35,10,42,736,none
4,51,42,35,20,26,80,78,41,36,10,44,736,none
5,59,47,41,20,20,81,77,42,37,10,44,736,scientific_discovery
6,67,46,52,20,17,81,78,43,38,10,46,736,scientific_discovery
7,75,51,52,20,11,80,79,43,38,10,44,736,none
8,71,59,57,20,16,79,79,44,39,22,51,736,japanese_breakthrough
9,78,63,57,20,13,79,79,44,39,22,50,736,none
10,76,72,57,20,13,79,79,45,40,22,54,736,chinese_base_accident
0,60,15,30,20,20,80,78,40,35,10,30,737,initial
1,68,17,30,20,24,80,77,40,35,10,29,737,new_ice_discovery
2,75,21,30,20,21,81,78,39,34,10,28,737,none
3,86,26,30,20,18,81,78,34,29,10,24,737,earth_tension
4,89,36,30,20,23,81,78,29,24,14,24,737,earth_tension
5,96,40,30,20,20,82,79,28,23,14,23,737,none
6,96,48,30,20,19,82,79,28,23,14,25,737,none
7,98,52,30,20,16,82,78,28,23,14,25,737,us_base_accident
8,98,59,30,20,16,82,77,28,23,18,25,737,none
9,98,63,30,20,13,81,76,28,23,18,24,737,none
10,98,67,30,20,10,80,76,28,23,18,23,737,none
0,60,15,30,20,20,80,78,40,35,10,30,738,initial
1,62,21,30,20,27,79,77,40,35,19,31,738,india_transport_success
2,58,36,30,20,30,80,76,40,35,31,37,738,japanese_breakthrough
3,65,39,30,30,26,79,76,40,35,31,35,738,mars_breakthrough
4,58,52,30,30,28,79,77,41,36,31,41,738,none
5,54,64,30,30,31,78,78,42,37,35,45,738,none
6,55,74,30,30,28,78,78,43,38,35,47,738,none
7,61,76,30,30,27,78,78,44,39,35,46,738,none
8,61,85,30,30,27,79,78,45,40,35,49,738,none
9,57,92,37,37,27,79,78,47,42,38,57,738,rare_unknown
10,56,99,37,37,29,79,77,49,44,38,60,738,none
0,60,15,30,20,20,80,78,40,35,10,30,739,initial
1,67,19,30,20,17,80,78,40,35,10,29,739,none
2,75,24,30,20,11,79,78,39,34,10,27,739,none
3,67,39,30,20,11,80,78,39,34,10,34,739,chinese_base_accident
4,74,42,30,20,7,79,78,39,34,10,32,739,none
5,88,45,30,20,7,79,77,35,30,10,28,739,earth_tension
6,88,53,30,20,6,79,76,35,30,10,30,739,none
7,88,61,30,20,5,78,76,35,30,10,32,739,none
8,98,64,30,20,5,78,75,31,26,10,28,739,earth_tension
9,98,67,30,20,5,78,75,31,26,10,28,739,none
10,98,71,30,20,2,78,74,31,26,10,27,739,none
0,60,15,30,20,20,80,78,40,35,10,30,740,initial
1,68,20,30,20,14,80,78,40,35,10,28,740,none
2,67,27,30,20,16,81,79,40,35,10,31,740,none
3,73,30,30,20,16,81,79,39,34,10,31,740,none
4,82,30,35,20,10,80,79,38,33,10,30,740,none
5,91,30,46,20,4,80,79,37,32,10,31,740,scientific_discovery
6,98,34,46,20,1,80,79,36,31,10,30,740,none
7,98,38,46,20,0,80,79,35,30,10,29,740,none
8,98,43,46,20,0,80,79,35,30,10,27,740,none
9,97,49,46,20,2,81,78,35,30,10,29,740,none
10,99,49,51,20,1,82,78,35,30,10,28,740,new_ice_discovery
0,60,15,30,20,20,80,78,40,35,10,30,741,initial
1,59,22,30,20,22,81,77,40,35,10,33,741,none
2,59,30,30,20,21,81,77,40,35,10,35,741,none
3,67,32,30,20,25,80,77,40,35,10,34,741,new_ice_discovery
4,77,37,30,20,24,80,78,39,34,10,32,741,new_ice_discovery
5,84,41,30,20,21,81,79,39,34,10,31,741,none
6,91,45,30,20,18,80,78,39,34,10,30,741,none
7,97,48,30,20,18,80,77,39,34,10,30,741,none
8,98,53,30,20,12,80,77,39,34,10,28,741,none
9,98,58,30,30,6,79,77,39,34,10,26,741,mars_breakthrough
10,98,62,30,30,3,80,76,35,30,10,21,741,earth_tension
0,60,15,30,20,20,80,78,40,35,10,30,742,initial
1,60,23,30,20,19,81,77,40,35,10,32,742,none
2,59,30,30,20,25,81,78,40,35,15,35,742,india_transport_success
3,66,34,30,20,26,81,78,40,35,20,34,742,india_transport_success
4,58,45,30,20,30,82,78,41,36,20,40,742,none
5,57,52,30,20,32,82,78,42,37,20,43,742,none
6,57,60,30,20,31,81,78,43,38,20,45,742,none
7,65,65,30,20,25,81,78,44,39,20,43,742,none
8,63,74,30,20,25,81,78,45,40,20,47,742,us_base_accident
9,61,79,30,20,29,82,78,46,41,20,50,742,none
10,60,86,30,20,31,82,77,48,43,20,53,742,none
0,60,15,30,20,20,80,78,40,35,10,30,743,initial
1,53,28,30,20,22,81,79,40,35,10,36,743,none
2,60,32,30,20,19,82,79,40,35,10,35,743,none
3,68,37,30,30,13,83,78,40,35,10,33,743,mars_breakthrough
4,68,45,30,30,12,84,79,41,36,10,35,743,none
5,68,54,30,30,12,84,80,42,37,10,38,743,none
6,66,63,30,30,12,84,80,43,38,10,42,743,us_base_accident
7,65,70,30,30,14,85,79,44,39,10,45,743,none
8,66,80,30,30,11,86,79,45,40,10,47,743,none
9,65,87,30,30,13,86,80,46,41,10,50,743,none
10,66,97,30,30,10,87,80,48,43,10,52,743,none
0,60,15,30,20,20,80,78,40,35,10,30,744,initial
1,55,25,30,20,25,80,79,40,35,14,34,744,none
2,62,29,36,20,22,81,79,40,35,14,35,744,scientific_discovery
3,64,35,36,20,29,81,79,40,35,23,36,744,india_transport_success
4,58,41,36,35,33,80,80,41,36,23,40,744,mars_breakthrough
5,59,51,36,35,30,80,79,42,37,23,42,744,none
6,65,53,36,35,29,79,79,43,38,23,41,744,none
7,58,66,36,35,31,79,78,44,39,23,47,744,none
8,68,65,41,35,33,78,78,45,40,23,47,744,new_ice_discovery
9,60,76,41,35,37,78,78,47,42,23,53,744,none
10,60,84,41,35,36,78,79,49,44,23,55,744,none
0,60,15,30,20,20,80,78,40,35,10,30,745,initial
1,75,19,30,20,17,81,77,35,30,10,25,745,earth_tension
2,74,26,30,20,19,81,77,34,29,10,28,745,none
3,82,35,30,20,19,81,77,29,24,10,27,745,earth_tension
4,89,39,30,20,16,81,77,28,23,10,26,745,none
5,96,43,30,20,13,82,77,28,23,10,25,745,none
6,98,47,30,20,10,82,77,28,23,10,24,745,none
7,98,51,30,20,7,83,76,28,23,10,23,745,none
8,98,54,30,20,7,83,76,28,23,10,23,745,none
9,98,57,38,30,7,82,75,28,23,14,31,745,rare_unknown
10,98,61,38,30,4,83,76,28,23,14,30,745,none
0,60,15,30,20,20,80,78,40,35,10,30,746,initial
1,56,27,30,20,23,80,77,40,35,14,34,746,none
2,52,39,30,20,26,80,77,40,35,18,38,746,none
3,59,43,30,20,23,80,77,41,36,18,37,746,none
4,59,52,30,20,23,79,77,42,37,18,40,746,none
5,59,61,30,20,23,79,77,43,38,18,43,746,none
6,58,68,30,20,25,79,78,44,39,18,46,746,none
7,50,83,30,20,25,79,78,46,41,18,53,746,chinese_base_accident
8,58,88,36,20,19,79,78,48,43,18,53,746,scientific_discovery
9,57,95,36,20,21,79,79,50,45,18,56,746,none
10,57,100,36,20,21,78,79,52,47,18,59,746,none
0,60,15,30,20,20,80,78,40,35,10,30,747,initial
1,52,26,30,20,24,81,78,40,35,10,36,747,none
2,50,35,30,20,24,80,79,40,35,10,40,747,us_base_accident
3,49,42,30,20,26,80,79,41,36,10,43,747,none
4,42,55,30,20,28,80,79,42,37,10,49,747,none
5,48,58,30,20,28,80,78,43,38,10,49,747,none
6,55,62,30,20,25,81,77,44,39,10,48,747,none
7,53,71,30,20,25,81,76,46,41,10,52,747,us_base_accident
8,52,78,30,20,27,82,76,48,43,10,55,747,none
9,47,88,30,20,32,82,77,50,45,14,59,747,none
10,54,92,30,20,29,82,78,52,47,14,58,747,none
0,60,15,30,20,20,80,78,40,35,10,30,748,initial
1,66,18,30,20,20,79,77,40,35,10,30,748,none
2,65,25,30,20,22,79,77,40,35,10,33,748,none
3,72,29,30,20,19,79,76,39,34,10,32,748,none
4,81,29,41,20,13,79,76,38,33,10,33,748,scientific_discovery
5,88,33,41,20,10,79,76,37,32,10,32,748,none
6,95,37,41,20,7,78,76,36,31,10,31,748,none
7,98,40,41,20,7,78,76,35,30,10,31,748,none
8,98,45,41,20,1,78,76,31,26,10,25,748,earth_tension
9,98,49,41,20,0,79,76,31,26,10,24,748,none
10,94,54,41,20,4,78,77,31,26,10,27,748,none
0,60,15,30,20,20,80,78,40,35,10,30,749,initial
1,59,22,30,20,22,79,79,40,35,10,33,749,none
2,61,28,30,20,29,78,79,40,35,19,34,749,india_transport_success
3,68,32,30,20,26,78,79,40,35,19,33,749,none
4,60,43,30,20,30,78,79,41,36,19,39,749,none
5,67,47,30,20,27,78,79,42,37,19,38,749,none
6,75,52,30,20,21,78,80,42,37,19,36,749,none
7,74,59,30,20,23,79,80,42,37,19,39,749,none
8,67,72,30,20,25,80,80,43,38,19,45,749,none
9,74,76,30,20,22,80,81,43,38,19,44,749,none
10,74,84,30,20,21,80,80,43,38,19,46,749,none
0,60,15,30,20,20,80,78,40,35,10,30,750,initial
1,59,22,30,20,22,80,78,40,35,10,33,750,none
2,51,33,30,20,26,80,77,40,35,10,39,750,none
3,59,32,41,20,23,81,77,40,35,10,41,750,scientific_discovery
4,66,36,41,20,20,81,76,40,35,10,40,750,none
5,73,40,41,20,17,81,76,39,34,10,39,750,none
6,81,45,41,20,11,81,75,39,34,10,37,750,none
7,91,50,41,20,10,80,76,39,34,10,35,750,new_ice_discovery
8,90,57,41,20,12,81,76,39,34,10,38,750,none
9,90,66,41,20,12,80,76,39,34,10,41,750,none
10,89,73,41,20,14,81,77,39,34,10,44,750,none
0,60,15,30,20,20,80,78,40,35,10,30,751,initial
1,68,20,30,20,14,81,77,40,35,10,28,751,none
2,68,29,30,20,14,80,77,40,35,10,31,751,none
3,76,34,30,20,8,81,77,39,34,10,29,751,none
4,79,39,30,35,5,80,77,38,33,10,29,751,mars_breakthrough
5,78,46,30,35,7,81,76,38,33,10,32,751,none
6,85,50,30,35,4,81,76,38,33,10,31,751,none
7,95,55,30,35,3,82,76,38,33,10,29,751,new_ice_discovery
8,98,58,30,35,3,81,75,38,33,10,29,751,none
9,98,61,30,35,3,81,75,38,33,10,29,751,none
10,94,66,30,35,7,81,75,38,33,10,32,751,none
0,60,15,30,20,20,80,78,40,35,10,30,752,initial
1,68,20,30,20,14,79,78,40,35,10,28,752,none
2,68,28,30,20,13,79,78,40,35,10,30,752,none
3,69,38,30,20,10,79,78,40,35,10,32,752,none
4,75,41,30,20,10,78,77,40,35,10,32,752,none
5,67,52,30,20,14,78,76,41,36,10,38,752,none
6,74,56,30,20,11,78,76,41,36,10,37,752,none
7,81,60,30,20,8,78,75,41,36,10,36,752,none
8,89,69,30,20,8,78,74,37,32,10,35,752,earth_tension
9,96,73,30,20,5,79,74,37,32,10,34,752,none
10,96,82,30,20,5,80,74,37,32,10,37,752,none
0,60,15,30,20,20,80,78,40,35,10,30,753,initial
1,67,19,30,20,17,80,77,40,35,10,29,753,none
2,58,28,30,20,23,80,76,40,35,10,35,753,none
3,69,35,30,20,23,80,76,36,31,14,31,753,earth_tension
4,68,42,30,20,25,80,76,37,32,14,34,753,none
5,68,50,30,20,24,80,76,38,33,14,36,753,none
6,67,57,36,20,26,79,75,39,34,14,41,753,scientific_discovery
7,59,68,36,20,30,79,74,40,35,14,47,753,none
8,68,78,36,20,27,79,74,37,32,14,45,753,earth_tension
9,67,85,36,20,29,78,74,38,33,14,48,753,none
10,60,98,36,20,31,79,74,40,35,14,54,753,none
0,60,15,30,20,20,80,78,40,35,10,30,754,initial
1,60,23,30,20,19,80,77,40,35,10,32,754,none
2,72,27,34,30,16,79,77,39,34,20,27,754,rare_unknown
3,75,32,34,45,13,79,77,38,33,20,27,754,mars_breakthrough
4,82,36,34,45,10,79,77,37,32,20,26,754,none
5,82,44,34,45,9,79,77,37,32,20,28,754,none
6,88,47,34,45,9,80,78,37,32,20,28,754,none
7,98,51,34,45,6,81,78,33,28,20,23,754,earth_tension
8,98,55,34,45,3,82,79,33,28,20,22,754,none
9,97,65,34,45,0,81,79,33,28,20,25,754,us_base_accident
10,98,70,34,45,0,81,79,33,28,20,23,754,none
0,60,15,30,20,20,80,78,40,35,10,30,755,initial
1,59,22,30,20,22,80,78,40,35,10,33,755,none
2,59,30,30,20,21,81,78,40,35,10,35,755,none
3,66,34,30,20,18,81,78,40,35,10,34,755,none
4,66,43,30,20,18,81,78,41,36,10,37,755,none
5,73,47,30,20,15,82,77,41,36,10,36,755,none
6,79,49,30,20,14,82,78,41,36,10,35,755,none
7,78,56,30,20,16,82,78,41,36,10,38,755,none
8,77,63,30,20,18,83,79,41,36,10,41,755,none
9,84,67,30,20,15,83,79,41,36,10,40,755,none
10,91,70,30,20,11,83,79,41,36,10,38,755,none
0,60,15,30,20,20,80,78,40,35,10,30,756,initial
1,59,22,30,20,22,79,78,40,35,10,33,756,none
2,51,33,30,20,26,79,77,40,35,10,39,756,none
3,43,44,30,20,30,78,77,41,36,10,45,756,none
4,53,49,30,20,29,77,76,42,37,10,43,756,new_ice_discovery
5,60,53,30,20,26,77,76,43,38,10,42,756,none
6,60,61,30,30,25,76,75,44,39,10,44,756,mars_breakthrough
7,63,68,30,30,29,77,76,45,40,19,44,756,india_transport_success
8,70,72,30,30,26,76,76,46,41,19,43,756,none
9,77,76,30,30,23,77,75,46,41,19,42,756,none
10,84,80,30,30,20,77,75,46,41,19,41,756,none
0,60,15,30,20,20,80,78,40,35,10,30,757,initial
1,60,23,30,20,19,81,78,40,35,10,32,757,none
2,59,30,30,20,21,81,79,40,35,10,35,757,none
3,59,42,30,20,21,81,79,41,36,18,40,757,japanese_breakthrough
4,51,57,30,20,21,81,78,42,37,18,47,757,chinese_base_accident
5,59,62,30,20,15,81,77,43,38,18,45,757,none
6,58,69,30,20,17,80,77,44,39,18,48,757,none
7,63,73,30,20,14,80,77,45,40,18,48,757,us_base_accident
8,59,88,30,20,17,80,76,47,42,30,54,757,japanese_breakthrough
9,59,97,30,20,17,79,77,49,44,30,57,757,none
10,58,100,30,20,19,79,77,51,46,30,60,757,none
0,60,15,30,20,20,80,78,40,35,10,30,758,initial
1,68,20,30,20,14,79,78,40,35,10,28,758,none
2,67,27,30,20,16,79,77,40,35,10,31,758,none
3,67,35,30,20,15,80,77,40,35,10,33,758,none
4,67,46,29,29,19,80,77,41,36,9,37,758,rare_unknown
5,75,45,40,29,16,79,77,41,36,9,39,758,scientific_discovery
6,82,49,40,29,13,80,77,41,36,9,38,758,none
7,89,53,40,29,10,80,77,41,36,9,37,758,none
8,95,56,40,29,10,80,77,41,36,9,37,758,none
9,98,60,40,29,7,80,76,41,36,9,36,758,none
10,98,65,40,29,1,81,76,41,36,9,34,758,none
0,60,15,30,20,20,80,78,40,35,10,30,759,initial
1,59,22,30,20,22,80,78,40,35,10,33,759,none
2,59,30,30,20,21,81,78,40,35,10,35,759,none
3,59,38,30,20,20,82,78,40,35,10,37,759,none
4,51,49,30,20,24,81,78,41,36,10,43,759,none
5,51,57,30,20,23,80,78,42,37,10,45,759,none
6,58,61,30,20,20,80,79,43,38,10,44,759,none
7,51,74,30,20,22,80,79,44,39,10,50,759,none
8,57,77,30,20,22,80,80,45,40,10,50,759,none
9,56,84,30,20,24,79,80,47,42,10,53,759,none
10,57,94,30,20,21,79,80,49,44,10,55,759,none
0,60,15,30,20,20,80,78,40,35,10,30,760,initial
1,61,25,30,20,17,79,78,40,35,10,32,760,none
2,60,32,30,20,19,79,78,40,35,10,35,760,none
3,67,35,30,20,15,79,79,40,35,10,33,760,none
4,74,39,30,20,12,79,79,39,34,10,32,760,none
5,71,49,35,20,15,80,79,39,34,22,39,760,japanese_breakthrough
6,71,58,35,20,15,80,80,39,34,22,42,760,none
7,71,67,35,20,15,80,79,39,34,22,45,760,none
8,78,71,35,20,12,80,79,39,34,22,44,760,none
9,85,75,35,20,9,81,79,39,34,22,43,760,none
10,84,82,35,20,11,81,79,39,34,22,46,760,none
0,60,15,30,20,20,80,78,40,35,10,30,761,initial
1,53,28,30,20,22,79,78,40,35,10,36,761,none
2,51,40,30,20,28,79,79,40,35,26,40,761,japanese_breakthrough
3,50,46,30,20,29,79,79,41,36,26,42,761,none
4,46,61,30,20,32,79,78,42,37,38,48,761,japanese_breakthrough
5,48,67,30,20,35,79,79,43,38,42,49,761,none
6,55,71,30,20,32,78,79,44,39,42,48,761,none
7,61,74,30,20,32,78,79,45,40,42,48,761,none
8,68,78,30,20,29,78,80,46,41,42,47,761,none
9,77,82,27,29,26,77,80,46,41,51,41,761,rare_unknown
10,84,86,27,29,23,77,79,46,41,51,40,761,none
0,60,15,30,20,20,80,78,40,35,10,30,762,initial
1,60,23,30,30,19,80,78,40,35,10,32,762,mars_breakthrough
2,69,23,41,30,13,81,78,40,35,10,33,762,scientific_discovery
3,76,27,41,30,10,81,79,39,34,10,32,762,none
4,76,36,41,30,10,81,79,38,33,10,35,762,none
5,75,46,41,30,7,81,80,38,33,10,38,762,chinese_base_accident
6,83,51,41,40,1,81,80,38,33,10,36,762,mars_breakthrough
7,83,59,41,40,0,82,80,38,33,10,38,762,none
8,90,63,41,40,0,82,79,38,33,10,37,762,none
9,90,72,41,40,0,82,79,38,33,10,40,762,none
10,89,79,41,40,2,82,79,38,33,10,43,762,none
0,60,15,30,20,20,80,78,40,35,10,30,763,initial
1,68,20,30,20,14,80,77,40,35,10,28,763,none
2,67,27,30,20,16,79,77,40,35,10,31,763,none
3,67,35,30,20,15,79,77,40,35,10,33,763,none
4,59,46,30,20,19,80,77,41,36,10,39,763,none
5,66,50,30,20,16,81,77,42,37,10,38,763,none
6,74,55,36,20,10,81,77,42,37,10,38,763,scientific_discovery
7,73,62,36,20,12,81,78,42,37,10,41,763,none
8,79,65,36,20,12,81,77,42,37,10,41,763,none
9,78,72,36,20,14,80,77,42,37,10,44,763,none
10,78,81,36,20,14,80,77,42,37,10,47,763,none
0,60,15,30,20,20,80,78,40,35,10,30,764,initial
1,53,28,30,20,22,80,78,40,35,10,36,764,none
2,61,33,30,20,16,80,77,40,35,10,34,764,none
3,53,44,30,20,20,79,76,41,36,10,40,764,none
4,52,51,30,20,22,80,76,42,37,10,43,764,none
5,58,54,30,20,22,79,76,43,38,10,43,764,none
6,58,62,30,20,21,79,75,44,39,10,45,764,none
7,64,65,30,20,21,78,76,45,40,10,45,764,none
8,71,69,30,20,18,77,77,45,40,10,44,764,none
9,71,78,30,20,18,76,76,45,40,10,47,764,none
10,71,86,30,20,17,75,76,45,40,10,49,764,none
0,60,15,30,20,20,80,78,40,35,10,30,765,initial
1,59,22,30,20,22,80,79,40,35,10,33,765,none
2,58,29,30,20,24,80,78,40,35,10,36,765,none
3,65,33,30,20,21,81,78,40,35,10,35,765,none
4,72,37,30,20,18,81,78,39,34,10,34,765,none
5,68,49,30,20,25,81,78,40,35,19,38,765,india_transport_success
6,67,56,30,20,27,81,78,41,36,19,41,765,none
7,82,60,30,20,24,81,77,37,32,19,36,765,earth_tension
8,90,65,36,20,18,82,77,37,32,19,36,765,scientific_discovery
9,89,72,41,20,24,82,77,37,32,35,41,765,japanese_breakthrough
10,91,78,41,20,31,82,77,37,32,44,42,765,india_transport_success
0,60,15,30,20,20,80,78,40,35,10,30,766,initial
1,53,28,30,20,22,80,77,40,35,10,36,766,none
2,51,37,30,20,22,80,76,40,35,10,40,766,us_base_accident
3,50,44,30,20,24,80,76,41,36,10,43,766,none
4,50,52,30,20,23,80,76,42,37,10,45,766,none
5,57,56,30,20,20,80,75,43,38,10,44,766,none
6,65,61,30,20,14,81,75,44,39,10,42,766,none
7,64,71,30,20,11,80,74,45,40,10,45,766,us_base_accident
8,71,75,30,20,8,81,73,45,40,10,44,766,none
9,72,85,30,20,5,80,73,45,40,10,46,766,none
10,79,89,30,20,2,79,72,45,40,10,45,766,none
0,60,15,30,20,20,80,78,40,35,10,30,767,initial
1,60,23,30,20,19,80,77,40,35,10,32,767,none
2,67,27,30,20,16,80,77,40,35,10,31,767,none
3,77,32,30,20,15,80,78,39,34,10,29,767,new_ice_discovery
4,77,40,30,20,14,80,77,38,33,10,31,767,none
5,84,44,30,20,11,79,77,38,33,10,30,767,none
6,91,48,30,20,8,78,78,38,33,10,29,767,none
7,98,52,30,20,5,79,79,38,33,10,28,767,none
8,98,56,30,20,2,79,79,38,33,10,27,767,none
9,98,61,30,20,0,80,78,38,33,10,25,767,none
10,98,65,30,20,0,81,78,38,33,10,24,767,none
0,60,15,30,20,20,80,78,40,35,10,30,768,initial
1,59,22,30,20,22,80,78,40,35,10,33,768,none
2,51,33,30,20,26,80,79,40,35,10,39,768,none
3,43,44,30,20,30,80,79,41,36,10,45,768,none
4,35,59,30,20,30,80,78,43,38,10,52,768,us_base_accident
5,42,63,30,20,31,79,78,45,40,15,51,768,india_transport_success
6,45,73,30,20,36,80,78,43,38,19,51,768,earth_tension
7,44,80,30,20,38,80,77,45,40,19,54,768,none
8,43,87,30,20,40,79,77,47,42,19,57,768,none
9,50,91,30,20,37,79,77,49,44,19,56,768,none
10,42,100,30,20,41,78,77,51,46,19,62,768,none
0,60,15,30,20,20,80,78,40,35,10,30,769,initial
1,52,30,30,20,20,79,78,40,35,10,37,769,us_base_accident
2,58,33,30,20,20,79,79,40,35,10,37,769,none
3,61,37,35,20,23,79,80,40,35,22,41,769,japanese_breakthrough
4,76,41,35,20,20,78,80,36,31,22,36,769,earth_tension
5,79,48,35,20,20,78,80,36,31,26,36,769,none
6,86,52,35,20,17,79,79,36,31,26,35,769,none
7,93,56,35,20,14,78,79,36,31,26,34,769,none
8,98,61,35,20,8,78,79,36,31,26,32,769,none
9,98,68,35,20,8,78,79,36,31,30,32,769,none
10,90,79,35,20,12,78,79,36,31,30,38,769,none
0,60,15,30,20,20,80,78,40,35,10,30,770,initial
1,59,22,30,20,22,80,78,40,35,10,33,770,none
2,59,30,30,20,21,81,78,40,35,10,35,770,none
3,59,38,30,20,20,81,78,40,35,10,37,770,none
4,59,47,30,20,20,81,77,41,36,10,40,770,none
5,59,49,35,20,22,82,78,42,37,10,44,770,none
6,65,52,35,20,22,81,77,43,38,10,44,770,none
7,71,55,35,20,22,80,78,43,38,10,44,770,none
8,78,59,35,20,19,80,78,43,38,10,43,770,none
9,82,64,40,20,19,80,78,43,38,22,46,770,japanese_breakthrough
10,90,69,46,20,13,80,77,43,38,22,46,770,scientific_discovery
0,60,15,30,20,20,80,78,40,35,10,30,771,initial
1,70,20,30,20,19,80,78,40,35,10,28,771,new_ice_discovery
2,73,25,30,35,16,79,77,39,34,10,28,771,mars_breakthrough
3,73,34,30,35,16,79,77,38,33,10,31,771,none
4,75,38,30,50,16,79,76,37,32,10,32,771,mars_breakthrough
5,75,40,35,50,18,79,76,36,31,10,36,771,none
6,83,45,35,50,12,79,76,36,31,10,34,771,none
7,89,48,35,50,12,79,75,36,31,10,34,771,none
8,87,57,35,50,12,79,75,36,31,10,38,771,us_base_accident
9,94,61,35,50,9,78,75,36,31,10,37,771,none
10,98,65,35,50,6,78,75,36,31,10,36,771,none
0,60,15,30,20,20,80,78,40,35,10,30,772,initial
1,60,23,30,20,19,80,78,40,35,10,32,772,none
2,60,32,30,20,19,79,78,40,35,10,35,772,none
3,59,39,30,20,21,79,78,40,35,10,38,772,none
4,66,43,36,20,18,80,78,41,36,10,39,772,scientific_discovery
5,65,50,36,20,20,80,77,42,37,10,42,772,none
6,65,58,36,20,19,79,77,43,38,10,44,772,none
7,57,69,36,20,23,79,77,44,39,10,50,772,none
8,58,79,36,20,20,78,77,46,41,10,52,772,none
9,65,83,36,20,17,78,76,48,43,10,51,772,none
10,68,88,36,35,14,78,76,50,45,10,51,772,mars_breakthrough
0,60,15,30,20,20,80,78,40,35,10,30,773,initial
1,59,22,30,20,22,80,78,40,35,10,33,773,none
2,58,29,30,20,24,81,77,40,35,10,36,773,none
3,57,36,30,20,26,81,77,40,35,10,39,773,none
4,57,44,30,20,25,81,77,41,36,10,41,773,none
5,58,54,30,20,22,81,77,42,37,10,43,773,none
6,62,59,35,20,22,80,77,43,38,22,46,773,japanese_breakthrough
7,61,66,35,20,24,81,77,44,39,22,49,773,none
8,67,69,35,20,24,80,78,45,40,22,49,773,none
9,78,69,40,20,23,79,78,45,40,22,48,773,new_ice_discovery
10,78,78,40,20,23,79,79,46,41,22,51,773,none
0,60,15,30,20,20,80,78,40,35,10,30,774,initial
1,63,22,30,20,20,80,79,40,35,14,30,774,none
2,62,29,30,20,22,80,79,40,35,14,33,774,none
3,65,36,30,20,22,80,80,40,35,18,33,774,none
4,65,44,30,20,21,80,80,41,36,18,35,774,none
5,65,53,30,20,21,81,79,42,37,18,38,774,none
6,64,60,30,20,23,80,80,43,38,18,41,774,none
7,56,71,30,20,27,79,80,44,39,18,47,774,none
8,63,75,30,20,24,79,80,45,40,18,46,774,none
9,70,79,30,20,21,79,80,46,41,18,45,774,none
10,70,88,30,20,21,79,80,47,42,18,48,774,none
0,60,15,30,20,20,80,78,40,35,10,30,775,initial
1,60,23,30,20,19,81,78,40,35,10,32,775,none
2,62,29,30,30,22,81,77,40,35,14,33,775,mars_breakthrough
3,61,36,30,30,24,81,78,40,35,14,36,775,none
4,60,43,30,30,26,81,77,41,36,14,39,775,none
5,70,48,30,30,25,81,76,42,37,14,37,775,new_ice_discovery
6,77,52,30,30,22,81,76,42,37,14,36,775,none
7,84,56,30,30,19,82,76,42,37,14,35,775,none
8,86,62,30,30,22,82,75,42,37,18,36,775,none
9,92,65,30,30,22,83,75,42,37,18,36,775,none
10,98,70,30,30,16,83,76,42,37,18,34,775,none
0,60,15,30,20,20,80,78,40,35,10,30,776,initial
1,68,20,30,20,14,81,79,40,35,10,28,776,none
2,67,27,30,20,16,80,80,40,35,10,31,776,none
3,66,34,30,20,18,80,80,40,35,10,34,776,none
4,58,45,30,20,22,80,80,41,36,10,40,776,none
5,65,49,30,20,19,81,80,42,37,10,39,776,none
6,71,52,30,20,19,81,80,42,37,10,39,776,none
7,63,63,30,30,23,81,79,43,38,10,45,776,mars_breakthrough
8,65,68,30,30,25,81,78,44,39,14,45,776,none
9,65,76,30,30,24,81,78,45,40,14,47,776,none
10,64,83,30,30,26,82,77,46,41,14,50,776,none
0,60,15,30,20,20,80,78,40,35,10,30,777,initial
1,66,18,30,20,20,79,78,40,35,10,30,777,none
2,63,28,35,20,23,79,78,40,35,22,37,777,japanese_breakthrough
3,71,33,35,20,17,79,78,39,34,22,35,777,none
4,63,44,35,20,21,79,78,40,35,22,41,777,none
5,55,59,35,20,21,80,78,41,36,22,48,777,us_base_accident
6,58,64,35,35,18,80,78,42,37,22,48,777,mars_breakthrough
7,65,68,35,35,15,81,78,43,38,22,47,777,none
8,64,75,35,35,17,80,77,44,39,22,50,777,none
9,71,79,35,35,14,80,78,44,39,22,49,777,none
10,72,89,35,35,11,80,78,45,40,22,51,777,none
0,60,15,30,20,20,80,78,40,35,10,30,778,initial
1,59,22,30,20,22,80,78,40,35,10,33,778,none
2,56,32,35,20,25,80,79,40,35,22,40,778,japanese_breakthrough
3,56,40,35,20,24,80,79,40,35,22,42,778,none
4,55,47,35,20,26,80,79,41,36,22,45,778,none
5,70,51,35,20,23,80,79,38,33,22,40,778,earth_tension
6,76,54,35,20,23,79,79,38,33,22,40,778,none
7,76,62,35,20,22,79,80,38,33,22,42,778,none
8,75,69,35,20,24,79,81,38,33,22,45,778,none
9,78,79,35,20,24,79,81,38,33,34,47,778,japanese_breakthrough
10,85,83,35,20,21,78,81,38,33,34,46,778,none
0,60,15,30,20,20,80,78,40,35,10,30,779,initial
1,76,20,30,20,14,79,78,35,30,10,24,779,earth_tension
2,67,33,30,20,16,79,77,35,30,10,31,779,us_base_accident
3,74,37,30,20,13,78,78,34,29,10,30,779,none
4,81,41,30,20,10,77,78,34,29,10,29,779,none
5,88,45,30,20,7,76,78,34,29,10,28,779,none
6,91,50,30,35,4,77,78,34,29,10,28,779,mars_breakthrough
7,91,58,30,35,3,77,78,34,29,10,30,779,none
8,98,62,30,35,0,77,79,34,29,10,29,779,none
9,98,66,30,35,0,76,80,34,29,10,28,779,none
10,98,70,30,35,0,77,80,34,29,10,27,779,none
0,60,15,30,20,20,80,78,40,35,10,30,780,initial
1,52,26,30,20,24,80,78,40,35,10,36,780,none
2,44,37,30,20,28,81,77,40,35,10,42,780,none
3,51,41,30,20,25,81,77,41,36,10,41,780,none
4,58,45,30,20,22,80,77,42,37,10,40,780,none
5,50,56,30,20,26,79,77,43,38,10,46,780,none
6,57,60,30,20,23,79,77,44,39,10,45,780,none
7,56,67,30,20,25,80,76,45,40,10,48,780,none
8,56,75,30,20,24,81,77,46,41,10,50,780,none
9,63,79,30,20,21,81,77,47,42,10,49,780,none
10,69,82,30,20,21,81,77,48,43,10,49,780,none
0,60,15,30,20,20,80,78,40,35,10,30,781,initial
1,67,19,30,20,17,80,78,40,35,10,29,781,none
2,67,28,30,20,17,80,78,40,35,10,32,781,none
3,69,37,30,20,20,80,78,40,35,22,35,781,japanese_breakthrough
4,77,42,30,20,14,80,79,40,35,22,33,781,none
5,92,46,30,20,11,80,79,36,31,22,28,781,earth_tension
6,98,50,30,20,8,79,80,36,31,22,27,781,none
7,98,54,30,20,5,79,80,36,31,22,26,781,none
8,98,61,30,20,5,78,81,36,31,26,26,781,none
9,98,68,30,20,5,78,81,36,31,30,26,781,none
10,98,71,30,20,9,79,81,36,31,35,26,781,india_transport_success
0,60,15,30,20,20,80,78,40,35,10,30,782,initial
1,68,20,30,20,14,80,78,40,35,10,28,782,none
2,68,28,30,20,13,80,79,40,35,10,30,782,none
3,68,36,30,20,12,80,80,40,35,10,32,782,none
4,67,43,30,20,14,80,79,41,36,10,35,782,none
5,59,58,30,20,14,80,79,42,37,10,42,782,chinese_base_accident
6,66,62,30,20,11,80,80,43,38,10,41,782,none
7,73,66,30,20,8,80,80,43,38,10,40,782,none
8,72,73,30,20,10,81,80,43,38,10,43,782,none
9,80,78,30,20,4,80,79,43,38,10,41,782,none
10,87,82,30,20,1,81,79,43,38,10,40,782,none
0,60,15,30,20,20,80,78,40,35,10,30,783,initial
1,59,22,30,20,22,80,79,40,35,10,33,783,none
2,58,29,30,20,24,80,79,40,35,10,36,783,none
3,65,33,30,20,21,80,80,40,35,10,35,783,none
4,64,43,30,20,23,81,81,41,36,18,40,783,japanese_breakthrough
5,56,54,30,20,27,81,82,42,37,18,46,783,none
6,63,58,30,20,24,81,82,43,38,18,45,783,none
7,57,73,30,20,24,81,81,45,40,18,51,783,none
8,58,83,30,20,25,82,81,47,42,23,53,783,india_transport_success
9,64,86,30,20,25,81,81,49,44,23,53,783,none
10,57,99,30,20,27,81,82,51,46,23,59,783,none
0,60,15,30,20,20,80,78,40,35,10,30,784,initial
1,61,25,30,20,17,80,77,40,35,10,32,784,none
2,61,33,30,20,16,79,78,40,35,10,34,784,none
3,68,36,30,20,12,79,78,40,35,10,32,784,none
4,68,44,30,20,11,80,78,41,36,10,34,784,none
5,75,48,30,20,8,80,78,41,36,10,33,784,none
6,75,56,30,20,7,81,78,41,36,10,35,784,none
7,82,60,30,30,4,81,78,41,36,10,34,784,mars_breakthrough
8,85,70,30,30,4,81,78,41,36,22,36,784,japanese_breakthrough
9,91,73,30,30,4,81,78,41,36,22,36,784,none
10,98,78,30,30,0,81,78,41,36,22,34,784,none
0,60,15,30,20,20,80,78,40,35,10,30,785,initial
1,59,22,30,20,22,80,78,40,35,10,33,785,none
2,66,26,30,20,19,80,77,40,35,10,32,785,none
3,65,33,30,20,21,80,77,40,35,10,35,785,none
4,71,36,30,20,21,80,78,39,34,10,35,785,none
5,73,45,30,20,24,80,78,39,34,22,38,785,japanese_breakthrough
6,65,60,30,20,24,79,78,40,35,22,45,785,chinese_base_accident
7,73,65,30,20,18,78,78,40,35,22,43,785,none
8,65,80,30,20,18,77,77,41,36,22,50,785,chinese_base_accident
9,57,91,30,20,22,77,77,43,38,22,56,785,none
10,68,91,35,20,21,78,77,45,40,22,55,785,new_ice_discovery
0,60,15,30,20,20,80,78,40,35,10,30,786,initial
1,68,20,30,20,14,80,78,40,35,10,28,786,none
2,68,29,30,20,14,80,78,40,35,10,31,786,none
3,75,33,30,20,11,79,78,39,34,10,30,786,none
4,72,43,35,20,14,79,79,39,34,22,37,786,japanese_breakthrough
5,82,48,35,20,13,80,79,39,34,22,35,786,new_ice_discovery
6,90,53,35,20,7,81,79,39,34,22,33,786,none
7,97,57,35,20,4,81,79,39,34,22,32,786,none
8,96,66,35,20,4,81,78,39,34,22,35,786,none
9,98,73,35,20,4,81,79,39,34,26,35,786,none
10,98,77,35,20,1,81,79,39,34,26,34,786,none
0,60,15,30,20,20,80,78,40,35,10,30,787,initial
1,67,19,30,20,17,81,78,40,35,10,29,787,none
2,74,23,30,20,14,82,78,39,34,10,28,787,none
3,70,31,35,20,19,82,78,39,34,22,35,787,japanese_breakthrough
4,77,35,35,20,16,82,78,38,33,22,34,787,none
5,86,38,35,20,17,82,79,37,32,22,32,787,new_ice_discovery
6,92,41,35,20,17,82,80,37,32,22,32,787,none
7,92,49,35,20,16,82,79,37,32,22,34,787,none
8,91,59,35,20,13,82,79,37,32,22,37,787,chinese_base_accident
9,98,63,35,30,10,83,79,37,32,22,36,787,mars_breakthrough
10,97,70,35,30,12,83,78,37,32,22,39,787,none
0,60,15,30,20,20,80,78,40,35,10,30,788,initial
1,60,23,30,30,19,79,78,40,35,10,32,788,mars_breakthrough
2,52,34,30,30,23,79,78,40,35,10,38,788,none
3,54,40,30,30,30,79,77,40,35,19,39,788,india_transport_success
4,53,47,30,30,32,79,76,41,36,19,42,788,none
5,54,57,30,30,29,79,76,42,37,19,44,788,none
6,53,64,30,30,31,80,77,43,38,19,47,788,none
7,53,72,30,30,30,79,77,44,39,19,49,788,none
8,53,80,30,30,29,80,78,46,41,19,51,788,none
9,53,89,30,30,33,80,78,48,43,24,54,788,india_transport_success
10,53,98,30,30,33,79,78,50,45,24,57,788,none
0,60,15,30,20,20,80,78,40,35,10,30,789,initial
1,52,26,30,20,24,79,78,40,35,10,36,789,none
2,60,31,30,20,18,79,78,40,35,10,34,789,none
3,60,40,30,20,18,80,77,40,35,10,37,789,none
4,60,48,30,20,17,80,78,41,36,10,39,789,none
5,67,52,30,20,14,81,78,42,37,10,38,789,none
6,68,62,30,20,11,82,78,43,38,10,40,789,none
7,74,65,30,20,11,82,78,43,38,10,40,789,none
8,75,72,30,20,11,82,78,43,38,14,41,789,us_base_accident
9,75,81,30,20,11,82,77,43,38,14,44,789,none
10,76,91,30,20,8,81,77,43,38,14,46,789,none
0,60,15,30,20,20,80,78,40,35,10,30,790,initial
1,60,23,30,20,19,80,79,40,35,10,32,790,none
2,64,28,35,20,19,80,80,40,35,22,35,790,japanese_breakthrough
3,71,32,35,20,16,81,80,39,34,22,34,790,none
4,70,39,35,20,18,81,81,39,34,22,37,790,none
5,69,46,35,20,20,81,82,40,35,22,40,790,none
6,76,50,35,20,17,81,82,40,35,22,39,790,none
7,84,52,35,20,21,81,82,40,35,22,38,790,new_ice_discovery
8,76,63,35,20,25,81,82,40,35,22,44,790,none
9,83,67,41,20,22,82,83,40,35,22,45,790,scientific_discovery
10,91,72,41,20,16,82,82,40,35,22,43,790,none
0,60,15,30,20,20,80,78,40,35,10,30,791,initial
1,55,25,30,20,25,80,78,40,35,14,34,791,none
2,47,36,30,20,29,80,79,40,35,14,40,791,none
3,47,45,30,20,29,81,79,41,36,14,43,791,none
4,47,53,30,20,28,81,79,42,37,14,45,791,none
5,48,56,41,20,27,82,78,43,38,14,50,791,scientific_discovery
6,55,60,41,20,24,82,78,44,39,14,49,791,none
7,55,69,41,20,24,82,78,46,41,14,52,791,none
8,61,71,41,20,23,82,77,48,43,14,51,791,none
9,64,78,41,20,23,82,77,50,45,18,51,791,none
10,72,83,41,20,17,81,77,50,45,18,49,791,none
0,60,15,30,20,20,80,78,40,35,10,30,792,initial
1,52,26,30,20,24,81,78,40,35,10,36,792,none
2,60,31,30,20,18,82,77,40,35,10,34,792,none
3,59,38,30,20,20,81,77,40,35,10,37,792,none
4,51,49,30,20,24,81,77,41,36,10,43,792,none
5,57,52,30,20,24,81,76,42,37,10,43,792,none
6,63,55,30,20,24,82,76,43,38,10,43,792,none
7,71,54,35,20,21,82,76,43,38,10,43,792,none
8,78,58,35,20,18,83,75,43,38,10,42,792,none
9,77,65,35,20,20,83,76,43,38,10,45,792,none
10,77,74,41,20,20,83,77,43,38,10,50,792,scientific_discovery
0,60,15,30,20,20,80,78,40,35,10,30,793,initial
1,59,22,30,20,22,80,77,40,35,10,33,793,none
2,65,25,30,20,22,80,76,40,35,10,33,793,none
3,68,32,30,20,22,80,76,40,35,14,33,793,none
4,76,37,30,20,16,80,77,39,34,14,31,793,none
5,83,41,30,20,13,79,77,39,34,14,30,793,none
6,91,50,30,20,13,79,76,35,30,14,29,793,earth_tension
7,93,56,30,20,16,78,76,35,30,18,30,793,none
8,92,63,30,20,18,78,77,35,30,18,33,793,none
9,92,71,30,20,17,78,76,35,30,18,35,793,none
10,98,76,36,20,11,78,76,35,30,18,35,793,scientific_discovery
0,60,15,30,20,20,80,78,40,35,10,30,794,initial
1,67,18,30,20,16,79,78,40,35,10,28,794,none
2,82,22,30,20,13,80,78,35,30,10,23,794,earth_tension
3,75,35,30,20,15,80,78,34,29,10,29,794,none
4,84,35,41,20,9,79,78,33,28,10,30,794,scientific_discovery
5,92,40,41,20,3,79,78,32,27,10,28,794,none
6,98,44,41,20,0,80,78,32,27,10,27,794,none
7,98,48,41,20,0,80,77,32,27,10,26,794,none
8,98,52,41,20,0,80,77,32,27,10,25,794,none
9,96,62,41,20,0,79,77,32,27,10,27,794,none
10,98,66,41,20,0,80,77,32,27,10,26,794,none
0,60,15,30,20,20,80,78,40,35,10,30,795,initial
1,58,24,30,20,20,79,77,40,35,10,34,795,us_base_accident
2,57,31,30,20,22,78,78,40,35,10,37,795,none
3,58,41,30,20,19,78,78,41,36,10,39,795,none
4,58,49,30,20,18,77,78,42,37,10,41,795,none
5,65,52,30,20,14,76,77,43,38,10,39,795,none
6,71,55,30,20,14,76,77,43,38,10,39,795,none
7,72,57,30,35,16,76,77,43,38,10,40,795,mars_breakthrough
8,64,68,30,35,20,76,76,44,39,10,46,795,none
9,64,76,30,35,19,76,76,45,40,10,48,795,none
10,62,81,30,35,23,77,75,47,42,10,51,795,none
0,60,15,30,20,20,80,78,40,35,10,30,796,initial
1,66,18,30,20,20,81,77,40,35,10,30,796,none
2,69,25,30,20,20,81,77,40,35,14,30,796,none
3,61,36,30,20,24,81,77,40,35,14,36,796,none
4,54,49,30,20,26,81,77,41,36,14,42,796,none
5,60,52,30,20,26,81,78,42,37,14,42,796,none
6,66,55,30,20,26,82,78,43,38,14,42,796,none
7,74,60,36,20,20,82,78,43,38,14,42,796,scientific_discovery
8,80,63,36,20,20,83,77,43,38,14,42,796,none
9,87,67,36,20,17,83,77,43,38,14,41,796,none
10,80,80,36,20,19,83,77,43,38,14,47,796,none
0,60,15,30,20,20,80,78,40,35,10,30,797,initial
1,54,23,30,20,27,79,79,40,35,14,34,797,none
2,50,35,30,20,34,79,79,40,35,23,38,797,india_transport_success
3,58,40,36,20,28,79,79,40,35,23,38,797,scientific_discovery
4,57,47,36,20,30,79,78,41,36,23,41,797,none
5,49,58,36,20,34,80,78,42,37,23,47,797,none
6,52,63,36,35,31,81,78,43,38,23,47,797,mars_breakthrough
7,44,78,36,35,31,81,78,45,40,23,54,797,chinese_base_accident
8,51,82,36,35,28,81,78,47,42,23,53,797,none
9,49,91,36,35,28,81,78,49,44,23,57,797,chinese_base_accident
10,41,100,36,35,32,80,78,51,46,23,63,797,none
0,60,15,30,20,20,80,78,40,35,10,30,798,initial
1,52,26,30,20,24,79,78,40,35,10,36,798,none
2,47,36,30,20,29,79,78,40,35,14,40,798,none
3,47,45,30,20,29,78,78,41,36,14,43,798,none
4,46,52,30,20,31,78,78,42,37,14,46,798,none
5,45,59,30,20,33,77,78,43,38,14,49,798,none
6,45,67,30,20,32,76,79,45,40,14,51,798,none
7,52,71,30,20,29,76,79,46,41,14,50,798,none
8,45,84,30,20,31,76,80,48,43,14,56,798,none
9,52,88,30,20,28,76,79,50,45,14,55,798,none
10,47,98,30,20,33,76,78,52,47,18,59,798,none
0,60,15,30,20,20,80,78,40,35,10,30,799,initial
1,68,20,30,20,14,81,78,40,35,10,28,799,none
2,75,24,30,20,11,82,78,39,34,10,27,799,none
3,82,28,30,20,8,82,77,38,33,10,26,799,none
4,87,29,30,20,10,82,76,37,32,10,26,799,none
5,95,38,30,20,10,82,76,32,27,10,25,799,earth_tension
6,98,41,30,20,10,82,77,32,27,10,25,799,none
7,98,44,30,20,10,82,77,32,27,10,25,799,none
8,98,48,30,20,7,82,76,32,27,10,24,799,none
9,98,52,30,20,4,82,76,32,27,10,23,799,none
10,98,56,30,20,1,82,75,32,27,10,22,799,none
0,60,15,30,20,20,80,78,40,35,10,30,800,initial
1,63,25,34,18,17,79,79,40,35,19,29,800,rare_unknown
2,63,33,34,18,16,78,78,40,35,19,31,800,none
3,58,43,34,18,21,78,78,41,36,23,35,800,none
4,65,47,34,18,18,78,79,42,37,23,34,800,none
5,73,52,34,18,12,77,79,42,37,23,32,800,none
6,80,56,34,18,9,76,79,42,37,23,31,800,none
7,79,63,34,18,11,76,79,42,37,23,34,800,none
8,72,69,39,18,15,76,78,42,37,23,41,800,none
9,71,76,39,18,17,76,77,42,37,23,44,800,none
10,78,80,39,18,14,75,78,42,37,23,43,800,none
0,60,15,30,20,20,80,78,40,35,10,30,801,initial
1,60,23,30,20,19,80,78,40,35,10,32,801,none
2,67,27,30,20,16,80,79,40,35,10,31,801,none
3,67,35,30,20,15,81,79,40,35,10,33,801,none
4,73,38,30,20,15,81,80,39,34,10,33,801,none
5,66,51,30,20,17,81,80,40,35,10,39,801,none
6,66,59,30,20,16,81,80,41,36,10,41,801,none
7,73,63,30,20,13,81,80,41,36,10,40,801,none
8,73,71,30,20,12,81,81,41,36,10,42,801,none
9,73,80,30,20,12,82,82,41,36,10,45,801,none
10,72,87,30,20,14,82,82,41,36,10,48,801,none
0,60,15,30,20,20,80,78,40,35,10,30,802,initial
1,60,23,30,20,19,79,78,40,35,10,32,802,none
2,52,34,30,20,23,78,78,40,35,10,38,802,none
3,60,39,30,20,17,77,77,40,35,10,36,802,none
4,68,44,30,20,11,78,78,41,36,10,34,802,none
5,75,48,30,20,8,78,78,41,36,10,33,802,none
6,67,63,30,20,8,79,78,42,37,10,40,802,chinese_base_accident
7,59,78,30,20,8,79,77,43,38,10,47,802,chinese_base_accident
8,51,89,30,20,12,79,77,45,40,10,53,802,none
9,50,96,30,20,14,80,77,47,42,10,56,802,none
10,49,100,30,20,16,79,77,49,44,10,59,802,none
0,60,15,30,20,20,80,78,40,35,10,30,803,initial
1,59,22,30,20,22,81,78,40,35,10,33,803,none
2,60,32,30,20,19,81,78,40,35,10,35,803,none
3,52,43,30,20,23,82,78,41,36,10,41,803,none
4,59,47,30,20,20,83,79,42,37,10,40,803,none
5,66,51,30,20,17,83,79,43,38,10,39,803,none
6,75,54,30,20,18,83,79,43,38,10,37,803,new_ice_discovery
7,83,59,30,20,12,84,78,43,38,10,35,803,none
8,82,66,30,20,14,85,78,43,38,10,38,803,none
9,87,73,30,20,19,85,77,43,38,14,38,803,new_ice_discovery
10,94,77,30,20,16,86,78,43,38,14,37,803,none
0,60,15,30,20,20,80,78,40,35,10,30,804,initial
1,62,21,30,20,27,81,77,40,35,19,31,804,india_transport_success
2,58,33,30,20,30,81,77,40,35,23,35,804,none
3,65,37,30,20,27,80,77,40,35,23,34,804,none
4,65,46,30,20,27,80,77,41,36,23,37,804,none
5,72,50,30,20,24,79,76,41,36,23,36,804,none
6,78,53,30,20,24,79,77,41,36,23,36,804,none
7,77,60,30,20,26,79,77,41,36,23,39,804,none
8,85,65,30,20,20,79,77,41,36,23,37,804,none
9,93,70,30,20,14,79,77,41,36,23,35,804,none
10,96,77,30,20,14,79,78,41,36,27,35,804,none
0,60,15,30,20,20,80,78,40,35,10,30,805,initial
1,61,21,30,20,26,81,78,40,35,10,32,805,new_ice_discovery
2,62,31,30,27,23,81,77,40,35,19,36,805,rare_unknown
3,62,39,30,27,22,82,78,40,35,19,38,805,none
4,65,46,30,27,22,82,77,41,36,23,38,805,none
5,66,56,30,27,19,83,77,42,37,23,40,805,none
6,73,60,30,27,16,83,77,42,37,23,39,805,none
7,79,63,30,37,16,83,77,42,37,23,39,805,mars_breakthrough
8,86,67,30,37,13,83,77,42,37,23,38,805,none
9,92,70,30,37,13,84,76,42,37,23,38,805,none
10,91,77,30,37,15,84,77,42,37,23,41,805,none
0,60,15,30,20,20,80,78,40,35,10,30,806,initial
1,60,23,30,20,19,79,78,40,35,10,32,806,none
2,59,30,30,20,21,80,78,40,35,10,35,806,none
3,58,37,30,20,23,80,78,40,35,10,38,806,none
4,50,52,30,20,23,80,79,41,36,10,45,806,chinese_base_accident
5,42,67,30,20,23,80,79,43,38,10,52,806,chinese_base_accident
6,42,75,30,20,22,80,80,45,40,10,54,806,none
7,34,90,30,20,22,81,81,47,42,10,61,806,chinese_base_accident
8,34,99,30,20,22,81,81,49,44,10,64,806,none
9,34,100,30,20,21,81,81,51,46,10,66,806,none
10,33,100,30,20,23,81,81,53,48,10,69,806,none
0,60,15,30,20,20,80,78,40,35,10,30,807,initial
1,53,28,30,20,22,79,77,40,35,10,36,807,none
2,61,33,30,20,16,79,77,40,35,10,34,807,none
3,61,42,30,20,16,80,77,41,36,10,37,807,none
4,69,47,36,20,10,80,76,42,37,10,37,807,scientific_discovery
5,79,46,41,20,12,81,75,42,37,10,37,807,new_ice_discovery
6,85,49,41,20,12,81,75,42,37,10,37,807,none
7,91,52,41,20,12,81,75,42,37,10,37,807,none
8,98,56,41,20,9,81,75,42,37,10,36,807,none
9,98,63,41,20,9,81,76,42,37,14,36,807,none
10,98,69,41,20,16,81,76,42,37,23,37,807,india_transport_success
0,60,15,30,20,20,80,78,40,35,10,30,808,initial
1,52,26,30,20,24,80,78,40,35,10,36,808,none
2,51,32,30,20,25,81,79,40,35,10,38,808,none
3,58,36,30,20,22,82,79,40,35,10,37,808,none
4,59,46,30,20,19,82,79,41,36,10,39,808,none
5,73,49,30,20,19,82,79,37,32,10,35,808,earth_tension
6,73,57,30,20,18,81,78,37,32,10,37,808,none
7,72,64,30,20,20,81,78,37,32,10,40,808,none
8,80,69,30,20,14,80,79,37,32,10,38,808,none
9,87,73,30,20,11,80,78,37,32,10,37,808,none
10,94,77,36,20,8,80,79,37,32,10,38,808,scientific_discovery
0,60,15,30,20,20,80,78,40,35,10,30,809,initial
1,67,19,30,20,17,81,78,40,35,10,29,809,none
2,59,30,30,20,21,80,78,40,35,10,35,809,none
3,67,35,30,30,15,79,78,40,35,10,33,809,mars_breakthrough
4,70,39,34,32,12,79,77,40,35,15,35,809,rare_unknown
5,76,42,34,32,12,78,77,40,35,15,35,809,none
6,84,47,34,32,6,79,77,40,35,15,33,809,none
7,84,55,34,32,5,79,78,40,35,15,35,809,none
8,92,57,34,32,9,80,78,40,35,15,34,809,new_ice_discovery
9,92,66,34,32,9,79,78,40,35,15,37,809,none
10,98,70,34,32,6,79,79,40,35,15,36,809,none
0,60,15,30,20,20,80,78,40,35,10,30,810,initial
1,52,30,30,20,20,80,77,40,35,10,37,810,us_base_accident
2,58,33,30,20,20,80,78,40,35,10,37,810,none
3,58,41,30,20,19,80,77,41,36,10,39,810,none
4,57,48,30,20,21,81,76,42,37,10,42,810,none
5,58,58,30,20,18,81,76,43,38,10,44,810,none
6,57,65,30,20,20,80,75,44,39,10,47,810,none
7,57,74,30,20,20,80,75,45,40,10,50,810,none
8,64,78,30,20,17,80,74,46,41,10,49,810,none
9,56,89,30,20,21,80,74,48,43,10,55,810,none
10,48,100,30,20,25,79,74,50,45,10,61,810,none
0,60,15,30,20,20,80,78,40,35,10,30,811,initial
1,61,25,30,20,21,79,77,40,35,15,32,811,india_transport_success
2,61,34,30,20,21,79,77,40,35,15,35,811,none
3,62,44,30,20,18,80,78,41,36,15,37,811,none
4,61,51,30,20,20,79,78,42,37,15,40,811,none
5,67,54,30,20,24,78,78,43,38,20,40,811,india_transport_success
6,74,58,30,20,21,78,78,43,38,20,39,811,none
7,81,62,30,20,18,77,78,43,38,20,38,811,none
8,95,65,30,20,18,78,78,39,34,20,34,811,earth_tension
9,97,71,30,20,21,78,78,39,34,24,35,811,none
10,89,86,30,20,21,78,78,39,34,24,42,811,chinese_base_accident
0,60,15,30,20,20,80,78,40,35,10,30,812,initial
1,55,25,30,20,25,80,78,40,35,14,34,812,none
2,63,30,36,20,19,81,79,40,35,14,34,812,scientific_discovery
3,69,33,36,20,19,81,80,40,35,14,34,812,none
4,75,36,36,20,19,80,79,39,34,14,34,812,none
5,75,44,36,20,18,81,79,39,34,14,36,812,none
6,83,49,36,20,12,80,79,39,34,14,34,812,none
7,86,59,36,20,14,81,79,39,34,14,36,812,new_ice_discovery
8,89,63,41,20,17,81,78,39,34,26,40,812,japanese_breakthrough
9,89,71,41,20,16,81,79,39,34,26,42,812,none
10,96,75,41,20,13,80,80,39,34,26,41,812,none
0,60,15,30,20,20,80,78,40,35,10,30,813,initial
1,67,19,30,20,17,79,77,40,35,10,29,813,none
2,74,23,30,20,14,79,78,39,34,10,28,813,none
3,81,27,30,20,11,80,78,38,33,10,27,813,none
4,80,34,30,20,13,80,77,37,32,10,30,813,none
5,84,37,30,20,13,80,77,36,31,10,31,813,us_base_accident
6,83,44,30,20,15,80,77,36,31,10,34,813,none
7,93,49,30,20,14,81,77,36,31,10,32,813,new_ice_discovery
8,93,57,30,20,13,81,77,36,31,10,34,813,none
9,98,60,30,20,13,80,77,36,31,10,34,813,none
10,98,68,30,20,12,80,77,36,31,10,36,813,none
0,60,15,30,20,20,80,78,40,35,10,30,814,initial
1,61,25,30,20,17,81,78,40,35,10,32,814,none
2,61,34,30,20,17,82,79,40,35,10,35,814,none
3,67,37,30,20,17,81,79,40,35,10,35,814,none
4,60,50,30,20,19,82,79,41,36,10,41,814,none
5,67,54,30,20,16,82,78,42,37,10,40,814,none
6,67,63,30,20,16,82,77,43,38,10,43,814,none
7,67,71,30,20,15,83,77,44,39,10,45,814,none
8,75,70,41,20,12,83,77,44,39,10,47,814,scientific_discovery
9,71,82,41,20,15,83,77,45,40,14,51,814,none
10,70,89,41,20,17,83,77,47,42,14,54,814,none
0,60,15,30,20,20,80,78,40,35,10,30,815,initial
1,59,22,30,20,22,80,78,40,35,10,33,815,none
2,67,27,30,20,16,80,78,40,35,10,31,815,none
3,67,35,30,20,15,79,79,40,35,10,33,815,none
4,66,42,30,20,17,79,80,41,36,10,36,815,none
5,75,42,41,20,11,79,80,41,36,10,37,815,scientific_discovery
6,76,52,41,20,8,79,79,41,36,10,39,815,none
7,77,62,41,20,5,79,79,41,36,10,41,815,none
8,76,69,41,20,7,80,78,41,36,10,44,815,none
9,83,73,41,20,4,79,78,41,36,10,43,815,none
10,82,80,41,20,6,80,79,41,36,10,46,815,none
0,60,15,30,20,20,80,78,40,35,10,30,816,initial
1,58,24,30,20,20,80,77,40,35,10,34,816,chinese_base_accident
2,50,35,30,20,24,80,77,40,35,10,40,816,none
3,50,43,30,20,23,80,77,41,36,10,42,816,none
4,57,47,30,20,20,80,78,42,37,10,41,816,none
5,63,50,30,20,20,80,78,43,38,10,41,816,none
6,63,58,30,20,19,81,78,44,39,10,43,816,none
7,62,65,30,20,21,82,79,45,40,10,46,816,none
8,65,72,30,20,25,82,79,46,41,19,46,816,india_transport_success
9,64,79,30,20,27,82,79,47,42,19,49,816,none
10,60,91,30,20,34,83,79,49,44,28,53,816,india_transport_success
0,60,15,30,20,20,80,78,40,35,10,30,817,initial
1,67,19,30,20,17,81,78,40,35,10,29,817,none
2,59,30,30,20,21,82,78,40,35,10,35,817,none
3,58,37,30,20,23,81,78,40,35,10,38,817,none
4,61,44,30,20,23,81,78,41,36,14,38,817,none
5,56,54,30,20,28,81,78,42,37,18,42,817,none
6,64,59,30,20,22,81,78,43,38,18,40,817,none
7,71,63,30,30,19,81,78,43,38,18,39,817,mars_breakthrough
8,79,68,30,30,13,80,79,43,38,18,37,817,none
9,73,80,30,30,16,80,79,43,38,22,42,817,us_base_accident
10,79,83,30,30,16,79,79,43,38,22,42,817,none
0,60,15,30,20,20,80,78,40,35,10,30,818,initial
1,61,19,35,20,20,80,78,40,35,10,34,818,none
2,55,31,35,20,23,80,78,40,35,14,39,818,us_base_accident
3,55,39,35,20,22,79,78,40,35,14,41,818,none
4,70,43,35,20,19,78,77,37,32,14,36,818,earth_tension
5,77,47,35,20,16,77,76,37,32,14,35,818,none
6,84,51,35,20,13,77,77,37,32,14,34,818,none
7,84,59,35,20,12,77,77,37,32,14,36,818,none
8,91,63,35,20,9,76,77,37,32,14,35,818,none
9,91,71,35,20,8,76,77,37,32,14,37,818,none
10,98,75,35,20,5,76,76,37,32,14,36,818,none
0,60,15,30,20,20,80,78,40,35,10,30,819,initial
1,61,25,30,20,17,79,78,40,35,10,32,819,none
2,60,31,30,20,18,79,78,40,35,10,34,819,none
3,58,40,30,20,28,79,77,40,35,23,36,819,india_transport_success
4,57,47,30,20,30,79,77,41,36,23,39,819,none
5,58,57,30,20,27,80,77,42,37,23,41,819,none
6,65,61,30,20,24,80,76,43,38,23,40,819,none
7,73,66,30,20,18,79,76,43,38,23,38,819,none
8,87,69,27,25,18,80,77,43,38,20,39,819,rare_unknown
9,98,73,27,25,15,80,76,39,34,20,34,819,earth_tension
10,98,77,27,35,15,81,76,39,34,20,35,819,mars_breakthrough
0,60,15,30,20,20,80,78,40,35,10,30,820,initial
1,60,24,30,20,20,80,79,40,35,10,33,820,none
2,66,27,30,20,20,80,80,40,35,10,33,820,none
3,74,32,30,20,14,81,81,39,34,10,31,820,none
4,73,39,30,20,16,81,82,38,33,10,34,820,none
5,81,44,36,20,10,81,82,38,33,10,34,820,scientific_discovery
6,89,49,36,20,4,81,82,38,33,10,32,820,none
7,89,57,36,20,3,81,82,38,33,10,34,820,none
8,95,60,36,20,3,81,82,38,33,10,34,820,none
9,98,64,36,20,0,80,83,38,33,10,33,820,none
10,98,69,36,20,0,79,83,38,33,10,31,820,none
0,60,15,30,20,20,80,78,40,35,10,30,821,initial
1,68,20,36,20,14,80,77,40,35,10,30,821,scientific_discovery
2,70,26,36,20,17,80,77,40,35,14,31,821,none
3,78,31,36,30,11,81,76,39,34,14,29,821,mars_breakthrough
4,85,35,36,30,8,82,76,38,33,14,28,821,none
5,84,42,36,30,10,82,76,38,33,14,31,821,none
6,87,46,41,30,13,83,75,38,33,26,35,821,japanese_breakthrough
7,86,53,41,30,15,83,76,38,33,26,38,821,none
8,90,56,41,30,15,83,75,38,33,26,39,821,us_base_accident
9,97,60,41,30,12,82,74,38,33,26,38,821,none
10,98,64,41,30,9,82,73,38,33,26,37,821,none
0,60,15,30,20,20,80,78,40,35,10,30,822,initial
1,59,22,30,20,22,80,77,40,35,10,33,822,none
2,58,28,30,20,23,80,77,40,35,10,35,822,none
3,50,43,30,20,23,80,77,41,36,10,42,822,chinese_base_accident
4,50,52,30,20,23,79,78,42,37,10,45,822,none
5,49,58,30,20,24,78,78,43,38,10,47,822,none
6,57,63,30,20,18,78,78,44,39,10,45,822,none
7,64,67,30,20,19,78,78,45,40,15,44,822,india_transport_success
8,64,76,30,20,19,78,78,46,41,15,47,822,none
9,79,80,32,19,16,78,78,46,41,11,39,822,rare_unknown
10,86,84,32,19,13,78,78,46,41,11,38,822,none
0,60,15,30,20,20,80,78,40,35,10,30,823,initial
1,60,24,30,20,20,80,78,40,35,10,33,823,none
2,60,33,30,20,20,80,79,40,35,10,36,823,none
3,67,37,30,20,17,80,79,40,35,10,35,823,none
4,60,50,30,20,19,80,79,41,36,10,41,823,none
5,52,61,30,20,23,80,79,42,37,10,47,823,none
6,55,68,30,20,27,80,78,43,38,19,47,823,india_transport_success
7,47,79,30,20,31,80,77,45,40,19,53,823,none
8,39,94,30,20,31,80,77,47,42,19,60,823,chinese_base_accident
9,38,100,30,20,33,80,77,49,44,19,63,823,none
10,38,100,30,20,32,79,78,51,46,19,65,823,none
0,60,15,30,20,20,80,78,40,35,10,30,824,initial
1,68,20,30,20,14,79,78,40,35,10,28,824,none
2,69,30,30,20,11,78,78,40,35,10,30,824,none
3,61,41,30,20,15,78,79,41,36,10,36,824,none
4,70,44,30,20,16,78,79,42,37,10,34,824,new_ice_discovery
5,69,51,30,20,18,79,80,43,38,10,37,824,none
6,71,54,30,35,17,79,80,43,38,10,37,824,mars_breakthrough
7,76,57,34,45,17,78,81,43,38,5,44,824,rare_unknown
8,76,65,34,45,16,78,81,43,38,5,46,824,none
9,84,70,34,45,10,79,80,43,38,5,44,824,none
10,83,80,34,45,7,79,80,43,38,5,47,824,us_base_accident
0,60,15,30,20,20,80,78,40,35,10,30,825,initial
1,55,25,30,20,25,80,79,40,35,14,34,825,none
2,62,29,30,20,22,79,79,40,35,14,33,825,none
3,69,33,30,30,19,79,79,40,35,14,32,825,mars_breakthrough
4,60,42,30,30,25,79,79,41,36,14,38,825,none
5,67,46,30,30,22,79,79,42,37,14,37,825,none
6,67,54,30,30,21,79,80,43,38,14,39,825,none
7,77,60,38,32,24,79,81,43,38,19,35,825,rare_unknown
8,76,67,38,32,26,78,80,43,38,19,38,825,none
9,77,70,43,32,25,79,79,43,38,19,41,825,none
10,77,79,43,32,25,80,78,43,38,19,44,825,none
0,60,15,30,20,20,80,78,40,35,10,30,826,initial
1,62,14,46,20,20,79,79,40,35,10,37,826,scientific_discovery
2,54,25,46,20,24,79,78,40,35,10,43,826,none
3,65,32,46,20,24,79,78,36,31,14,39,826,earth_tension
4,72,36,46,20,21,79,79,35,30,14,38,826,none
5,71,43,46,20,23,78,79,35,30,14,41,826,none
6,63,58,46,20,23,79,80,36,31,14,48,826,chinese_base_accident
7,62,65,46,20,25,80,79,38,33,14,51,826,none
8,71,65,57,20,19,79,79,39,34,14,52,826,scientific_discovery
9,78,69,57,20,16,78,80,40,35,14,51,826,none
10,78,78,57,20,16,78,80,41,36,14,54,826,none
0,60,15,30,20,20,80,78,40,35,10,30,827,initial
1,60,23,30,20,19,80,79,40,35,10,32,827,none
2,60,31,30,20,18,80,79,40,35,10,34,827,none
3,66,33,30,20,17,80,80,40,35,10,33,827,none
4,65,40,30,20,19,80,81,40,35,10,36,827,none
5,59,52,30,20,22,80,81,41,36,14,41,827,us_base_accident
6,52,65,30,20,24,80,81,42,37,14,47,827,none
7,51,72,30,20,26,80,81,43,38,14,50,827,none
8,57,75,30,20,26,80,81,44,39,14,50,827,none
9,58,85,30,20,23,80,81,46,41,14,52,827,none
10,64,87,36,20,22,81,81,48,43,14,53,827,scientific_discovery
0,60,15,30,20,20,80,78,40,35,10,30,828,initial
1,54,30,30,20,20,79,78,40,35,10,36,828,none
2,55,40,30,20,17,79,79,40,35,10,38,828,none
3,55,49,30,20,17,80,79,41,36,10,41,828,none
4,54,56,30,20,19,80,79,42,37,10,44,828,none
5,61,60,30,20,16,80,79,43,38,10,43,828,none
6,64,67,30,20,16,80,79,44,39,14,43,828,none
7,65,73,30,20,22,79,78,45,40,14,45,828,new_ice_discovery
8,72,77,30,20,19,79,79,45,40,14,44,828,none
9,79,81,30,20,16,79,79,45,40,14,43,828,none
10,80,91,30,20,13,79,79,45,40,14,45,828,none
0,60,15,30,20,20,80,78,40,35,10,30,829,initial
1,59,22,30,20,22,81,78,40,35,10,33,829,none
2,67,27,30,20,16,80,78,40,35,10,31,829,none
3,67,36,30,20,16,80,78,40,35,10,34,829,none
4,66,43,30,20,18,80,78,41,36,10,37,829,none
5,58,54,30,20,22,81,79,42,37,10,43,829,none
6,58,62,30,20,21,81,79,43,38,10,45,829,none
7,51,75,30,20,23,81,79,45,40,10,51,829,none
8,50,82,30,20,25,81,80,47,42,10,54,829,none
9,49,92,30,20,22,80,81,49,44,10,57,829,chinese_base_accident
10,41,100,30,20,26,81,81,51,46,10,63,829,none
0,60,15,30,20,20,80,78,40,35,10,30,830,initial
1,52,26,30,20,24,81,78,40,35,10,36,830,none
2,59,30,30,20,21,81,78,40,35,10,35,830,none
3,59,39,30,20,21,81,77,40,35,10,38,830,none
4,65,41,30,20,20,81,77,41,36,10,37,830,none
5,71,44,30,20,20,82,78,41,36,10,37,830,none
6,66,54,30,20,25,82,78,42,37,14,41,830,none
7,73,58,30,20,22,82,77,42,37,14,40,830,none
8,73,66,30,20,21,83,76,42,37,14,42,830,none
9,72,73,30,20,23,82,76,42,37,14,45,830,none
10,75,78,30,20,20,82,76,42,37,14,45,830,none
0,60,15,30,20,20,80,78,40,35,10,30,831,initial
1,67,19,30,20,17,80,78,40,35,10,29,831,none
2,74,23,30,20,14,79,78,39,34,10,28,831,none
3,73,29,30,20,15,80,78,38,33,10,30,831,none
4,74,39,30,20,12,80,78,37,32,10,32,831,none
5,69,49,30,20,17,80,78,38,33,14,36,831,none
6,69,57,30,20,16,79,79,39,34,14,38,831,none
7,77,62,30,20,10,79,79,39,34,14,36,831,none
8,83,64,30,20,9,79,78,39,34,14,35,831,none
9,86,71,30,20,9,79,78,39,34,18,35,831,none
10,85,78,30,20,11,79,77,39,34,18,38,831,none
0,60,15,30,20,20,80,78,40,35,10,30,832,initial
1,59,22,30,20,22,80,79,40,35,10,33,832,none
2,67,27,36,20,16,80,79,40,35,10,33,832,scientific_discovery
3,67,35,36,20,15,80,79,40,35,10,35,832,none
4,59,46,36,20,19,80,79,41,36,10,41,832,none
5,51,57,36,20,23,81,79,42,37,10,47,832,none
6,38,68,37,18,27,81,79,43,38,10,47,832,rare_unknown
7,41,73,42,21,31,81,79,45,40,6,57,832,rare_unknown
8,48,77,42,21,28,82,78,47,42,6,56,832,none
9,48,86,42,21,28,81,78,49,44,6,59,832,none
10,49,89,53,21,27,81,79,51,46,6,64,832,scientific_discovery
0,60,15,30,20,20,80,78,40,35,10,30,833,initial
1,52,26,30,20,24,81,77,40,35,10,36,833,none
2,52,34,30,20,23,81,78,40,35,10,38,833,none
3,52,42,30,20,22,81,78,41,36,10,40,833,none
4,53,52,30,20,19,81,79,42,37,10,42,833,none
5,49,64,30,20,26,81,80,43,38,19,46,833,india_transport_success
6,56,68,30,20,23,81,79,44,39,19,45,833,none
7,56,76,30,20,22,81,79,45,40,19,47,833,none
8,56,85,30,20,22,81,80,46,41,19,50,833,none
9,49,98,30,20,24,80,80,48,43,19,56,833,none
10,41,100,30,20,28,80,80,50,45,19,62,833,none
0,60,15,30,20,20,80,78,40,35,10,30,834,initial
1,61,19,35,20,20,81,79,40,35,10,34,834,none
2,60,26,35,20,22,80,79,40,35,10,37,834,none
3,60,34,35,20,21,81,79,40,35,10,39,834,none
4,60,42,35,20,20,81,78,41,36,10,41,834,none
5,68,47,35,20,14,80,78,42,37,10,39,834,none
6,68,55,35,20,13,80,79,43,38,10,41,834,none
7,75,59,35,20,10,80,79,43,38,10,40,834,none
8,83,64,35,20,4,79,79,43,38,10,38,834,none
9,83,73,35,20,4,79,78,43,38,10,41,834,none
10,83,82,35,20,4,79,77,43,38,10,44,834,none
0,60,15,30,20,20,80,78,40,35,10,30,835,initial
1,60,23,30,20,19,80,77,40,35,10,32,835,none
2,60,31,30,20,18,79,78,40,35,10,34,835,none
3,60,39,30,20,17,78,77,40,35,10,36,835,none
4,58,44,30,20,21,78,78,41,36,10,39,835,none
5,56,49,30,20,25,78,77,42,37,10,42,835,none
6,63,53,30,20,22,77,76,43,38,10,41,835,none
7,62,60,30,20,24,77,75,44,39,10,44,835,none
8,61,67,30,20,26,77,75,45,40,10,47,835,none
9,60,74,30,20,28,78,74,46,41,10,50,835,none
10,59,81,30,20,30,79,74,48,43,10,53,835,none
0,60,15,30,20,20,80,78,40,35,10,30,836,initial
1,68,23,30,20,19,81,77,36,31,10,28,836,earth_tension
2,64,35,30,20,22,81,77,36,31,14,32,836,none
3,63,41,30,20,23,81,77,37,32,14,34,836,none
4,71,46,36,20,17,80,78,37,32,14,34,836,scientific_discovery
5,63,57,36,20,21,79,78,38,33,14,40,836,none
6,57,68,36,20,30,79,78,39,34,14,46,836,new_ice_discovery
7,55,73,36,20,34,79,78,40,35,14,49,836,none
8,62,77,36,20,31,78,79,41,36,14,48,836,none
9,62,85,36,20,30,79,78,42,37,14,50,836,none
10,61,92,36,20,32,79,78,44,39,14,53,836,none
0,60,15,30,20,20,80,78,40,35,10,30,837,initial
1,59,22,30,20,22,80,78,40,35,10,33,837,none
2,59,27,30,20,31,80,77,40,35,10,36,837,new_ice_discovery
3,67,32,30,20,25,80,77,40,35,10,34,837,none
4,66,39,30,20,27,79,76,40,35,10,37,837,none
5,73,43,30,20,24,79,76,40,35,10,36,837,none
6,80,47,30,20,21,80,76,40,35,10,35,837,none
7,86,50,30,20,21,81,76,40,35,10,35,837,none
8,85,57,30,20,23,81,77,40,35,10,38,837,none
9,92,61,30,20,20,81,77,40,35,10,37,837,none
10,98,65,30,20,17,82,77,40,35,10,36,837,none
0,60,15,30,20,20,80,78,40,35,10,30,838,initial
1,63,22,30,20,20,80,78,40,35,14,30,838,none
2,62,29,30,20,22,80,78,40,35,14,33,838,none
3,61,36,30,20,24,80,77,40,35,14,36,838,none
4,61,44,30,20,23,80,78,41,36,14,38,838,none
5,60,51,30,20,25,80,77,42,37,14,41,838,none
6,68,56,30,20,19,80,77,43,38,14,39,838,none
7,75,60,30,20,16,81,77,43,38,14,38,838,none
8,74,70,30,20,13,80,76,43,38,14,41,838,chinese_base_accident
9,78,75,35,20,13,81,76,43,38,26,44,838,japanese_breakthrough
10,86,80,35,20,7,81,76,43,38,26,42,838,none
0,60,15,30,20,20,80,78,40,35,10,30,839,initial
1,59,22,30,20,22,81,79,40,35,10,33,839,none
2,58,29,30,20,24,81,80,40,35,10,36,839,none
3,58,38,30,20,24,82,80,40,35,10,39,839,none
4,57,45,30,20,26,82,80,41,36,10,42,839,none
5,49,56,30,20,30,83,81,42,37,10,48,839,none
6,56,60,30,20,27,83,81,43,38,10,47,839,none
7,56,68,30,20,26,84,81,44,39,10,49,839,none
8,56,77,30,20,26,84,81,46,41,10,52,839,none
9,55,84,30,30,28,83,81,48,43,10,55,839,mars_breakthrough
10,54,91,30,30,30,84,80,50,45,10,58,839,none
0,60,15,30,20,20,80,78,40,35,10,30,840,initial
1,53,28,30,20,22,79,78,40,35,10,36,840,none
2,52,35,30,20,24,79,78,40,35,10,39,840,none
3,47,45,30,20,29,78,78,41,36,14,43,840,none
4,50,52,30,20,29,79,77,42,37,18,43,840,none
5,49,59,30,20,31,80,77,43,38,18,46,840,none
6,56,63,30,20,28,80,76,44,39,18,45,840,none
7,56,72,30,20,28,80,76,45,40,18,48,840,none
8,57,82,30,20,25,81,76,46,41,18,50,840,none
9,60,89,30,20,25,82,76,47,42,22,50,840,none
10,67,93,30,20,22,82,75,48,43,22,49,840,none
0,60,15,30,20,20,80,78,40,35,10,30,841,initial
1,71,22,30,20,20,80,77,35,30,14,26,841,earth_tension
2,79,24,30,20,24,80,77,34,29,14,25,841,new_ice_discovery
3,87,29,30,20,18,80,78,33,28,14,23,841,none
4,93,32,30,20,18,80,78,32,27,14,23,841,none
5,98,36,30,20,15,79,78,31,26,22,20,841,rare_unknown
6,98,41,30,20,9,79,78,31,26,22,18,841,none
7,98,45,30,20,6,79,78,31,26,22,17,841,none
8,98,50,37,19,0,79,79,31,26,28,15,841,rare_unknown
9,89,59,37,19,6,78,80,31,26,28,21,841,none
10,95,62,37,19,6,78,80,31,26,28,21,841,none
0,60,15,30,20,20,80,78,40,35,10,30,842,initial
1,60,26,30,20,24,80,79,36,31,10,32,842,earth_tension
2,67,30,30,20,21,80,79,36,31,10,31,842,none
3,65,35,30,20,25,79,79,36,31,10,34,842,none
4,73,40,36,20,19,80,79,35,30,10,34,842,scientific_discovery
5,72,46,36,20,20,80,79,35,30,10,36,842,none
6,80,51,36,20,14,80,80,35,30,10,34,842,none
7,80,59,36,20,13,80,80,35,30,10,36,842,none
8,80,67,36,20,12,80,79,35,30,10,38,842,none
9,80,76,36,20,12,80,78,35,30,10,41,842,none
10,80,78,47,20,14,80,78,35,30,10,47,842,scientific_discovery
0,60,15,30,20,20,80,78,40,35,10,30,843,initial
1,52,26,30,20,24,81,78,40,35,10,36,843,none
2,60,31,30,20,18,81,79,40,35,10,34,843,none
3,61,41,30,20,15,81,78,41,36,10,36,843,none
4,60,48,30,20,17,81,77,42,37,10,39,843,none
5,67,47,41,21,14,82,77,43,38,18,44,843,rare_unknown
6,67,55,41,21,13,81,77,44,39,18,46,843,none
7,59,70,41,21,13,81,76,46,41,18,53,843,us_base_accident
8,58,77,41,21,15,81,75,48,43,18,56,843,none
9,66,86,41,21,15,80,74,46,41,18,55,843,earth_tension
10,65,93,41,21,17,80,75,48,43,18,58,843,none
0,60,15,30,20,20,80,78,40,35,10,30,844,initial
1,68,20,30,20,14,79,78,40,35,10,28,844,none
2,61,33,30,20,16,79,79,40,35,10,34,844,none
3,68,37,30,20,13,78,79,40,35,10,33,844,none
4,67,44,30,20,15,79,80,41,36,10,36,844,none
5,74,48,30,20,12,79,81,41,36,10,35,844,none
6,74,56,30,20,11,78,81,41,36,10,37,844,none
7,74,64,30,20,10,78,80,41,36,10,39,844,none
8,66,75,30,20,14,78,80,42,37,10,45,844,none
9,66,83,30,20,13,77,80,43,38,10,47,844,none
10,58,94,30,20,17,76,80,45,40,10,53,844,none
0,60,15,30,20,20,80,78,40,35,10,30,845,initial
1,59,22,30,20,22,79,78,40,35,10,33,845,none
2,72,22,33,22,16,78,79,39,34,10,25,845,rare_unknown
3,86,25,33,22,16,78,78,34,29,10,21,845,earth_tension
4,87,35,33,22,13,78,78,33,28,10,23,845,none
5,93,38,33,22,13,78,78,32,27,10,23,845,none
6,92,45,33,22,15,78,78,32,27,10,26,845,none
7,98,49,33,22,12,79,77,32,27,10,25,845,none
8,98,52,33,22,12,79,77,32,27,10,25,845,none
9,92,64,33,22,15,80,77,32,27,14,30,845,us_base_accident
10,98,68,33,22,12,80,76,32,27,14,29,845,none
0,60,15,30,20,20,80,78,40,35,10,30,846,initial
1,68,20,30,20,14,81,77,40,35,10,28,846,none
2,76,25,30,20,8,80,76,39,34,10,26,846,none
3,75,31,30,20,9,79,76,38,33,10,28,846,none
4,82,35,30,20,6,79,76,37,32,10,27,846,none
5,89,39,30,20,3,79,76,36,31,10,26,846,none
6,96,43,30,20,0,79,77,36,31,10,25,846,none
7,89,56,30,20,2,79,76,36,31,10,31,846,none
8,96,60,30,20,0,79,77,36,31,10,30,846,none
9,96,69,30,20,0,78,77,36,31,10,33,846,none
10,95,76,30,20,2,78,78,36,31,10,36,846,none
0,60,15,30,20,20,80,78,40,35,10,30,847,initial
1,67,19,37,27,17,80,78,40,35,14,33,847,rare_unknown
2,67,28,37,27,17,80,79,40,35,14,36,847,none
3,83,33,37,27,11,81,79,35,30,14,30,847,earth_tension
4,90,37,37,27,8,81,79,34,29,14,29,847,none
5,80,50,35,26,10,81,79,34,29,12,37,847,rare_unknown
6,87,54,35,26,7,81,79,34,29,12,36,847,none
7,86,61,35,26,9,81,79,34,29,12,39,847,none
8,92,64,35,26,9,80,78,34,29,12,39,847,none
9,98,69,35,36,3,80,77,34,29,12,37,847,mars_breakthrough
10,96,79,35,36,0,79,77,34,29,12,40,847,chinese_base_accident
0,60,15,30,20,20,80,78,40,35,10,30,848,initial
1,54,23,35,20,22,80,78,40,35,10,37,848,none
2,61,27,35,20,19,80,78,40,35,10,36,848,none
3,64,32,35,35,16,80,77,40,35,10,36,848,mars_breakthrough
4,71,36,35,35,13,80,77,39,34,10,35,848,none
5,77,39,35,35,13,80,77,38,33,10,35,848,none
6,83,42,35,35,13,80,76,38,33,10,35,848,none
7,91,47,35,35,7,80,76,38,33,10,33,848,none
8,83,58,35,35,11,80,77,38,33,10,39,848,none
9,91,63,35,35,5,79,77,38,33,10,37,848,none
10,98,67,35,35,2,79,77,38,33,10,36,848,none
0,60,15,30,20,20,80,78,40,35,10,30,849,initial
1,52,26,30,20,24,81,79,40,35,10,36,849,none
2,44,37,30,20,28,82,80,40,35,10,42,849,none
3,59,41,30,20,25,81,80,37,32,10,37,849,earth_tension
4,58,48,30,20,27,81,80,38,33,10,40,849,none
5,53,58,30,20,32,80,80,39,34,14,44,849,none
6,56,62,35,20,35,81,80,40,35,26,48,849,japanese_breakthrough
7,49,75,35,20,37,80,80,42,37,26,54,849,none
8,41,86,35,20,41,80,80,44,39,26,60,849,none
9,33,97,35,20,45,79,80,46,41,26,66,849,none
10,28,100,35,20,50,80,81,48,43,30,70,849,none
0,60,15,30,20,20,80,78,40,35,10,30,850,initial
1,60,23,30,20,19,80,78,40,35,10,32,850,none
2,60,31,30,20,18,80,78,40,35,10,34,850,none
3,67,35,30,20,15,80,78,40,35,10,33,850,none
4,74,39,30,20,12,79,78,39,34,10,32,850,none
5,81,43,30,20,9,80,79,39,34,10,31,850,none
6,88,47,30,20,6,79,79,39,34,10,30,850,none
7,95,51,30,20,3,78,79,39,34,10,29,850,none
8,98,54,30,20,3,78,79,39,34,10,29,850,none
9,98,57,30,20,3,77,78,39,34,10,30,850,us_base_accident
10,98,61,30,20,0,77,78,39,34,10,29,850,none
0,60,15,30,20,20,80,78,40,35,10,30,851,initial
1,68,20,30,20,14,79,78,40,35,10,28,851,none
2,75,24,30,20,11,79,78,39,34,10,27,851,none
3,81,27,30,20,11,79,78,38,33,10,27,851,none
4,85,39,30,20,14,79,78,33,28,14,27,851,earth_tension
5,92,43,30,20,11,79,77,33,28,14,26,851,none
6,98,48,30,20,5,79,76,33,28,14,24,851,none
7,98,52,30,20,2,79,76,33,28,14,23,851,none
8,98,56,28,26,0,79,77,33,28,10,22,851,rare_unknown
9,96,65,28,26,0,79,78,33,28,10,25,851,none
10,98,68,28,26,0,79,78,33,28,10,25,851,none
0,60,15,30,20,20,80,78,40,35,10,30,852,initial
1,67,19,30,20,17,81,78,40,35,10,29,852,none
2,74,23,30,20,18,81,79,39,34,15,28,852,india_transport_success
3,74,31,30,20,17,81,79,38,33,15,30,852,none
4,83,31,41,20,11,81,79,37,32,15,31,852,scientific_discovery
5,90,35,41,20,8,82,80,36,31,15,30,852,none
6,97,39,41,20,5,82,79,35,30,15,29,852,none
7,97,47,41,20,4,82,79,35,30,15,31,852,none
8,98,51,41,20,1,81,79,35,30,15,30,852,none
9,98,55,41,20,0,81,78,35,30,15,29,852,none
10,98,58,41,20,0,82,78,35,30,15,29,852,none
0,60,15,30,20,20,80,78,40,35,10,30,853,initial
1,52,30,30,20,20,80,78,40,35,10,37,853,chinese_base_accident
2,54,36,30,20,27,79,78,40,35,19,38,853,india_transport_success
3,61,40,30,20,24,78,78,40,35,19,37,853,none
4,53,51,30,20,28,78,78,41,36,19,43,853,none
5,61,56,30,20,22,77,78,42,37,19,41,853,none
6,68,60,30,20,19,78,78,43,38,19,40,853,none
7,63,70,30,20,24,78,77,44,39,23,44,853,none
8,67,75,35,20,24,77,77,45,40,35,47,853,japanese_breakthrough
9,69,81,35,20,31,77,76,46,41,44,48,853,india_transport_success
10,68,88,35,20,33,77,76,48,43,44,51,853,none
0,60,15,30,20,20,80,78,40,35,10,30,854,initial
1,60,24,30,20,20,80,78,40,35,10,33,854,none
2,59,31,30,20,22,80,79,40,35,10,36,854,none
3,57,40,30,20,22,80,80,40,35,10,40,854,chinese_base_accident
4,56,47,30,20,24,80,80,41,36,10,43,854,none
5,55,54,30,20,26,80,80,42,37,10,46,854,none
6,62,58,30,20,23,80,79,43,38,10,45,854,none
7,62,66,30,20,22,79,80,44,39,10,47,854,none
8,54,77,30,20,26,78,79,46,41,10,53,854,none
9,48,85,30,20,33,78,79,48,43,14,57,854,none
10,40,96,30,20,37,78,78,50,45,14,63,854,none
0,60,15,30,20,20,80,78,40,35,10,30,855,initial
1,60,24,30,20,20,79,77,40,35,10,33,855,none
2,59,31,30,20,22,79,76,40,35,10,36,855,none
3,58,37,30,20,23,79,76,40,35,10,38,855,none
4,50,48,30,20,27,79,76,41,36,10,44,855,none
5,50,56,30,20,26,79,77,42,37,10,46,855,none
6,50,65,30,20,26,79,78,43,38,10,49,855,none
7,56,67,30,20,25,79,78,44,39,10,48,855,none
8,48,78,30,20,29,79,78,46,41,10,54,855,none
9,49,88,30,20,26,79,78,48,43,10,56,855,none
10,56,92,30,20,23,79,78,50,45,10,55,855,none
0,60,15,30,20,20,80,78,40,35,10,30,856,initial
1,59,22,30,20,22,80,78,40,35,10,33,856,none
2,59,30,30,20,21,81,77,40,35,10,35,856,none
3,59,39,30,20,21,82,77,40,35,10,38,856,none
4,57,48,30,20,21,82,76,41,36,10,42,856,chinese_base_accident
5,56,55,30,20,23,83,75,42,37,10,45,856,none
6,56,57,34,21,22,83,76,44,39,6,51,856,rare_unknown
7,66,62,34,21,21,84,76,45,40,6,49,856,new_ice_discovery
8,69,69,34,21,21,85,76,46,41,10,49,856,none
9,76,73,34,21,18,86,76,46,41,10,48,856,none
10,76,82,34,21,18,85,76,47,42,10,51,856,none
0,60,15,30,20,20,80,78,40,35,10,30,857,initial
1,67,19,30,20,17,80,78,40,35,10,29,857,none
2,68,29,30,20,14,80,78,40,35,10,31,857,none
3,75,33,30,20,11,80,78,39,34,10,30,857,none
4,81,36,30,20,11,81,78,38,33,10,30,857,none
5,87,39,30,20,11,80,78,37,32,10,30,857,none
6,94,43,30,20,8,80,77,37,32,10,29,857,none
7,98,46,30,20,8,80,77,37,32,10,29,857,none
8,98,50,30,20,5,79,77,37,32,10,28,857,none
9,98,55,30,20,0,79,77,37,32,10,26,857,none
10,98,64,30,20,0,79,77,37,32,10,29,857,none
0,60,15,30,20,20,80,78,40,35,10,30,858,initial
1,67,19,30,20,17,80,78,40,35,10,29,858,none
2,74,23,30,20,14,79,77,39,34,10,28,858,none
3,70,35,30,20,17,80,76,39,34,14,32,858,none
4,65,45,30,20,22,81,77,40,35,18,36,858,none
5,65,53,30,20,21,81,76,41,36,18,38,858,none
6,68,60,30,20,21,81,75,42,37,22,38,858,none
7,66,69,30,20,21,80,75,43,38,22,42,858,chinese_base_accident
8,65,76,30,20,23,80,75,44,39,22,45,858,none
9,59,82,30,35,27,81,75,45,40,22,49,858,mars_breakthrough
10,55,94,30,35,30,81,76,47,42,26,53,858,none
0,60,15,30,20,20,80,78,40,35,10,30,859,initial
1,67,19,30,20,17,80,79,40,35,10,29,859,none
2,67,28,30,20,17,81,80,40,35,10,32,859,none
3,74,32,30,20,14,81,80,39,34,10,31,859,none
4,73,39,30,20,16,81,80,38,33,10,34,859,none
5,73,48,30,20,16,81,81,38,33,10,37,859,none
6,84,55,30,20,16,82,81,34,29,14,33,859,earth_tension
7,90,57,30,20,15,82,82,34,29,14,32,859,none
8,90,66,30,20,15,82,81,34,29,14,35,859,none
9,97,70,30,20,12,82,81,34,29,14,34,859,none
10,97,73,30,20,13,82,82,34,29,14,32,859,new_ice_discovery
0,60,15,30,20,20,80,78,40,35,10,30,860,initial
1,52,26,30,20,24,80,77,40,35,10,36,860,none
2,52,34,30,20,23,81,77,40,35,10,38,860,none
3,51,41,30,20,25,80,77,41,36,10,41,860,none
4,48,51,35,20,28,80,76,42,37,22,48,860,japanese_breakthrough
5,40,66,35,20,28,80,76,44,39,22,55,860,chinese_base_accident
6,40,74,35,20,27,80,76,46,41,22,57,860,none
7,32,85,35,20,31,81,77,48,43,22,63,860,none
8,31,92,35,20,33,80,77,50,45,22,66,860,none
9,38,96,35,20,30,80,77,52,47,22,65,860,none
10,45,100,35,20,27,79,76,54,49,22,64,860,none
0,60,15,30,20,20,80,78,40,35,10,30,861,initial
1,61,25,30,20,17,80,78,40,35,10,32,861,none
2,62,35,30,20,14,79,78,40,35,10,34,861,none
3,55,48,30,20,16,80,78,41,36,10,40,861,none
4,55,56,30,20,15,80,79,42,37,10,42,861,none
5,53,65,30,20,15,81,80,43,38,10,46,861,us_base_accident
6,52,72,30,20,17,81,81,44,39,10,49,861,none
7,52,80,30,20,16,80,82,46,41,10,51,861,none
8,51,87,30,20,18,80,82,48,43,10,54,861,none
9,43,98,30,20,22,80,82,50,45,10,60,861,none
10,44,100,30,20,19,80,82,52,47,10,62,861,none
0,60,15,30,20,20,80,78,40,35,10,30,862,initial
1,72,19,27,21,17,80,78,39,34,18,30,862,rare_unknown
2,79,23,27,21,14,79,78,38,33,18,29,862,none
3,71,38,27,21,14,78,77,37,32,18,36,862,chinese_base_accident
4,78,42,27,21,11,78,76,37,32,18,35,862,none
5,84,45,27,21,11,79,76,37,32,18,35,862,none
6,90,48,27,21,11,79,75,37,32,18,35,862,none
7,97,52,27,21,8,78,74,37,32,18,34,862,none
8,95,59,27,21,10,77,73,37,32,18,37,862,none
9,98,63,27,21,7,77,73,37,32,18,36,862,none
10,98,69,27,21,14,77,73,37,32,27,37,862,india_transport_success
0,60,15,30,20,20,80,78,40,35,10,30,863,initial
1,59,22,30,20,22,79,77,40,35,10,33,863,none
2,58,29,30,20,24,78,78,40,35,10,36,863,none
3,58,37,30,20,23,79,78,40,35,10,38,863,none
4,61,44,30,20,27,79,78,41,36,19,38,863,india_transport_success
5,54,57,30,20,29,79,78,42,37,19,44,863,none
6,54,65,30,20,28,79,79,43,38,19,46,863,none
7,62,73,30,20,27,79,80,40,35,19,44,863,earth_tension
8,56,80,25,26,29,78,81,41,36,28,44,863,rare_unknown
9,56,88,25,26,28,78,80,42,37,28,46,863,none
10,56,96,25,26,27,77,81,43,38,28,48,863,none
0,60,15,30,20,20,80,78,40,35,10,30,864,initial
1,59,22,30,20,22,80,78,40,35,10,33,864,none
2,59,30,30,20,21,80,77,40,35,10,35,864,none
3,59,38,30,20,20,80,76,40,35,10,37,864,none
4,66,42,30,20,17,80,76,41,36,10,36,864,none
5,66,51,30,20,17,80,75,42,37,10,39,864,none
6,61,61,30,20,22,80,76,43,38,14,43,864,none
7,69,60,41,20,19,80,77,44,39,14,45,864,scientific_discovery
8,79,65,41,20,18,79,77,44,39,14,43,864,new_ice_discovery
9,86,72,41,20,20,79,77,40,35,14,42,864,earth_tension
10,93,76,41,20,17,79,77,40,35,14,41,864,none
0,60,15,30,20,20,80,78,40,35,10,30,865,initial
1,61,25,30,20,17,79,79,40,35,10,32,865,none
2,69,30,30,20,11,78,79,40,35,10,30,865,none
3,68,37,30,20,13,77,80,40,35,10,33,865,none
4,67,44,30,20,15,77,81,41,36,10,36,865,none
5,66,51,30,20,17,77,81,42,37,10,39,865,none
6,58,66,30,20,17,77,81,43,38,10,46,865,chinese_base_accident
7,66,71,30,20,11,77,81,44,39,10,44,865,none
8,65,77,30,30,12,78,80,45,40,10,46,865,mars_breakthrough
9,72,81,30,30,9,77,80,45,40,10,45,865,none
10,78,84,30,30,9,77,80,45,40,10,45,865,none
0,60,15,30,20,20,80,78,40,35,10,30,866,initial
1,55,25,30,20,25,80,78,40,35,14,34,866,none
2,55,33,30,20,24,80,79,40,35,14,36,866,none
3,56,43,30,20,21,80,79,41,36,14,38,866,none
4,64,48,30,20,15,80,80,42,37,14,36,866,none
5,63,55,30,20,17,80,80,43,38,14,39,866,none
6,54,64,30,20,23,80,79,44,39,14,45,866,none
7,56,70,30,20,30,80,78,45,40,23,46,866,india_transport_success
8,55,77,30,20,32,81,77,46,41,23,49,866,none
9,54,84,30,20,34,81,78,48,43,23,52,866,none
10,61,88,30,20,31,81,78,50,45,23,51,866,none
0,60,15,30,20,20,80,78,40,35,10,30,867,initial
1,55,25,30,20,25,80,78,40,35,14,34,867,none
2,53,34,30,20,25,80,78,40,35,14,38,867,us_base_accident
3,53,42,30,20,24,81,78,41,36,14,40,867,none
4,59,45,30,20,24,82,77,42,37,14,40,867,none
5,59,53,30,20,23,82,77,43,38,14,42,867,none
6,58,60,30,20,25,82,77,44,39,14,45,867,none
7,65,64,30,20,22,81,77,45,40,14,44,867,none
8,69,69,35,20,22,81,76,46,41,26,47,867,japanese_breakthrough
9,67,78,35,20,22,81,75,48,43,26,51,867,chinese_base_accident
10,74,82,35,20,19,81,75,48,43,26,50,867,none
0,60,15,30,20,20,80,78,40,35,10,30,868,initial
1,52,26,30,20,24,81,79,40,35,10,36,868,none
2,59,30,30,20,21,81,80,40,35,10,35,868,none
3,58,37,30,20,23,81,81,40,35,10,38,868,none
4,58,45,30,20,22,80,81,41,36,10,40,868,none
5,65,49,30,20,19,81,82,42,37,10,39,868,none
6,57,64,30,20,19,82,83,43,38,10,46,868,chinese_base_accident
7,65,69,30,20,13,82,82,44,39,10,44,868,none
8,74,73,30,20,15,81,82,44,39,10,43,868,new_ice_discovery
9,73,80,30,20,17,81,82,44,39,10,46,868,none
10,80,84,30,20,14,81,82,44,39,10,45,868,none
0,60,15,30,20,20,80,78,40,35,10,30,869,initial
1,59,22,30,20,22,81,78,40,35,10,33,869,none
2,65,25,30,20,22,81,78,40,35,10,33,869,none
3,66,35,30,20,23,81,78,40,35,15,35,869,india_transport_success
4,67,45,30,20,20,81,77,41,36,15,37,869,none
5,66,52,30,20,22,80,77,42,37,15,40,869,none
6,73,56,30,20,19,79,78,42,37,15,39,869,none
7,81,61,30,20,13,80,78,42,37,15,37,869,none
8,80,68,30,20,15,80,79,42,37,15,40,869,none
9,87,72,30,20,12,80,80,42,37,15,39,869,none
10,86,79,30,20,14,79,80,42,37,15,42,869,none
0,60,15,30,20,20,80,78,40,35,10,30,870,initial
1,54,22,37,21,22,80,77,40,35,16,34,870,rare_unknown
2,54,30,37,21,21,80,78,40,35,16,36,870,none
3,45,39,37,21,27,80,78,40,35,16,42,870,none
4,47,45,37,21,30,81,78,41,36,20,43,870,none
5,45,54,37,21,30,81,78,42,37,20,47,870,us_base_accident
6,52,58,37,21,27,81,77,43,38,20,46,870,none
7,59,62,37,21,24,81,77,44,39,20,45,870,none
8,66,66,37,21,21,80,77,45,40,20,44,870,none
9,66,75,37,21,21,80,77,46,41,20,47,870,none
10,74,80,37,21,15,80,76,46,41,20,45,870,none
0,60,15,30,20,20,80,78,40,35,10,30,871,initial
1,54,27,30,20,23,80,77,40,35,14,35,871,us_base_accident
2,57,34,30,20,23,79,77,40,35,18,35,871,none
3,66,44,30,20,20,79,77,37,32,18,33,871,earth_tension
4,73,48,30,20,17,79,77,37,32,18,32,871,none
5,79,51,30,20,17,79,77,37,32,18,32,871,none
6,81,57,30,20,20,79,77,37,32,22,33,871,none
7,77,62,41,20,25,79,77,37,32,26,40,871,scientific_discovery
8,85,67,41,20,19,79,77,37,32,26,38,871,none
9,93,72,41,20,13,80,77,37,32,26,36,871,none
10,90,79,46,20,16,80,77,37,32,30,41,871,none
0,60,15,30,20,20,80,78,40,35,10,30,872,initial
1,55,25,30,20,25,80,78,40,35,14,34,872,none
2,66,25,35,20,24,80,77,40,35,14,33,872,new_ice_discovery
3,58,36,35,20,28,80,77,40,35,14,39,872,none
4,57,43,35,20,30,80,78,41,36,14,42,872,none
5,54,47,30,21,27,80,78,42,37,18,48,872,rare_unknown
6,54,55,30,21,26,80,77,43,38,18,50,872,none
7,53,62,30,21,28,80,77,45,40,18,53,872,none
8,56,65,40,21,25,81,77,47,42,26,59,872,japanese_breakthrough
9,56,73,40,21,24,81,76,49,44,26,61,872,none
10,58,78,45,21,21,81,76,51,46,26,64,872,none
0,60,15,30,20,20,80,78,40,35,10,30,873,initial
1,61,25,30,20,17,81,78,40,35,10,32,873,none
2,68,29,25,26,14,81,78,40,35,12,35,873,rare_unknown
3,71,34,25,41,11,80,78,39,34,12,35,873,mars_breakthrough
4,78,38,25,41,8,80,79,38,33,12,34,873,none
5,77,45,25,41,10,80,80,38,33,12,37,873,none
6,76,52,25,41,12,80,81,38,33,12,40,873,none
7,75,58,25,41,13,80,81,38,33,12,42,873,none
8,89,61,25,41,13,80,81,34,29,12,38,873,earth_tension
9,93,64,25,41,13,80,82,34,29,12,39,873,us_base_accident
10,98,68,25,41,10,79,82,34,29,12,38,873,none
0,60,15,30,20,20,80,78,40,35,10,30,874,initial
1,67,19,30,20,17,80,77,40,35,10,29,874,none
2,66,26,30,20,19,80,76,40,35,10,32,874,none
3,73,30,30,20,16,80,76,39,34,10,31,874,none
4,75,35,35,20,13,80,76,38,33,10,34,874,none
5,82,39,35,20,10,80,77,37,32,10,33,874,none
6,89,43,35,20,7,80,77,37,32,10,32,874,none
7,96,47,35,20,4,79,77,37,32,10,31,874,none
8,98,51,35,20,1,79,78,37,32,10,30,874,none
9,98,58,35,20,5,79,78,37,32,19,30,874,india_transport_success
10,98,66,35,20,4,80,78,37,32,19,32,874,none
0,60,15,30,20,20,80,78,40,35,10,30,875,initial
1,55,25,30,20,25,80,77,40,35,14,34,875,none
2,55,34,30,20,25,80,77,40,35,14,37,875,none
3,47,49,30,20,25,81,78,41,36,14,44,875,chinese_base_accident
4,55,54,30,20,19,82,78,42,37,14,42,875,none
5,60,58,30,20,16,82,78,43,38,14,42,875,us_base_accident
6,74,62,37,24,13,82,79,43,38,11,39,875,rare_unknown
7,74,71,37,24,13,81,78,43,38,11,42,875,none
8,80,74,37,24,13,81,78,43,38,11,42,875,none
9,81,84,37,24,10,81,78,43,38,11,44,875,none
10,87,87,37,24,10,81,78,43,38,11,44,875,none
0,60,15,30,20,20,80,78,40,35,10,30,876,initial
1,60,23,30,20,19,80,77,40,35,10,32,876,none
2,52,34,30,20,23,79,77,40,35,10,38,876,none
3,59,38,30,20,20,79,77,40,35,10,37,876,none
4,68,48,30,20,17,79,77,37,32,10,35,876,earth_tension
5,74,51,30,20,17,78,77,37,32,10,35,876,none
6,81,55,30,20,14,79,76,37,32,10,34,876,none
7,88,59,30,20,11,78,75,37,32,10,33,876,none
8,88,67,30,20,10,78,74,37,32,10,35,876,none
9,87,74,30,20,12,78,75,37,32,10,38,876,none
10,94,78,27,29,9,78,75,37,32,10,30,876,rare_unknown
0,60,15,30,20,20,80,78,40,35,10,30,877,initial
1,60,23,30,20,19,81,78,40,35,10,32,877,none
2,60,31,30,20,18,82,78,40,35,10,34,877,none
3,59,38,30,20,20,82,78,40,35,10,37,877,none
4,58,48,30,20,17,83,77,41,36,10,40,877,us_base_accident
5,64,51,30,20,17,83,77,42,37,10,40,877,none
6,71,55,30,20,14,84,78,42,37,10,39,877,none
7,78,59,30,20,11,84,77,42,37,10,38,877,none
8,77,66,30,20,13,84,76,42,37,10,41,877,none
9,80,73,30,20,13,85,76,42,37,14,41,877,none
10,80,81,30,20,12,85,75,42,37,14,43,877,none
0,60,15,30,20,20,80,78,40,35,10,30,878,initial
1,67,19,30,20,17,80,77,40,35,10,29,878,none
2,67,28,30,20,17,80,78,40,35,10,32,878,none
3,74,32,30,20,14,80,77,39,34,10,31,878,none
4,74,40,30,20,13,81,77,38,33,10,33,878,none
5,81,44,30,20,10,80,78,38,33,10,32,878,none
6,82,54,30,20,7,80,78,38,33,10,34,878,none
7,88,57,30,20,7,80,78,38,33,10,34,878,none
8,95,61,30,20,4,81,78,38,33,10,33,878,none
9,98,66,30,20,0,80,77,38,33,10,31,878,none
10,96,75,30,20,0,80,76,38,33,10,34,878,none
0,60,15,30,20,20,80,78,40,35,10,30,879,initial
1,59,22,30,20,22,80,78,40,35,10,33,879,none
2,52,35,30,20,24,80,78,40,35,10,39,879,none
3,51,42,30,20,26,80,78,41,36,10,42,879,none
4,51,50,30,20,25,79,78,42,37,10,44,879,none
5,66,54,30,20,22,79,77,39,34,10,39,879,earth_tension
6,74,59,30,20,16,78,77,39,34,10,37,879,none
7,72,64,30,20,20,78,77,39,34,10,40,879,none
8,71,71,30,20,22,78,77,39,34,10,43,879,none
9,70,78,30,20,24,78,77,40,35,10,46,879,none
10,68,87,30,20,24,78,77,41,36,10,50,879,us_base_accident
0,60,15,30,20,20,80,78,40,35,10,30,880,initial
1,67,19,30,20,17,80,78,40,35,10,29,880,none
2,68,29,30,20,14,80,78,40,35,10,31,880,none
3,67,36,30,20,16,81,78,40,35,10,34,880,none
4,66,43,35,20,22,81,77,41,36,26,39,880,japanese_breakthrough
5,66,51,35,20,21,81,77,42,37,26,41,880,none
6,69,58,35,20,25,82,77,43,38,35,41,880,india_transport_success
7,76,62,35,20,22,81,77,43,38,35,40,880,none
8,86,68,35,20,25,81,77,39,34,39,37,880,earth_tension
9,92,71,35,20,25,81,76,39,34,39,37,880,none
10,98,75,35,20,22,81,77,39,34,39,36,880,none
0,60,15,30,20,20,80,78,40,35,10,30,881,initial
1,75,19,30,20,17,80,78,35,30,10,25,881,earth_tension
2,81,22,30,20,17,81,78,34,29,10,25,881,none
3,75,34,30,20,20,80,77,33,28,14,30,881,us_base_accident
4,74,41,30,20,22,80,78,33,28,14,33,881,none
5,73,48,30,20,24,81,78,33,28,14,36,881,none
6,83,53,30,20,23,82,78,33,28,14,34,881,new_ice_discovery
7,90,57,30,20,20,81,77,33,28,14,33,881,none
8,99,57,41,20,14,81,76,33,28,14,34,881,scientific_discovery
9,98,65,41,20,13,80,77,33,28,14,36,881,none
10,98,73,41,20,12,80,77,33,28,14,38,881,none
0,60,15,30,20,20,80,78,40,35,10,30,882,initial
1,67,18,30,20,16,81,78,40,35,10,28,882,none
2,58,27,30,20,22,80,77,40,35,10,34,882,none
3,58,35,30,20,21,80,76,40,35,10,36,882,none
4,50,46,30,20,25,81,75,41,36,10,42,882,none
5,44,54,41,20,27,80,75,43,38,10,51,882,scientific_discovery
6,36,69,41,20,27,81,75,45,40,10,58,882,chinese_base_accident
7,41,70,41,20,29,81,75,47,42,10,58,882,none
8,48,74,41,20,26,81,74,49,44,10,57,882,none
9,48,82,41,20,25,81,75,51,46,10,59,882,none
10,44,94,41,20,28,81,76,53,48,14,63,882,none
0,60,15,30,20,20,80,78,40,35,10,30,883,initial
1,60,17,35,20,22,80,78,40,35,10,34,883,none
2,70,22,35,20,21,80,78,40,35,10,32,883,new_ice_discovery
3,69,29,35,20,23,80,79,40,35,10,35,883,none
4,82,34,34,19,17,80,79,39,34,9,31,883,rare_unknown
5,82,43,34,19,17,81,79,39,34,9,34,883,none
6,83,53,34,19,14,82,78,39,34,9,36,883,none
7,90,57,34,19,11,82,78,39,34,9,35,883,none
8,96,60,34,19,11,82,78,39,34,9,35,883,none
9,98,64,34,19,8,82,79,39,34,9,34,883,none
10,98,68,34,19,5,82,79,39,34,9,33,883,none
0,60,15,30,20,20,80,78,40,35,10,30,884,initial
1,60,23,30,20,19,80,78,40,35,10,32,884,none
2,52,34,30,20,23,80,79,40,35,10,38,884,none
3,51,40,30,20,24,80,79,40,35,10,40,884,none
4,50,47,30,20,26,81,79,41,36,10,43,884,none
5,51,57,30,20,23,81,79,42,37,10,45,884,none
6,53,72,30,20,23,80,80,39,34,10,47,884,earth_tension
7,52,79,30,20,25,79,80,40,35,10,50,884,none
8,59,83,30,20,22,79,80,41,36,10,49,884,none
9,59,92,30,20,22,79,79,43,38,10,52,884,none
10,69,97,30,20,21,78,79,44,39,10,50,884,new_ice_discovery
0,60,15,30,20,20,80,78,40,35,10,30,885,initial
1,55,25,30,20,25,80,78,40,35,14,34,885,none
2,54,32,30,20,27,80,78,40,35,14,37,885,none
3,55,42,30,20,24,79,78,41,36,14,39,885,none
4,56,52,30,20,21,78,78,42,37,14,41,885,none
5,56,61,30,20,21,78,78,43,38,14,44,885,none
6,51,71,30,20,26,79,78,44,39,18,48,885,none
7,58,75,30,20,23,79,78,45,40,18,47,885,none
8,58,84,30,20,23,79,78,46,41,18,50,885,none
9,59,94,30,20,20,79,77,48,43,18,52,885,none
10,58,100,30,20,22,78,77,50,45,18,55,885,none
0,60,15,30,20,20,80,78,40,35,10,30,886,initial
1,59,22,30,20,22,80,78,40,35,10,33,886,none
2,51,33,30,20,26,80,78,40,35,10,39,886,none
3,52,43,30,20,23,80,79,41,36,10,41,886,none
4,59,41,35,20,23,81,80,42,37,10,42,886,none
5,63,46,40,20,23,81,80,43,38,22,45,886,japanese_breakthrough
6,70,50,40,20,20,81,80,44,39,22,44,886,none
7,77,54,40,20,17,82,80,44,39,22,43,886,none
8,84,58,40,20,14,81,81,44,39,22,42,886,none
9,98,62,40,20,11,81,81,40,35,22,37,886,earth_tension
10,98,68,40,20,14,82,81,40,35,26,38,886,none
0,60,15,30,20,20,80,78,40,35,10,30,887,initial
1,60,23,30,20,19,80,77,40,35,10,32,887,none
2,60,31,30,20,18,81,77,40,35,10,34,887,none
3,67,35,30,20,15,82,77,40,35,10,33,887,none
4,59,50,30,20,15,82,76,41,36,10,40,887,chinese_base_accident
5,65,53,30,20,15,82,76,42,37,10,40,887,none
6,72,56,30,20,11,82,76,42,37,10,38,887,none
7,72,64,30,20,10,83,76,42,37,10,40,887,none
8,72,72,30,20,9,83,75,42,37,10,42,887,none
9,78,75,30,20,9,83,75,42,37,10,42,887,none
10,77,82,30,20,11,84,76,42,37,10,45,887,none
0,60,15,30,20,20,80,78,40,35,10,30,888,initial
1,60,24,30,20,20,80,77,40,35,10,33,888,none
2,60,32,30,20,19,81,76,40,35,10,35,888,none
3,67,36,30,20,16,82,76,40,35,10,34,888,none
4,68,40,35,20,16,82,75,40,35,10,38,888,none
5,67,47,35,20,18,82,74,41,36,10,41,888,none
6,73,50,35,30,18,82,75,41,36,10,41,888,mars_breakthrough
7,72,57,35,30,20,82,75,41,36,10,44,888,none
8,78,60,35,30,20,82,74,41,36,10,44,888,none
9,77,67,35,30,22,82,73,41,36,10,47,888,none
10,83,70,35,30,22,83,72,41,36,10,47,888,none
0,60,15,30,20,20,80,78,40,35,10,30,889,initial
1,52,26,30,20,24,81,78,40,35,10,36,889,none
2,44,37,30,20,28,81,78,40,35,10,42,889,none
3,60,42,30,20,22,81,77,37,32,10,36,889,earth_tension
4,70,47,30,20,21,81,77,38,33,10,34,889,new_ice_discovery
5,77,51,30,20,18,81,77,38,33,10,33,889,none
6,77,59,30,20,17,81,78,38,33,10,35,889,none
7,84,63,30,20,14,82,79,38,33,10,34,889,none
8,83,70,35,20,20,82,79,38,33,26,39,889,japanese_breakthrough
9,83,78,35,20,19,83,79,38,33,26,41,889,none
10,89,81,35,20,19,82,79,38,33,26,41,889,none
0,60,15,30,20,20,80,78,40,35,10,30,890,initial
1,60,24,30,20,20,80,79,40,35,10,33,890,none
2,60,33,30,20,20,80,80,40,35,10,36,890,none
3,60,42,30,20,20,81,80,41,36,10,39,890,none
4,60,50,30,20,19,82,80,42,37,10,41,890,none
5,66,53,30,20,19,83,80,43,38,10,41,890,none
6,73,57,30,20,16,83,80,43,38,10,40,890,none
7,75,63,30,20,19,83,79,43,38,14,41,890,none
8,71,71,35,20,24,83,80,43,38,26,48,890,japanese_breakthrough
9,71,79,35,20,23,82,79,43,38,26,50,890,none
10,71,88,35,20,23,81,79,44,39,26,53,890,none
0,60,15,30,20,20,80,78,40,35,10,30,891,initial
1,52,26,30,20,24,80,77,40,35,10,36,891,none
2,53,36,30,20,21,80,76,40,35,10,38,891,none
3,53,44,30,20,20,80,76,41,36,10,40,891,none
4,53,52,30,20,19,81,77,42,37,10,42,891,none
5,60,56,30,20,16,81,77,43,38,10,41,891,none
6,67,60,30,20,13,81,77,44,39,10,40,891,none
7,66,67,35,20,19,81,76,45,40,26,45,891,japanese_breakthrough
8,65,74,35,20,21,81,76,46,41,26,48,891,none
9,64,81,35,20,23,81,77,48,43,26,51,891,none
10,60,93,35,20,30,81,76,50,45,35,55,891,india_transport_success
0,60,15,30,20,20,80,78,40,35,10,30,892,initial
1,67,19,30,20,17,80,78,40,35,10,29,892,none
2,74,23,30,20,14,79,78,39,34,10,28,892,none
3,73,30,30,20,16,79,78,38,33,10,31,892,none
4,78,31,29,30,18,78,78,37,32,19,25,892,rare_unknown
5,86,36,29,30,12,78,78,36,31,19,23,892,none
6,93,40,29,30,9,78,78,35,30,19,22,892,none
7,98,43,29,30,9,79,77,35,30,19,22,892,none
8,98,46,29,30,9,80,76,35,30,19,22,892,none
9,98,50,29,30,6,79,76,35,30,19,21,892,none
10,95,57,29,30,8,79,76,35,30,19,24,892,none
0,60,15,30,20,20,80,78,40,35,10,30,893,initial
1,63,22,30,20,24,79,78,40,35,19,30,893,india_transport_success
2,69,24,30,20,23,78,77,40,35,19,29,893,none
3,76,28,30,20,20,77,77,39,34,19,28,893,none
4,83,32,30,20,17,77,76,38,33,19,27,893,none
5,90,36,30,20,14,78,77,37,32,19,26,893,none
6,93,43,30,20,14,77,78,37,32,23,26,893,none
7,98,47,30,20,11,77,79,37,32,23,25,893,none
8,98,50,30,20,11,78,78,37,32,23,25,893,none
9,98,54,30,20,8,78,77,33,28,23,20,893,earth_tension
10,98,59,30,35,5,77,77,33,28,23,20,893,mars_breakthrough
0,60,15,30,20,20,80,78,40,35,10,30,894,initial
1,59,21,30,30,21,80,79,40,35,10,32,894,mars_breakthrough
2,60,25,35,30,21,80,79,40,35,10,36,894,none
3,62,30,35,40,23,81,79,40,35,14,36,894,mars_breakthrough
4,65,37,35,40,23,80,79,40,35,18,36,894,none
5,64,44,35,40,25,79,80,41,36,18,39,894,none
6,63,51,35,40,27,79,80,42,37,18,42,894,none
7,63,60,35,40,27,79,80,43,38,18,45,894,none
8,70,64,35,40,24,80,80,44,39,18,44,894,none
9,70,72,35,40,23,80,80,45,40,18,46,894,none
10,69,79,35,40,25,80,80,46,41,18,49,894,none
0,60,15,30,20,20,80,78,40,35,10,30,895,initial
1,60,23,30,20,19,79,78,40,35,10,32,895,none
2,52,34,30,20,23,79,77,40,35,10,38,895,none
3,47,44,30,20,28,79,77,41,36,14,42,895,none
4,54,48,30,20,25,79,77,42,37,14,41,895,none
5,53,55,30,20,27,79,77,43,38,14,44,895,none
6,45,66,30,20,31,79,77,44,39,14,50,895,none
7,44,73,30,20,33,80,77,46,41,14,53,895,none
8,43,80,30,20,35,80,77,48,43,14,56,895,none
9,43,88,30,20,34,80,78,50,45,14,58,895,none
10,46,95,30,20,34,79,78,52,47,18,58,895,none
0,60,15,30,20,20,80,78,40,35,10,30,896,initial
1,59,22,30,20,22,81,78,40,35,10,33,896,none
2,51,33,30,20,26,80,78,40,35,10,39,896,none
3,60,36,30,20,27,79,79,40,35,10,37,896,new_ice_discovery
4,52,47,30,20,31,79,79,41,36,10,43,896,none
5,59,51,30,20,28,79,79,42,37,10,42,896,none
6,51,62,30,20,32,78,78,43,38,10,48,896,none
7,49,67,30,20,36,77,77,45,40,10,51,896,none
8,53,66,30,40,36,77,78,46,41,10,50,896,mars_breakthrough
9,56,73,30,40,36,77,78,47,42,14,50,896,none
10,66,78,30,40,35,77,77,48,43,14,48,896,new_ice_discovery
0,60,15,30,20,20,80,78,40,35,10,30,897,initial
1,59,22,30,20,22,80,79,40,35,10,33,897,none
2,57,27,30,20,26,80,79,40,35,10,36,897,none
3,64,31,30,20,23,80,80,40,35,10,35,897,none
4,71,35,30,20,20,80,80,39,34,10,34,897,none
5,71,43,30,20,19,80,80,39,34,10,36,897,none
6,75,48,35,20,19,80,81,39,34,22,39,897,japanese_breakthrough
7,75,56,35,20,18,79,80,39,34,22,41,897,none
8,78,60,40,20,21,80,80,39,34,34,45,897,japanese_breakthrough
9,85,64,40,20,18,81,80,39,34,34,44,897,none
10,92,68,40,20,15,81,81,39,34,34,43,897,none
0,60,15,30,20,20,80,78,40,35,10,30,898,initial
1,68,20,30,20,14,80,78,40,35,10,28,898,none
2,67,27,30,20,16,80,77,40,35,10,31,898,none
3,66,37,30,20,13,79,77,40,35,10,34,898,chinese_base_accident
4,74,42,30,20,7,78,77,40,35,10,32,898,none
5,81,46,30,20,4,79,77,40,35,10,31,898,none
6,88,50,30,20,1,79,76,40,35,10,30,898,none
7,96,55,30,20,0,79,76,40,35,10,28,898,none
8,96,63,30,20,0,79,76,40,35,10,30,898,none
9,98,67,30,20,0,79,76,40,35,10,29,898,none
10,96,76,30,20,0,79,76,40,35,10,32,898,none
0,60,15,30,20,20,80,78,40,35,10,30,899,initial
1,60,24,30,20,20,80,78,40,35,10,33,899,none
2,67,28,30,20,17,80,78,40,35,10,32,899,none
3,66,35,30,20,19,80,78,40,35,10,35,899,none
4,73,39,30,20,16,79,78,39,34,10,34,899,none
5,80,43,30,20,13,79,78,39,34,10,33,899,none
6,88,42,41,20,10,78,78,39,34,10,35,899,scientific_discovery
7,94,45,41,20,10,78,79,39,34,10,35,899,none
8,98,49,41,20,7,78,78,39,34,10,34,899,none
9,98,57,41,20,6,77,77,39,34,10,36,899,none
10,98,61,41,20,3,76,78,39,34,10,35,899,none
0,60,15,30,20,20,80,78,40,35,10,30,900,initial
1,59,22,30,20,22,80,78,40,35,10,33,900,none
2,65,25,30,20,26,80,79,40,35,15,33,900,india_transport_success
3,72,29,30,20,23,80,79,39,34,15,32,900,none
4,80,34,36,20,17,80,79,38,33,15,32,900,scientific_discovery
5,87,38,36,20,14,80,80,37,32,15,31,900,none
6,95,43,36,20,8,80,80,37,32,15,29,900,none
7,99,43,47,20,2,80,81,37,32,15,30,900,scientific_discovery
8,96,52,47,20,2,80,80,37,32,15,33,900,none
9,97,55,47,20,2,80,80,37,32,15,31,900,none
10,97,60,47,20,4,80,80,37,32,19,31,900,none
0,60,15,30,20,20,80,78,40,35,10,30,901,initial
1,59,22,30,20,22,80,77,40,35,10,33,901,none
2,60,25,35,20,21,79,77,40,35,10,36,901,none
3,58,34,35,20,21,79,77,40,35,10,40,901,us_base_accident
4,63,35,35,20,23,80,78,40,35,10,40,901,none
5,70,39,35,20,20,80,78,40,35,10,39,901,none
6,69,46,35,20,22,81,78,41,36,10,42,901,none
7,76,50,35,20,19,81,77,41,36,10,41,901,none
8,75,57,35,20,21,82,77,41,36,10,44,901,none
9,74,64,35,20,23,82,78,41,36,10,47,901,none
10,83,64,46,20,17,82,79,41,36,10,48,901,scientific_discovery
0,60,15,30,20,20,80,78,40,35,10,30,902,initial
1,52,26,30,20,24,79,78,40,35,10,36,902,none
2,51,32,30,30,25,79,78,40,35,10,38,902,mars_breakthrough
3,60,35,30,30,26,79,78,40,35,10,36,902,new_ice_discovery
4,58,40,40,30,29,80,78,40,35,22,44,902,japanese_breakthrough
5,58,49,40,30,29,81,77,41,36,22,47,902,none
6,65,53,40,30,26,82,78,42,37,22,46,902,none
7,68,60,40,30,26,82,78,43,38,26,46,902,none
8,64,72,40,30,33,82,77,44,39,35,50,902,india_transport_success
9,65,82,40,30,30,82,77,46,41,35,52,902,none
10,65,91,40,30,30,83,76,48,43,35,55,902,none
0,60,15,30,20,20,80,78,40,35,10,30,903,initial
1,63,19,35,20,23,80,79,40,35,22,34,903,japanese_breakthrough
2,56,32,35,20,25,81,80,40,35,22,40,903,none
3,55,39,35,20,27,81,80,40,35,22,43,903,none
4,54,46,35,20,29,81,81,41,36,22,46,903,none
5,47,59,35,20,31,80,81,43,38,22,52,903,none
6,54,63,35,20,28,81,81,45,40,22,51,903,none
7,53,70,35,20,30,82,82,47,42,22,54,903,none
8,47,83,36,28,32,82,82,49,44,27,59,903,rare_unknown
9,55,85,41,28,29,82,82,51,46,35,61,903,japanese_breakthrough
10,66,92,41,28,29,83,81,49,44,39,57,903,earth_tension
0,60,15,30,20,20,80,78,40,35,10,30,904,initial
1,59,22,30,20,22,81,78,40,35,10,33,904,none
2,56,30,26,20,21,80,78,40,35,14,34,904,rare_unknown
3,63,34,26,20,18,80,78,40,35,14,33,904,none
4,71,39,26,20,12,80,78,39,34,14,31,904,none
5,69,51,26,20,18,80,77,40,35,30,35,904,japanese_breakthrough
6,71,60,29,21,18,80,76,40,35,40,43,904,rare_unknown
7,70,67,29,21,20,80,76,41,36,40,46,904,none
8,73,74,29,21,20,81,76,41,36,44,46,904,none
9,72,81,29,21,22,82,76,41,36,44,49,904,none
10,78,84,35,21,22,81,75,42,37,44,51,904,scientific_discovery
0,60,15,30,20,20,80,78,40,35,10,30,905,initial
1,66,18,30,30,20,81,78,40,35,10,30,905,mars_breakthrough
2,61,28,30,30,25,82,78,40,35,14,34,905,none
3,62,38,30,30,22,83,78,40,35,14,36,905,none
4,61,45,30,30,24,82,77,41,36,14,39,905,none
5,53,60,30,30,24,82,77,42,37,14,46,905,chinese_base_accident
6,45,71,30,30,28,82,77,44,39,14,52,905,none
7,53,70,35,30,25,82,77,46,41,14,52,905,none
8,53,78,35,30,24,81,77,48,43,14,54,905,none
9,59,81,35,30,24,81,77,50,45,14,54,905,none
10,59,90,35,30,24,82,77,52,47,14,57,905,none
0,60,15,30,20,20,80,78,40,35,10,30,906,initial
1,61,25,30,20,17,81,78,40,35,10,32,906,none
2,68,29,30,20,14,80,78,40,35,10,31,906,none
3,71,39,30,20,14,79,79,39,34,22,33,906,japanese_breakthrough
4,79,44,30,20,8,80,79,39,34,22,31,906,none
5,79,53,30,20,8,79,78,39,34,22,34,906,none
6,79,61,30,20,7,79,78,39,34,22,36,906,none
7,85,64,30,20,7,79,77,39,34,22,36,906,none
8,84,71,30,20,9,79,76,39,34,22,39,906,none
9,87,78,30,20,9,79,76,39,34,26,39,906,none
10,93,81,30,20,9,79,76,39,34,26,39,906,none
0,60,15,30,20,20,80,78,40,35,10,30,907,initial
1,62,21,30,20,27,80,77,40,35,19,31,907,india_transport_success
2,62,29,30,20,26,80,78,40,35,19,33,907,none
3,78,34,30,20,20,79,78,35,30,19,27,907,earth_tension
4,87,37,30,20,21,78,77,34,29,19,25,907,new_ice_discovery
5,94,41,30,20,18,78,77,34,29,19,24,907,none
6,98,44,30,20,18,79,77,34,29,19,24,907,none
7,98,48,30,20,15,79,76,34,29,19,23,907,none
8,98,52,30,20,12,79,76,34,29,19,22,907,none
9,98,57,30,20,6,79,76,34,29,19,20,907,none
10,98,62,30,20,0,79,75,34,29,19,18,907,none
0,60,15,30,20,20,80,78,40,35,10,30,908,initial
1,59,22,30,20,22,81,78,40,35,10,33,908,none
2,67,27,30,30,16,81,78,40,35,10,31,908,mars_breakthrough
3,74,31,30,30,13,80,78,39,34,10,30,908,none
4,70,43,30,30,20,80,78,40,35,19,34,908,india_transport_success
5,68,52,30,30,20,81,79,41,36,19,38,908,us_base_accident
6,70,58,30,30,27,82,80,42,37,28,39,908,india_transport_success
7,77,62,30,30,24,82,80,42,37,28,38,908,none
8,78,72,30,30,21,82,80,42,37,28,40,908,none
9,71,85,30,30,23,83,79,42,37,28,46,908,none
10,70,95,30,30,20,84,80,43,38,28,49,908,chinese_base_accident
0,60,15,30,20,20,80,78,40,35,10,30,909,initial
1,68,20,30,20,14,80,78,40,35,10,28,909,none
2,78,25,30,20,13,80,77,39,34,10,26,909,new_ice_discovery
3,77,32,30,20,15,80,77,38,33,10,29,909,none
4,69,43,30,20,19,80,78,39,34,10,35,909,none
5,68,50,30,20,21,81,78,40,35,10,38,909,none
6,68,58,30,20,20,80,78,41,36,10,40,909,none
7,68,66,30,20,19,79,77,42,37,10,42,909,none
8,69,76,30,20,16,79,77,43,38,10,44,909,none
9,83,79,30,20,16,79,77,39,34,10,40,909,earth_tension
10,90,83,30,20,13,79,76,39,34,10,39,909,none
0,60,15,30,20,20,80,78,40,35,10,30,910,initial
1,60,24,30,20,20,80,78,40,35,10,33,910,none
2,59,31,30,20,22,80,77,40,35,10,36,910,none
3,65,34,30,20,22,80,76,40,35,10,36,910,none
4,72,37,30,20,18,81,77,39,34,10,34,910,none
5,71,44,30,20,20,82,76,39,34,10,37,910,none
6,78,48,30,20,17,82,76,39,34,10,36,910,none
7,85,52,30,20,14,81,76,39,34,10,35,910,none
8,91,55,30,20,14,80,75,39,34,10,35,910,none
9,98,59,30,20,11,81,75,39,34,10,34,910,none
10,96,61,35,20,18,81,76,39,34,10,38,910,new_ice_discovery
0,60,15,30,20,20,80,78,40,35,10,30,911,initial
1,53,28,30,20,22,80,77,40,35,10,36,911,none
2,49,36,35,20,27,81,77,40,35,22,43,911,japanese_breakthrough
3,49,44,35,20,26,82,76,41,36,22,45,911,none
4,45,56,35,20,33,81,76,42,37,31,49,911,india_transport_success
5,37,71,35,20,33,81,75,44,39,31,56,911,chinese_base_accident
6,44,75,35,20,30,81,75,46,41,31,55,911,none
7,51,79,35,20,27,80,76,48,43,31,54,911,none
8,58,83,35,20,24,80,77,50,45,31,53,911,none
9,57,90,35,20,26,81,77,52,47,31,56,911,none
10,48,95,34,21,30,81,78,54,49,38,59,911,rare_unknown
0,60,15,30,20,20,80,78,40,35,10,30,912,initial
1,60,24,30,20,20,81,77,40,35,10,33,912,none
2,67,28,30,20,17,81,77,40,35,10,32,912,none
3,66,35,30,20,19,81,77,40,35,10,35,912,none
4,73,39,30,20,16,81,78,39,34,10,34,912,none
5,71,44,30,20,20,82,78,39,34,10,37,912,none
6,78,48,30,20,17,81,78,39,34,10,36,912,none
7,78,56,30,20,16,81,77,39,34,10,38,912,none
8,84,59,30,20,16,80,78,39,34,10,38,912,none
9,90,62,30,20,16,79,78,39,34,10,38,912,none
10,96,65,30,20,16,79,78,39,34,10,38,912,none
0,60,15,30,20,20,80,78,40,35,10,30,913,initial
1,59,22,30,20,22,80,78,40,35,10,33,913,none
2,51,37,30,20,22,80,78,40,35,10,40,913,us_base_accident
3,51,45,30,20,21,81,78,41,36,10,42,913,none
4,59,50,30,20,15,81,79,42,37,10,40,913,none
5,61,55,35,20,12,81,78,43,38,10,43,913,none
6,68,59,35,20,9,80,78,44,39,10,42,913,none
7,76,64,41,20,3,80,77,44,39,10,42,913,scientific_discovery
8,78,70,41,20,6,80,77,44,39,14,43,913,none
9,85,74,41,20,3,81,77,44,39,14,42,913,none
10,85,82,41,20,2,81,77,44,39,14,44,913,none
0,60,15,30,20,20,80,78,40,35,10,30,914,initial
1,59,22,30,20,22,80,78,40,35,10,33,914,none
2,66,26,30,20,19,79,79,40,35,10,32,914,none
3,74,31,30,20,13,79,79,39,34,10,30,914,none
4,79,35,30,20,10,79,78,38,33,10,30,914,us_base_accident
5,71,50,30,20,10,80,77,38,33,10,37,914,chinese_base_accident
6,63,65,30,20,10,80,77,39,34,10,44,914,chinese_base_accident
7,70,68,30,30,6,80,77,40,35,10,42,914,mars_breakthrough
8,77,72,30,30,3,80,77,40,35,10,41,914,none
9,83,75,30,30,3,80,78,40,35,10,41,914,none
10,82,82,30,30,5,80,79,40,35,10,44,914,none
0,60,15,30,20,20,80,78,40,35,10,30,915,initial
1,63,22,30,20,20,80,79,40,35,14,30,915,none
2,70,26,30,20,17,79,79,40,35,14,29,915,none
3,73,33,30,20,17,78,78,39,34,18,29,915,none
4,72,40,30,20,19,78,78,38,33,18,32,915,none
5,72,48,30,20,18,77,79,38,33,18,34,915,none
6,71,55,30,20,20,77,80,38,33,18,37,915,none
7,72,65,30,20,17,78,80,38,33,18,39,915,none
8,79,69,30,20,14,77,81,38,33,18,38,915,none
9,76,79,35,20,17,78,81,38,33,30,45,915,japanese_breakthrough
10,83,83,35,20,14,78,80,38,33,30,44,915,none
0,60,15,30,20,20,80,78,40,35,10,30,916,initial
1,68,20,30,20,14,79,78,40,35,10,28,916,none
2,75,24,30,20,11,79,79,39,34,10,27,916,none
3,84,27,35,20,5,79,78,38,33,18,28,916,japanese_breakthrough
4,91,30,35,20,2,79,77,37,32,18,26,916,none
5,98,35,35,30,0,79,76,36,31,18,24,916,mars_breakthrough
6,98,40,35,30,0,79,76,35,30,18,22,916,none
7,95,48,35,30,2,80,76,35,30,18,24,916,none
8,98,51,35,30,2,80,76,35,30,18,24,916,none
9,98,55,35,30,0,80,77,35,30,18,23,916,none
10,95,63,35,30,2,80,77,35,30,18,25,916,none
0,60,15,30,20,20,80,78,40,35,10,30,917,initial
1,60,24,30,20,20,80,78,40,35,10,33,917,none
2,75,28,30,20,17,79,77,35,30,10,28,917,earth_tension
3,72,35,35,20,24,79,76,34,29,19,33,917,india_transport_success
4,67,45,35,20,29,79,76,35,30,23,37,917,none
5,74,49,35,20,26,78,76,35,30,23,36,917,none
6,80,52,35,20,26,78,77,35,30,23,36,917,none
7,87,56,35,20,23,78,77,35,30,23,35,917,none
8,93,59,35,20,23,78,76,35,30,23,35,917,none
9,98,62,35,20,23,77,76,35,30,23,35,917,none
10,98,66,35,20,20,77,77,35,30,23,34,917,none
0,60,15,30,20,20,80,78,40,35,10,30,918,initial
1,59,22,30,20,22,80,77,40,35,10,33,918,none
2,52,35,30,20,24,80,77,40,35,10,39,918,none
3,47,45,30,20,29,80,77,41,36,14,43,918,none
4,45,57,30,20,35,80,76,42,37,30,47,918,japanese_breakthrough
5,52,61,30,20,32,79,76,43,38,30,46,918,none
6,59,65,30,30,29,79,77,44,39,30,45,918,mars_breakthrough
7,51,76,30,30,33,78,77,46,41,30,51,918,none
8,43,87,30,30,37,77,77,48,43,30,57,918,none
9,43,96,30,30,37,78,78,50,45,30,60,918,none
10,35,100,30,30,41,79,78,52,47,30,66,918,none
0,60,15,30,20,20,80,78,40,35,10,30,919,initial
1,59,22,30,20,22,80,78,40,35,10,33,919,none
2,51,33,30,20,26,80,78,40,35,10,39,919,none
3,50,40,30,20,28,80,77,40,35,10,42,919,none
4,53,47,30,20,32,79,77,41,36,19,42,919,india_transport_success
5,60,51,30,20,29,79,77,42,37,19,41,919,none
6,61,58,30,20,29,79,77,43,38,23,42,919,us_base_accident
7,60,65,30,20,31,79,77,44,39,23,45,919,none
8,67,69,30,20,28,79,77,45,40,23,44,919,none
9,74,73,30,20,25,78,77,45,40,23,43,919,none
10,80,76,30,20,25,79,77,45,40,23,43,919,none
0,60,15,30,20,20,80,78,40,35,10,30,920,initial
1,55,25,30,20,25,80,78,40,35,14,34,920,none
2,47,36,30,20,29,80,78,40,35,14,40,920,none
3,55,35,35,20,26,81,78,40,35,14,40,920,none
4,72,39,37,18,23,82,78,39,34,18,32,920,rare_unknown
5,78,42,37,18,23,81,77,39,34,18,32,920,none
6,78,50,37,18,22,81,77,39,34,18,34,920,none
7,86,55,37,18,16,81,77,39,34,18,32,920,none
8,93,59,37,18,13,81,77,39,34,18,31,920,none
9,98,64,37,18,7,81,76,39,34,18,29,920,none
10,98,69,37,18,1,81,75,39,34,18,27,920,none
0,60,15,30,20,20,80,78,40,35,10,30,921,initial
1,58,20,30,20,24,80,78,40,35,10,33,921,none
2,64,23,30,20,24,79,78,40,35,10,33,921,none
3,56,34,30,20,28,80,79,40,35,10,39,921,none
4,48,49,30,20,28,80,80,41,36,10,46,921,chinese_base_accident
5,47,56,30,20,30,79,80,42,37,10,49,921,none
6,41,64,35,20,32,80,81,44,39,10,56,921,none
7,41,72,35,20,31,80,81,46,41,10,58,921,none
8,33,87,35,20,31,79,81,48,43,10,65,921,chinese_base_accident
9,32,94,35,20,33,78,80,50,45,10,68,921,none
10,32,100,35,20,32,78,80,52,47,10,70,921,none
0,60,15,30,20,20,80,78,40,35,10,30,922,initial
1,60,23,30,20,19,80,78,40,35,10,32,922,none
2,61,33,30,20,16,80,77,40,35,10,34,922,none
3,71,38,30,20,15,80,78,39,34,10,32,922,new_ice_discovery
4,63,53,30,20,15,79,79,40,35,10,39,922,chinese_base_accident
5,71,58,36,20,9,79,80,40,35,10,39,922,scientific_discovery
6,63,69,36,20,13,79,79,41,36,10,45,922,none
7,63,78,36,20,13,79,78,42,37,10,48,922,none
8,70,82,36,20,10,79,77,43,38,10,47,922,none
9,70,90,36,20,9,80,77,44,39,10,49,922,none
10,73,94,41,20,12,80,77,45,40,22,53,922,japanese_breakthrough
0,60,15,30,20,20,80,78,40,35,10,30,923,initial
1,54,23,35,20,22,79,79,40,35,10,37,923,none
2,62,28,35,20,16,79,78,40,35,10,35,923,none
3,69,32,35,20,13,79,78,40,35,10,34,923,none
4,68,39,35,20,15,78,79,40,35,10,37,923,none
5,74,42,35,20,15,79,79,40,35,10,37,923,none
6,81,46,35,20,12,80,80,40,35,10,36,923,none
7,97,50,41,22,9,80,80,40,35,16,34,923,rare_unknown
8,98,53,41,22,9,80,80,40,35,16,34,923,none
9,98,61,41,22,8,79,80,40,35,16,36,923,none
10,98,65,41,22,5,80,79,40,35,16,35,923,none
0,60,15,30,20,20,80,78,40,35,10,30,924,initial
1,59,21,30,20,21,80,78,40,35,10,32,924,none
2,59,30,30,20,21,80,79,40,35,10,35,924,none
3,61,35,35,20,18,81,79,40,35,10,38,924,none
4,70,38,35,20,19,81,79,40,35,10,36,924,new_ice_discovery
5,62,49,35,20,23,81,78,41,36,10,42,924,none
6,69,53,35,20,20,82,78,42,37,10,41,924,none
7,61,64,35,20,24,82,78,43,38,10,47,924,none
8,76,68,35,20,21,82,78,39,34,10,42,924,earth_tension
9,75,75,35,20,23,82,78,39,34,10,45,924,none
10,75,84,35,20,23,82,77,39,34,10,48,924,none
0,60,15,30,20,20,80,78,40,35,10,30,925,initial
1,60,23,30,20,19,79,78,40,35,10,32,925,none
2,56,38,30,20,22,78,77,40,35,22,38,925,japanese_breakthrough
3,55,45,30,20,24,78,77,41,36,22,41,925,none
4,63,50,30,20,18,78,77,42,37,22,39,925,none
5,70,54,30,20,15,78,78,43,38,22,38,925,none
6,78,62,30,20,14,78,79,39,34,22,36,925,earth_tension
7,78,71,30,20,14,78,79,39,34,22,39,925,none
8,86,76,30,20,8,78,80,39,34,22,37,925,none
9,93,80,30,20,5,78,80,39,34,22,36,925,none
10,92,87,30,20,7,79,79,39,34,22,39,925,none
0,60,15,30,20,20,80,78,40,35,10,30,926,initial
1,67,19,30,20,17,81,78,40,35,10,29,926,none
2,66,26,30,20,19,80,78,40,35,10,32,926,none
3,69,33,30,20,23,79,79,40,35,19,32,926,india_transport_success
4,69,42,30,20,23,80,80,41,36,19,35,926,none
5,71,48,30,20,26,79,79,41,36,23,36,926,none
6,75,51,30,20,26,78,79,41,36,23,37,926,chinese_base_accident
7,82,55,30,20,23,79,79,41,36,23,36,926,none
8,89,59,36,20,20,79,79,41,36,23,37,926,scientific_discovery
9,89,68,36,20,20,80,78,41,36,23,40,926,none
10,84,78,36,20,25,80,78,41,36,27,44,926,none
0,60,15,30,20,20,80,78,40,35,10,30,927,initial
1,60,23,30,20,19,81,78,40,35,10,32,927,none
2,60,31,30,20,18,81,78,40,35,10,34,927,none
3,59,38,30,20,20,81,79,40,35,10,37,927,none
4,59,46,30,20,19,82,78,41,36,10,39,927,none
5,66,50,30,20,16,82,79,42,37,10,38,927,none
6,74,55,30,20,10,83,79,42,37,10,36,927,none
7,82,60,30,20,4,83,80,42,37,10,34,927,none
8,89,64,30,20,1,83,80,42,37,10,33,927,none
9,97,69,30,20,0,84,80,42,37,10,31,927,none
10,97,77,30,20,0,84,80,42,37,10,33,927,none
0,60,15,30,20,20,80,78,40,35,10,30,928,initial
1,60,23,30,20,19,80,79,40,35,10,32,928,none
2,60,31,30,20,18,80,78,40,35,10,34,928,none
3,60,40,30,20,18,79,78,40,35,10,37,928,none
4,55,50,30,20,23,78,78,41,36,14,41,928,none
5,47,61,30,20,27,77,78,42,37,14,47,928,none
6,46,68,30,20,29,77,78,43,38,14,50,928,none
7,38,83,30,20,29,78,78,45,40,14,57,928,chinese_base_accident
8,38,91,30,20,28,78,78,47,42,14,59,928,none
9,30,100,30,20,32,77,78,49,44,14,65,928,none
10,30,100,30,20,31,77,78,51,46,14,67,928,none
0,60,15,30,20,20,80,78,40,35,10,30,929,initial
1,67,19,30,20,21,80,78,40,35,15,29,929,india_transport_success
2,66,26,30,20,23,81,78,40,35,15,32,929,none
3,73,30,30,20,20,81,78,39,34,15,31,929,none
4,80,34,30,20,17,81,79,38,33,15,30,929,none
5,79,44,30,20,14,80,79,38,33,15,33,929,us_base_accident
6,84,45,30,20,16,80,79,38,33,15,33,929,none
7,84,53,30,30,15,81,79,38,33,15,35,929,mars_breakthrough
8,84,61,30,30,14,82,80,38,33,15,37,929,none
9,90,64,30,30,14,82,80,38,33,15,37,929,none
10,98,68,30,30,11,82,80,34,29,15,32,929,earth_tension
0,60,15,30,20,20,80,78,40,35,10,30,930,initial
1,52,26,30,20,24,80,79,40,35,10,36,930,none
2,51,33,30,20,26,81,79,40,35,10,39,930,none
3,58,37,30,30,23,82,79,40,35,10,38,930,mars_breakthrough
4,50,48,30,30,27,82,78,41,36,10,44,930,none
5,50,56,30,30,26,82,78,42,37,10,46,930,none
6,49,63,30,30,28,82,78,43,38,10,49,930,none
7,48,70,30,30,30,82,78,45,40,10,52,930,none
8,47,77,30,30,32,82,77,47,42,10,55,930,none
9,39,88,30,30,36,81,78,49,44,10,61,930,none
10,38,95,30,30,38,81,78,51,46,10,64,930,none
0,60,15,30,20,20,80,78,40,35,10,30,931,initial
1,52,26,30,20,24,79,77,40,35,10,36,931,none
2,45,39,30,20,26,80,77,40,35,10,42,931,none
3,52,43,30,20,23,80,76,41,36,10,41,931,none
4,58,46,30,20,23,81,77,42,37,10,41,931,none
5,50,57,30,20,27,81,77,43,38,10,47,931,none
6,56,60,30,20,27,81,77,44,39,10,47,931,none
7,48,71,30,20,31,82,77,46,41,10,53,931,none
8,55,75,30,20,28,83,76,48,43,10,52,931,none
9,50,85,30,20,33,83,76,50,45,14,56,931,none
10,52,91,30,20,40,83,76,52,47,23,57,931,india_transport_success
0,60,15,30,20,20,80,78,40,35,10,30,932,initial
1,66,17,31,27,19,80,78,40,35,12,34,932,rare_unknown
2,65,24,31,27,21,80,78,40,35,12,37,932,none
3,63,29,31,27,25,80,77,40,35,12,40,932,none
4,69,32,31,27,25,79,76,40,35,12,40,932,none
5,69,40,31,27,24,79,77,40,35,12,42,932,none
6,77,45,37,27,18,79,77,40,35,12,42,932,scientific_discovery
7,73,57,37,27,25,79,77,40,35,21,46,932,india_transport_success
8,67,72,37,27,25,79,77,42,37,21,52,932,none
9,67,81,37,27,25,79,77,44,39,21,55,932,none
10,67,89,37,27,24,79,76,46,41,21,57,932,none
0,60,15,30,20,20,80,78,40,35,10,30,933,initial
1,60,24,30,20,20,81,77,40,35,10,33,933,none
2,60,33,30,20,20,80,77,40,35,10,36,933,none
3,59,40,30,20,22,79,77,40,35,10,39,933,none
4,65,43,30,20,22,79,78,41,36,10,39,933,none
5,71,49,30,20,22,79,77,41,36,18,41,933,japanese_breakthrough
6,78,53,30,20,19,79,77,41,36,18,40,933,none
7,87,56,30,20,20,80,77,41,36,18,38,933,new_ice_discovery
8,89,62,30,20,23,81,76,41,36,22,39,933,none
9,81,73,30,20,27,81,76,41,36,22,45,933,none
10,88,77,30,20,24,81,76,41,36,22,44,933,none
0,60,15,30,20,20,80,78,40,35,10,30,934,initial
1,60,23,30,20,19,80,78,40,35,10,32,934,none
2,68,22,35,20,16,80,78,40,35,10,32,934,none
3,75,26,35,20,13,81,77,39,34,10,31,934,none
4,81,29,35,20,13,80,77,38,33,10,31,934,none
5,81,38,35,20,17,80,77,37,32,15,34,934,india_transport_success
6,81,46,35,20,16,80,77,37,32,15,36,934,none
7,87,49,35,20,16,80,78,37,32,15,36,934,none
8,80,62,35,20,18,80,79,37,32,15,42,934,none
9,87,66,35,20,15,80,79,37,32,15,41,934,none
10,79,81,35,20,15,80,78,37,32,15,48,934,chinese_base_accident
0,60,15,30,20,20,80,78,40,35,10,30,935,initial
1,67,19,30,20,17,79,77,40,35,10,29,935,none
2,74,23,30,20,14,79,77,39,34,10,28,935,none
3,67,36,30,20,16,78,76,39,34,10,34,935,none
4,75,41,30,20,10,79,76,39,34,10,32,935,none
5,81,44,30,20,10,79,75,39,34,10,32,935,none
6,88,51,30,20,12,80,74,35,30,10,31,935,earth_tension
7,87,58,30,20,14,80,73,35,30,10,34,935,none
8,94,62,30,20,11,80,72,35,30,10,33,935,none
9,94,70,30,20,10,80,72,35,30,10,35,935,none
10,98,74,30,20,7,80,71,35,30,10,34,935,none
0,60,15,30,20,20,80,78,40,35,10,30,936,initial
1,60,23,30,20,19,79,79,40,35,10,32,936,none
2,67,27,30,20,16,79,80,40,35,10,31,936,none
3,66,34,30,20,18,79,81,40,35,10,34,936,none
4,62,46,30,20,25,79,81,41,36,19,38,936,india_transport_success
5,62,54,30,20,24,78,82,42,37,19,40,936,none
6,57,67,30,20,29,77,82,43,38,31,46,936,japanese_breakthrough
7,63,70,30,20,29,78,82,44,39,31,46,936,none
8,70,74,30,20,26,79,83,45,40,31,45,936,none
9,70,82,30,20,25,79,83,46,41,31,47,936,none
10,71,92,30,20,22,79,83,46,41,31,49,936,none
0,60,15,30,20,20,80,78,40,35,10,30,937,initial
1,53,28,30,20,22,80,78,40,35,10,36,937,none
2,64,32,32,27,19,80,79,40,35,6,36,937,rare_unknown
3,56,47,32,27,19,80,79,41,36,6,43,937,us_base_accident
4,62,50,32,27,19,80,79,42,37,6,43,937,none
5,56,65,32,27,19,80,79,43,38,6,49,937,none
6,62,67,32,27,18,79,79,44,39,6,48,937,none
7,61,74,32,27,20,78,80,46,41,6,51,937,none
8,59,83,32,27,20,78,80,48,43,6,55,937,chinese_base_accident
9,52,96,32,27,22,78,79,50,45,6,61,937,none
10,52,100,32,27,21,78,79,52,47,6,63,937,none
0,60,15,30,20,20,80,78,40,35,10,30,938,initial
1,60,24,30,20,20,81,78,40,35,10,33,938,none
2,68,29,36,20,14,81,79,40,35,10,33,938,scientific_discovery
3,64,41,36,20,17,80,79,41,36,14,37,938,none
4,56,52,36,20,21,79,78,42,37,14,43,938,none
5,56,61,36,20,21,79,77,43,38,14,46,938,none
6,51,71,36,20,26,79,76,44,39,18,50,938,none
7,43,86,36,20,26,79,76,46,41,18,57,938,us_base_accident
8,50,90,36,20,23,79,77,48,43,18,56,938,none
9,49,97,36,20,25,80,77,50,45,18,59,938,none
10,41,100,36,20,29,80,77,52,47,18,65,938,none
0,60,15,30,20,20,80,78,40,35,10,30,939,initial
1,67,18,30,30,16,79,78,40,35,10,28,939,mars_breakthrough
2,69,26,30,30,20,79,79,40,35,10,30,939,new_ice_discovery
3,68,33,30,30,22,79,80,40,35,10,33,939,none
4,75,40,30,35,22,80,80,39,34,21,41,939,rare_unknown
5,82,44,30,35,19,81,81,39,34,21,40,939,none
6,89,48,30,35,16,82,80,39,34,21,39,939,none
7,96,52,30,35,13,82,79,39,34,21,38,939,none
8,98,56,30,35,10,82,79,39,34,21,37,939,none
9,95,63,30,35,12,82,79,39,34,21,40,939,none
10,98,66,30,35,12,83,78,39,34,21,40,939,none
0,60,15,30,20,20,80,78,40,35,10,30,940,initial
1,52,26,30,20,24,79,78,40,35,10,36,940,none
2,48,38,30,20,31,79,78,40,35,19,40,940,india_transport_success
3,56,43,36,20,25,79,78,41,36,19,40,940,scientific_discovery
4,56,52,36,20,25,79,78,42,37,19,43,940,none
5,56,61,36,20,25,79,77,43,38,19,46,940,none
6,55,68,36,20,27,80,76,44,39,19,49,940,none
7,55,76,36,20,26,80,75,46,41,19,51,940,none
8,70,80,36,20,23,80,74,43,38,19,46,940,earth_tension
9,78,79,41,20,20,79,75,43,38,19,46,940,none
10,84,81,41,20,19,80,75,43,38,19,45,940,none
0,60,15,30,20,20,80,78,40,35,10,30,941,initial
1,61,25,30,20,17,81,78,40,35,10,32,941,none
2,60,32,35,20,23,82,77,40,35,26,37,941,japanese_breakthrough
3,59,39,40,20,29,82,77,40,35,42,42,941,japanese_breakthrough
4,58,46,40,20,31,82,78,41,36,42,45,941,none
5,57,53,40,20,33,82,78,42,37,42,48,941,none
6,56,60,40,20,35,83,79,44,39,42,51,941,none
7,48,75,40,20,35,83,79,46,41,42,58,941,chinese_base_accident
8,48,83,40,20,34,83,79,48,43,42,60,941,none
9,47,90,40,20,36,83,78,50,45,42,63,941,none
10,46,97,40,20,38,83,79,52,47,42,66,941,none
0,60,15,30,20,20,80,78,40,35,10,30,942,initial
1,53,28,30,20,22,81,78,40,35,10,36,942,none
2,53,36,30,20,21,81,78,40,35,10,38,942,none
3,60,40,30,20,18,81,79,40,35,10,37,942,none
4,67,44,30,20,15,81,78,41,36,10,36,942,none
5,76,44,41,20,9,81,79,41,36,10,37,942,scientific_discovery
6,68,55,41,20,13,82,79,42,37,10,43,942,none
7,68,64,41,20,13,82,78,43,38,10,46,942,none
8,71,68,46,20,16,83,78,43,38,22,50,942,japanese_breakthrough
9,78,72,46,20,13,83,78,43,38,22,49,942,none
10,85,76,46,20,10,83,78,43,38,22,48,942,none
0,60,15,30,20,20,80,78,40,35,10,30,943,initial
1,52,30,30,20,20,81,78,40,35,10,37,943,chinese_base_accident
2,53,40,30,20,17,82,77,40,35,10,39,943,none
3,53,48,30,20,16,82,76,41,36,10,41,943,none
4,60,52,30,20,13,82,77,42,37,10,40,943,none
5,60,61,30,20,13,81,77,43,38,10,43,943,none
6,70,66,30,20,12,81,78,44,39,10,41,943,new_ice_discovery
7,77,70,30,20,9,82,78,44,39,10,40,943,none
8,84,74,36,20,6,82,79,44,39,10,41,943,scientific_discovery
9,92,79,36,20,0,82,78,44,39,10,39,943,none
10,98,83,36,20,0,83,78,44,39,10,38,943,none
0,60,15,30,20,20,80,78,40,35,10,30,944,initial
1,54,27,30,20,23,80,77,40,35,14,35,944,chinese_base_accident
2,49,37,30,20,28,80,76,40,35,18,39,944,none
3,44,47,30,20,33,80,76,41,36,22,43,944,none
4,50,50,30,20,33,80,77,42,37,22,43,944,none
5,48,59,30,20,33,81,76,43,38,22,47,944,chinese_base_accident
6,48,67,30,20,32,80,76,44,39,22,49,944,none
7,54,70,30,20,32,79,75,45,40,22,49,944,none
8,53,77,30,20,34,79,76,47,42,22,52,944,none
9,48,87,30,20,39,78,75,49,44,26,56,944,none
10,51,94,30,20,43,78,76,51,46,35,56,944,india_transport_success
0,60,15,30,20,20,80,78,40,35,10,30,945,initial
1,61,25,30,20,17,79,78,40,35,10,32,945,none
2,61,34,30,20,17,79,79,40,35,10,35,945,none
3,75,37,30,20,17,79,79,35,30,10,31,945,earth_tension
4,77,43,30,20,24,80,79,35,30,19,32,945,india_transport_success
5,85,48,30,20,18,79,78,35,30,19,30,945,none
6,92,52,30,20,15,80,78,35,30,19,29,945,none
7,98,56,30,20,12,80,78,35,30,19,28,945,none
8,90,67,30,20,16,80,78,35,30,19,34,945,none
9,97,71,30,20,13,80,77,35,30,19,33,945,none
10,96,80,30,20,13,80,77,35,30,19,36,945,none
0,60,15,30,20,20,80,78,40,35,10,30,946,initial
1,61,19,35,20,20,80,77,40,35,10,34,946,none
2,67,21,35,20,19,79,77,40,35,10,33,946,none
3,70,28,35,20,19,78,78,40,35,14,33,946,none
4,60,36,42,24,18,77,78,40,35,21,35,946,rare_unknown
5,67,40,42,24,15,77,77,40,35,21,34,946,none
6,68,50,42,24,12,76,77,41,36,21,36,946,none
7,75,54,42,24,9,77,77,41,36,21,35,946,none
8,82,58,42,24,6,77,77,41,36,21,34,946,none
9,89,62,42,24,3,77,77,41,36,21,33,946,none
10,98,67,42,24,2,77,77,41,36,21,31,946,new_ice_discovery
0,60,15,30,20,20,80,78,40,35,10,30,947,initial
1,52,26,30,20,24,79,78,40,35,10,36,947,none
2,54,32,30,20,27,80,78,40,35,14,37,947,none
3,54,40,30,30,26,79,77,40,35,14,39,947,mars_breakthrough
4,54,48,30,30,25,80,76,41,36,14,41,947,none
5,53,55,30,30,27,80,77,42,37,14,44,947,none
6,51,64,30,30,27,80,77,43,38,14,48,947,us_base_accident
7,51,73,30,30,27,79,77,45,40,14,51,947,none
8,59,80,26,36,29,80,77,47,42,17,53,947,rare_unknown
9,66,84,26,36,26,80,77,49,44,17,52,947,none
10,65,91,26,36,28,80,78,51,46,17,55,947,none
0,60,15,30,20,20,80,78,40,35,10,30,948,initial
1,68,20,30,20,14,80,77,40,35,10,28,948,none
2,60,31,30,20,18,79,77,40,35,10,34,948,none
3,58,40,30,20,18,79,77,40,35,10,38,948,chinese_base_accident
4,57,47,30,20,20,80,77,41,36,10,41,948,none
5,57,55,30,20,19,80,76,42,37,10,43,948,none
6,65,58,38,19,19,80,75,43,38,20,46,948,rare_unknown
7,64,65,38,19,21,79,75,44,39,20,49,948,none
8,64,74,38,19,21,79,75,46,41,20,52,948,none
9,73,84,38,19,18,79,75,42,37,20,50,948,earth_tension
10,79,87,38,19,18,79,75,42,37,20,50,948,none
0,60,15,30,20,20,80,78,40,35,10,30,949,initial
1,59,22,30,20,22,80,77,40,35,10,33,949,none
2,67,27,30,20,16,79,76,40,35,10,31,949,none
3,74,31,30,20,13,79,77,39,34,10,30,949,none
4,72,36,30,20,17,79,76,38,33,10,33,949,none
5,87,40,30,20,14,79,76,33,28,10,28,949,earth_tension
6,87,48,30,20,13,78,77,33,28,10,30,949,none
7,93,51,30,20,13,78,77,33,28,10,30,949,none
8,92,58,30,20,15,78,78,33,28,10,33,949,none
9,98,62,30,20,12,78,78,33,28,10,32,949,none
10,98,67,30,20,11,79,78,33,28,10,30,949,new_ice_discovery
0,60,15,30,20,20,80,78,40,35,10,30,950,initial
1,60,23,30,30,19,80,78,40,35,10,32,950,mars_breakthrough
2,52,38,30,30,19,80,78,40,35,10,39,950,chinese_base_accident
3,51,48,30,30,16,79,77,41,36,10,42,950,chinese_base_accident
4,53,54,30,30,19,79,77,42,37,14,43,950,none
5,60,57,30,30,15,79,77,43,38,14,41,950,none
6,67,61,30,30,12,78,77,44,39,14,40,950,none
7,67,69,30,30,11,77,76,45,40,14,42,950,none
8,77,74,30,30,10,76,76,45,40,14,40,950,new_ice_discovery
9,76,81,30,30,12,76,77,45,40,14,43,950,none
10,76,89,30,30,11,75,77,45,40,14,45,950,none
0,60,15,30,20,20,80,78,40,35,10,30,951,initial
1,69,15,41,20,14,80,78,40,35,10,31,951,scientific_discovery
2,64,25,41,20,19,81,78,40,35,14,35,951,none
3,56,40,41,20,19,81,77,40,35,14,42,951,chinese_base_accident
4,63,44,41,20,16,80,76,41,36,14,41,951,none
5,63,53,41,20,16,81,76,42,37,14,44,951,none
6,70,57,41,20,13,82,77,43,38,14,43,951,none
7,78,62,41,20,7,82,78,43,38,14,41,951,none
8,85,66,41,20,4,82,78,43,38,14,40,951,none
9,92,70,41,20,1,81,77,43,38,14,39,951,none
10,91,77,41,20,3,82,78,43,38,14,42,951,none
0,60,15,30,20,20,80,78,40,35,10,30,952,initial
1,60,23,30,20,19,80,77,40,35,10,32,952,none
2,55,33,30,20,24,81,78,40,35,14,36,952,none
3,55,42,30,20,24,81,77,41,36,14,39,952,none
4,63,47,30,20,18,81,77,42,37,14,37,952,none
5,69,50,30,20,18,81,77,43,38,14,37,952,none
6,65,62,30,20,21,82,77,44,39,18,41,952,none
7,68,72,30,20,21,81,76,45,40,30,43,952,japanese_breakthrough
8,74,75,30,20,21,81,76,45,40,30,43,952,none
9,74,84,30,20,21,81,75,45,40,30,46,952,none
10,83,88,30,20,23,81,74,45,40,30,45,952,new_ice_discovery
0,60,15,30,20,20,80,78,40,35,10,30,953,initial
1,70,18,30,19,20,79,77,40,35,17,34,953,rare_unknown
2,70,27,30,19,20,78,77,40,35,17,37,953,none
3,62,38,30,19,24,78,77,40,35,17,43,953,none
4,64,44,30,19,27,78,78,41,36,21,44,953,none
5,56,55,30,19,31,79,77,42,37,21,50,953,none
6,56,63,30,19,30,80,76,44,39,21,52,953,none
7,56,71,30,19,29,80,76,46,41,21,54,953,none
8,59,78,30,19,33,80,76,48,43,30,54,953,india_transport_success
9,63,81,30,19,33,80,76,50,45,30,55,953,us_base_accident
10,63,83,35,19,35,81,77,52,47,30,59,953,none
0,60,15,30,20,20,80,78,40,35,10,30,954,initial
1,59,22,30,20,22,79,78,40,35,10,33,954,none
2,51,37,30,20,22,79,78,40,35,10,40,954,chinese_base_accident
3,51,45,30,20,21,80,78,41,36,10,42,954,none
4,51,53,30,20,20,81,78,42,37,10,44,954,none
5,50,60,30,20,22,81,78,43,38,10,47,954,none
6,57,64,30,20,19,80,78,44,39,10,46,954,none
7,64,68,30,20,16,81,77,45,40,10,45,954,none
8,64,70,35,20,18,80,76,46,41,10,49,954,none
9,57,81,37,20,22,80,77,48,43,8,63,954,rare_unknown
10,49,92,37,20,26,79,77,50,45,8,69,954,none
0,60,15,30,20,20,80,78,40,35,10,30,955,initial
1,66,18,30,20,20,80,77,40,35,10,30,955,none
2,66,22,29,29,17,81,77,40,35,19,26,955,rare_unknown
3,76,26,26,35,14,81,77,39,34,25,31,955,rare_unknown
4,83,30,26,35,11,81,77,38,33,25,30,955,none
5,90,34,26,35,8,81,77,37,32,25,29,955,none
6,89,41,26,35,10,82,77,37,32,25,32,955,none
7,96,45,26,35,7,83,76,37,32,25,31,955,none
8,98,49,26,35,4,83,76,37,32,25,30,955,none
9,96,58,26,35,8,82,77,37,32,30,33,955,india_transport_success
10,98,62,26,35,5,82,77,37,32,30,32,955,none
0,60,15,30,20,20,80,78,40,35,10,30,956,initial
1,60,23,30,20,19,80,78,40,35,10,32,956,none
2,52,38,30,20,19,80,77,40,35,10,39,956,chinese_base_accident
3,44,49,30,20,23,81,77,41,36,10,45,956,none
4,44,57,30,20,22,81,78,42,37,10,47,956,none
5,43,64,30,20,24,82,78,43,38,10,50,956,none
6,42,71,30,20,26,81,77,45,40,10,53,956,none
7,41,78,30,20,28,82,77,47,42,10,56,956,none
8,50,78,41,20,22,82,77,49,44,10,57,956,scientific_discovery
9,50,86,41,20,21,82,78,51,46,10,59,956,none
10,42,97,41,20,25,82,79,53,48,10,65,956,none
0,60,15,30,20,20,80,78,40,35,10,30,957,initial
1,60,23,30,20,19,80,78,40,35,10,32,957,none
2,68,32,30,20,19,81,77,36,31,10,31,957,earth_tension
3,76,37,30,20,13,80,77,35,30,10,29,957,none
4,84,42,30,20,7,80,77,35,30,10,27,957,none
5,76,57,30,20,7,79,76,35,30,10,34,957,chinese_base_accident
6,76,66,30,20,7,79,75,35,30,10,37,957,none
7,83,70,30,20,4,79,75,35,30,10,36,957,none
8,90,74,30,20,1,80,75,35,30,10,35,957,none
9,90,78,29,27,0,81,76,35,30,5,33,957,rare_unknown
10,89,85,29,27,2,81,75,35,30,5,36,957,none
0,60,15,30,20,20,80,78,40,35,10,30,958,initial
1,59,22,30,20,22,80,77,40,35,10,33,958,none
2,52,35,30,20,24,80,77,40,35,10,39,958,none
3,51,41,30,20,25,81,77,41,36,10,41,958,none
4,51,49,30,20,24,81,77,42,37,10,43,958,none
5,44,62,30,20,26,81,77,43,38,10,49,958,none
6,36,73,30,20,30,82,78,45,40,10,55,958,none
7,35,80,30,20,32,82,78,47,42,10,58,958,none
8,27,91,30,30,36,81,78,49,44,10,64,958,mars_breakthrough
9,25,96,30,30,40,82,78,51,46,10,67,958,none
10,18,100,35,30,44,82,78,53,48,10,74,958,none
0,60,15,30,20,20,80,78,40,35,10,30,959,initial
1,68,20,30,20,14,81,78,40,35,10,28,959,none
2,62,32,30,20,17,81,78,40,35,14,33,959,us_base_accident
3,69,36,30,20,14,80,79,40,35,14,32,959,none
4,62,49,30,20,16,80,79,41,36,14,38,959,none
5,76,52,30,20,16,80,80,37,32,14,34,959,earth_tension
6,76,60,30,20,15,79,80,37,32,14,36,959,none
7,75,67,30,20,17,79,81,37,32,14,39,959,none
8,67,82,30,20,17,79,81,38,33,14,46,959,chinese_base_accident
9,74,86,30,20,18,78,80,38,33,19,45,959,india_transport_success
10,74,94,30,20,17,78,79,38,33,19,47,959,none
0,60,15,30,20,20,80,78,40,35,10,30,960,initial
1,60,17,35,20,22,80,78,40,35,10,34,960,none
2,53,30,35,20,24,81,78,40,35,10,40,960,none
3,52,37,35,20,26,80,78,40,35,10,43,960,none
4,52,45,35,20,25,80,78,41,36,10,45,960,none
5,51,52,35,20,27,81,78,42,37,10,48,960,none
6,58,56,35,20,24,81,78,43,38,10,47,960,none
7,66,65,35,20,24,81,77,40,35,10,46,960,earth_tension
8,73,69,35,20,21,82,77,40,35,10,45,960,none
9,75,75,35,20,24,83,78,40,35,14,46,960,none
10,77,81,35,20,27,83,78,40,35,18,47,960,none
0,60,15,30,20,20,80,78,40,35,10,30,961,initial
1,59,22,30,20,22,80,78,40,35,10,33,961,none
2,67,27,30,30,16,80,78,40,35,10,31,961,mars_breakthrough
3,73,29,30,40,15,79,78,39,34,10,30,961,mars_breakthrough
4,80,33,30,40,12,79,79,38,33,10,29,961,none
5,78,42,30,40,12,79,79,38,33,10,33,961,us_base_accident
6,70,57,30,40,12,79,80,39,34,10,40,961,chinese_base_accident
7,77,61,30,40,9,80,80,39,34,10,39,961,none
8,69,72,30,40,13,81,81,40,35,10,45,961,none
9,77,74,30,40,17,81,81,40,35,10,44,961,new_ice_discovery
10,69,89,30,40,17,82,81,42,37,10,51,961,chinese_base_accident
0,60,15,30,20,20,80,78,40,35,10,30,962,initial
1,68,20,30,20,14,80,78,40,35,10,28,962,none
2,75,24,30,20,11,79,78,39,34,10,27,962,none
3,74,31,30,20,13,79,77,38,33,10,30,962,none
4,80,34,30,30,13,79,78,37,32,10,30,962,mars_breakthrough
5,80,42,30,30,12,79,78,37,32,10,32,962,none
6,72,57,30,30,12,79,78,37,32,10,39,962,chinese_base_accident
7,79,61,30,30,9,78,78,37,32,10,38,962,none
8,86,65,30,30,6,77,79,37,32,10,37,962,none
9,93,69,30,30,3,77,80,37,32,10,36,962,none
10,86,82,30,30,5,77,80,37,32,10,42,962,none
0,60,15,30,20,20,80,78,40,35,10,30,963,initial
1,52,30,30,20,20,80,78,40,35,10,37,963,us_base_accident
2,44,45,30,20,20,79,78,41,36,10,44,963,chinese_base_accident
3,44,53,30,20,19,79,79,42,37,10,46,963,none
4,51,57,30,20,16,79,80,43,38,10,45,963,none
5,58,61,30,20,13,79,80,44,39,10,44,963,none
6,61,71,30,20,13,79,80,45,40,22,46,963,japanese_breakthrough
7,61,79,30,20,12,79,79,46,41,22,48,963,none
8,53,90,30,20,16,80,79,48,43,22,54,963,none
9,53,98,30,20,15,80,78,50,45,22,56,963,none
10,59,100,30,20,15,80,77,52,47,22,56,963,none
0,60,15,30,20,20,80,78,40,35,10,30,964,initial
1,64,20,35,20,20,80,78,40,35,22,33,964,japanese_breakthrough
2,67,27,35,20,20,80,78,40,35,26,33,964,none
3,74,31,35,20,17,80,79,39,34,26,32,964,none
4,74,40,35,20,17,80,80,38,33,26,35,964,none
5,69,48,35,20,19,81,80,39,34,26,39,964,none
6,76,52,35,20,16,81,81,39,34,26,38,964,none
7,74,57,35,20,20,80,81,39,34,26,41,964,none
8,81,61,35,30,17,80,81,39,34,26,40,964,mars_breakthrough
9,81,70,35,30,17,80,81,39,34,26,43,964,none
10,88,74,35,30,14,80,81,39,34,26,42,964,none
0,60,15,30,20,20,80,78,40,35,10,30,965,initial
1,67,19,30,20,17,80,79,40,35,10,29,965,none
2,59,30,30,20,21,80,79,40,35,10,35,965,none
3,51,45,30,20,21,79,79,41,36,10,42,965,chinese_base_accident
4,52,55,30,20,18,79,79,42,37,10,44,965,none
5,59,59,30,20,15,78,78,43,38,10,43,965,none
6,67,64,30,20,9,78,77,44,39,10,41,965,none
7,76,67,30,20,10,78,77,44,39,10,39,965,new_ice_discovery
8,84,72,30,20,4,78,77,44,39,10,37,965,none
9,91,76,30,20,1,78,78,44,39,10,36,965,none
10,84,82,35,20,5,77,78,44,39,10,43,965,none
0,60,15,30,20,20,80,78,40,35,10,30,966,initial
1,59,22,30,20,22,80,78,40,35,10,33,966,none
2,75,27,33,26,16,79,77,39,34,14,39,966,rare_unknown
3,75,35,33,26,15,78,77,38,33,14,41,966,none
4,82,39,33,26,12,79,76,37,32,14,40,966,none
5,96,42,33,26,12,80,76,33,28,14,36,966,earth_tension
6,97,47,33,26,14,79,76,33,28,18,36,966,none
7,98,52,33,26,8,79,77,33,28,18,35,966,us_base_accident
8,98,55,33,26,8,79,78,33,28,18,35,966,none
9,98,59,33,26,5,80,78,33,28,18,34,966,none
10,98,63,33,26,2,80,79,33,28,18,33,966,none
0,60,15,30,20,20,80,78,40,35,10,30,967,initial
1,59,22,30,20,22,80,78,40,35,10,33,967,none
2,59,31,30,20,22,79,77,40,35,10,36,967,none
3,66,35,30,20,19,78,78,40,35,10,35,967,none
4,64,47,30,20,25,78,78,41,36,26,39,967,japanese_breakthrough
5,71,51,30,20,22,78,79,41,36,26,38,967,none
6,71,59,30,20,21,78,79,41,36,26,40,967,none
7,71,67,30,20,20,78,79,41,36,26,42,967,none
8,67,79,30,20,27,77,78,42,37,35,46,967,india_transport_success
9,68,82,41,20,26,77,78,44,39,35,51,967,scientific_discovery
10,76,87,41,20,20,77,78,44,39,35,49,967,none
0,60,15,30,20,20,80,78,40,35,10,30,968,initial
1,59,22,35,20,26,80,78,40,35,26,35,968,japanese_breakthrough
2,68,27,42,24,20,80,78,40,35,28,34,968,rare_unknown
3,67,37,42,24,17,79,78,40,35,28,37,968,us_base_accident
4,73,40,42,24,17,79,78,39,34,28,37,968,none
5,78,44,42,24,14,78,77,39,34,28,37,968,us_base_accident
6,85,48,42,24,11,79,77,39,34,28,36,968,none
7,88,55,42,24,11,79,78,39,34,32,36,968,none
8,95,59,48,24,8,79,78,39,34,32,37,968,scientific_discovery
9,98,63,48,24,5,79,78,39,34,32,36,968,none
10,98,66,48,24,5,78,78,39,34,32,36,968,none
0,60,15,30,20,20,80,78,40,35,10,30,969,initial
1,67,18,30,20,16,80,78,40,35,10,28,969,none
2,59,33,30,20,16,80,79,40,35,10,35,969,us_base_accident
3,57,42,30,20,16,80,79,41,36,10,39,969,us_base_accident
4,58,52,30,20,13,81,79,42,37,10,41,969,none
5,57,59,30,20,15,80,79,43,38,10,44,969,none
6,64,63,30,20,12,80,79,44,39,10,43,969,none
7,71,67,30,20,9,80,79,44,39,10,42,969,none
8,70,74,30,20,11,79,78,45,40,10,45,969,none
9,71,84,30,20,8,79,79,45,40,10,47,969,none
10,78,88,30,20,5,79,79,45,40,10,46,969,none
0,60,15,30,20,20,80,78,40,35,10,30,970,initial
1,63,22,30,20,20,81,78,40,35,14,30,970,none
2,59,34,30,20,27,81,78,40,35,23,34,970,india_transport_success
3,65,37,30,20,27,81,78,40,35,23,34,970,none
4,74,37,41,20,21,81,78,39,34,23,35,970,scientific_discovery
5,81,41,41,20,18,81,77,39,34,23,34,970,none
6,81,49,41,20,17,81,76,39,34,23,36,970,none
7,88,53,41,20,14,80,76,39,34,23,35,970,none
8,88,62,41,20,14,81,75,39,34,23,38,970,none
9,95,66,41,20,11,81,74,39,34,23,37,970,none
10,98,71,41,20,5,80,74,39,34,23,35,970,none
0,60,15,30,20,20,80,78,40,35,10,30,971,initial
1,60,24,30,20,20,81,79,40,35,10,33,971,none
2,65,28,30,20,17,81,79,40,35,10,33,971,us_base_accident
3,72,32,30,20,14,82,79,39,34,10,32,971,none
4,79,36,30,20,11,83,78,38,33,10,31,971,none
5,86,40,30,20,8,84,78,37,32,10,30,971,none
6,79,53,30,20,10,84,78,37,32,10,36,971,none
7,79,61,30,20,9,83,78,37,32,10,38,971,none
8,86,65,30,20,6,83,77,37,32,10,37,971,none
9,78,80,30,20,6,83,76,37,32,10,44,971,chinese_base_accident
10,85,83,30,20,2,83,76,37,32,10,42,971,none
0,60,15,30,20,20,80,78,40,35,10,30,972,initial
1,67,19,30,20,17,79,78,40,35,10,29,972,none
2,59,30,30,20,21,79,78,40,35,10,35,972,none
3,59,38,30,20,20,79,79,40,35,10,37,972,none
4,66,42,30,20,17,80,79,41,36,10,36,972,none
5,66,50,30,20,16,81,79,42,37,10,38,972,none
6,58,65,30,20,16,82,80,43,38,10,45,972,chinese_base_accident
7,49,78,30,20,18,82,81,45,40,10,52,972,us_base_accident
8,56,82,30,20,15,81,81,47,42,10,51,972,none
9,48,93,30,20,19,80,81,49,44,10,57,972,none
10,40,100,30,20,23,80,81,51,46,10,63,972,none
0,60,15,30,20,20,80,78,40,35,10,30,973,initial
1,54,30,30,20,20,79,79,40,35,10,36,973,none
2,61,34,30,20,17,79,79,40,35,10,35,973,none
3,61,42,30,20,16,79,79,41,36,10,37,973,none
4,62,52,30,20,13,80,78,42,37,10,39,973,none
5,62,61,30,20,13,80,78,43,38,10,42,973,none
6,69,65,30,20,10,80,78,44,39,10,41,973,none
7,68,72,30,20,12,80,78,45,40,10,44,973,none
8,74,74,30,20,11,80,78,45,40,10,43,973,none
9,73,81,30,20,13,80,78,45,40,10,46,973,none
10,72,88,30,20,15,80,78,45,40,10,49,973,none
0,60,15,30,20,20,80,78,40,35,10,30,974,initial
1,52,30,30,20,20,80,79,40,35,10,37,974,chinese_base_accident
2,60,35,30,20,14,79,79,40,35,10,35,974,none
3,59,42,30,20,16,78,79,41,36,10,38,974,none
4,66,46,30,20,13,78,80,42,37,10,37,974,none
5,64,50,30,18,10,78,80,43,38,8,34,974,rare_unknown
6,57,63,30,18,12,78,81,44,39,8,40,974,none
7,65,68,36,18,6,79,81,45,40,8,40,974,scientific_discovery
8,72,72,36,18,3,79,81,45,40,8,39,974,none
9,72,81,36,18,3,78,81,45,40,8,42,974,none
10,68,93,36,18,6,78,81,46,41,12,46,974,none
0,60,15,30,20,20,80,78,40,35,10,30,975,initial
1,62,17,40,20,20,81,79,40,35,18,37,975,japanese_breakthrough
2,63,27,40,20,17,82,79,40,35,18,39,975,none
3,71,32,40,20,11,82,79,39,34,18,37,975,none
4,70,39,40,20,13,82,78,39,34,18,40,975,none
5,66,51,40,20,16,82,79,40,35,22,44,975,none
6,74,56,40,20,10,81,79,40,35,22,42,975,none
7,81,60,40,20,7,81,79,40,35,22,41,975,none
8,80,67,40,20,9,82,79,40,35,22,44,975,none
9,82,73,40,20,16,82,79,40,35,31,45,975,india_transport_success
10,89,77,40,20,13,82,79,40,35,31,44,975,none
0,60,15,30,20,20,80,78,40,35,10,30,976,initial
1,60,23,30,20,19,80,78,40,35,10,32,976,none
2,60,31,30,20,18,81,78,40,35,10,34,976,none
3,60,39,30,20,17,81,78,40,35,10,36,976,none
4,58,44,30,20,21,81,78,41,36,10,39,976,none
5,65,48,30,20,18,81,77,42,37,10,38,976,none
6,66,55,30,20,18,81,77,43,38,14,39,976,us_base_accident
7,69,62,30,30,18,80,78,44,39,18,39,976,mars_breakthrough
8,69,70,30,30,17,80,78,45,40,18,41,976,none
9,69,78,30,30,16,79,77,46,41,18,43,976,none
10,69,87,30,30,16,79,77,47,42,18,46,976,none
0,60,15,30,20,20,80,78,40,35,10,30,977,initial
1,60,23,30,20,19,79,78,40,35,10,32,977,none
2,70,28,30,20,18,79,79,40,35,10,30,977,new_ice_discovery
3,62,39,30,20,22,80,79,40,35,10,36,977,none
4,70,44,30,20,16,80,78,41,36,10,34,977,none
5,69,51,30,20,18,80,78,42,37,10,37,977,none
6,76,55,30,20,15,79,79,42,37,10,36,977,none
7,69,68,30,20,17,79,78,43,38,10,42,977,none
8,67,77,30,20,17,80,78,44,39,10,46,977,chinese_base_accident
9,66,84,30,20,19,80,79,45,40,10,49,977,none
10,58,99,30,20,19,80,79,47,42,10,56,977,chinese_base_accident
0,60,15,30,20,20,80,78,40,35,10,30,978,initial
1,67,19,30,20,17,80,78,40,35,10,29,978,none
2,63,34,30,20,20,81,78,40,35,22,35,978,japanese_breakthrough
3,62,41,30,20,22,80,78,41,36,22,38,978,none
4,72,46,30,20,21,79,78,41,36,22,36,978,new_ice_discovery
5,64,57,30,20,25,79,77,42,37,22,42,978,none
6,64,65,30,20,24,79,77,43,38,22,44,978,none
7,63,72,30,20,26,79,77,44,39,22,47,978,none
8,63,81,30,20,26,78,78,45,40,22,50,978,none
9,55,96,30,20,26,78,78,47,42,22,57,978,us_base_accident
10,65,100,30,20,25,77,78,49,44,22,55,978,new_ice_discovery
0,60,15,30,20,20,80,78,40,35,10,30,979,initial
1,52,30,30,20,20,80,77,40,35,10,37,979,chinese_base_accident
2,45,43,30,20,22,80,77,41,36,10,43,979,none
3,52,47,30,20,19,81,77,42,37,10,42,979,none
4,59,51,30,20,16,80,76,43,38,10,41,979,none
5,66,55,30,20,13,80,76,44,39,10,40,979,none
6,73,59,30,20,10,81,77,44,39,10,39,979,none
7,73,68,30,20,10,81,77,44,39,10,42,979,none
8,80,72,30,20,7,81,77,44,39,10,41,979,none
9,88,77,30,20,1,81,76,44,39,10,39,979,none
10,80,92,30,20,1,81,76,44,39,10,46,979,chinese_base_accident
0,60,15,30,20,20,80,78,40,35,10,30,980,initial
1,67,19,30,20,17,80,77,40,35,10,29,980,none
2,67,28,30,20,17,80,77,40,35,10,32,980,none
3,67,37,30,20,17,79,77,40,35,10,35,980,none
4,74,41,30,20,14,79,77,40,35,10,34,980,none
5,81,45,30,20,11,79,76,40,35,10,33,980,none
6,87,48,30,20,11,79,76,40,35,10,33,980,none
7,87,57,30,20,11,78,77,40,35,10,36,980,none
8,96,61,30,20,13,78,77,40,35,10,35,980,new_ice_discovery
9,98,66,30,20,7,78,77,40,35,10,33,980,none
10,98,69,30,20,7,78,77,40,35,10,33,980,none
0,60,15,30,20,20,80,78,40,35,10,30,981,initial
1,60,23,30,20,19,80,78,40,35,10,32,981,none
2,56,31,35,20,24,81,78,40,35,22,39,981,japanese_breakthrough
3,56,40,35,20,24,81,78,40,35,22,42,981,none
4,55,47,35,20,26,80,77,41,36,22,45,981,none
5,54,54,35,20,28,80,77,42,37,22,48,981,none
6,70,59,35,20,22,80,77,39,34,22,42,981,earth_tension
7,70,67,35,20,21,81,76,40,35,22,44,981,none
8,64,75,35,20,28,82,77,41,36,26,48,981,none
9,70,78,35,20,28,82,77,42,37,26,48,981,none
10,77,82,35,20,25,82,77,42,37,26,47,981,none
0,60,15,30,20,20,80,78,40,35,10,30,982,initial
1,59,22,30,20,22,81,78,40,35,10,33,982,none
2,60,32,30,20,19,80,78,40,35,10,35,982,none
3,68,37,30,20,13,79,77,40,35,10,33,982,none
4,66,46,30,20,13,79,77,41,36,10,37,982,chinese_base_accident
5,59,59,30,20,15,79,76,42,37,10,43,982,none
6,61,64,33,29,9,79,76,43,38,7,46,982,rare_unknown
7,54,77,33,29,11,79,76,45,40,7,52,982,none
8,56,80,33,44,10,79,76,47,42,7,52,982,mars_breakthrough
9,63,84,33,54,7,78,76,49,44,7,51,982,mars_breakthrough
10,63,92,33,54,6,79,76,51,46,7,53,982,none
0,60,15,30,20,20,80,78,40,35,10,30,983,initial
1,56,27,30,20,23,79,78,40,35,14,34,983,none
2,64,35,30,20,22,79,78,36,31,14,32,983,earth_tension
3,63,42,30,20,24,79,77,37,32,14,35,983,none
4,59,57,30,20,27,79,77,38,33,26,41,983,japanese_breakthrough
5,61,60,30,35,26,79,78,39,34,26,41,983,mars_breakthrough
6,67,63,30,35,26,79,79,40,35,26,41,983,none
7,62,73,30,35,31,79,78,41,36,30,45,983,none
8,60,82,30,35,31,80,78,42,37,30,49,983,us_base_accident
9,59,89,30,35,33,80,77,44,39,30,52,983,none
10,54,99,30,35,38,80,77,46,41,34,56,983,none
0,60,15,30,20,20,80,78,40,35,10,30,984,initial
1,53,28,30,20,22,80,79,40,35,10,36,984,none
2,60,32,30,20,19,80,79,40,35,10,35,984,none
3,72,39,34,27,19,80,78,39,34,21,31,984,rare_unknown
4,67,49,34,27,24,81,77,40,35,25,35,984,none
5,63,61,34,27,31,81,77,41,36,34,39,984,india_transport_success
6,58,71,34,27,36,81,76,42,37,38,43,984,none
7,54,83,34,27,39,82,77,43,38,42,47,984,none
8,57,90,34,27,39,82,77,44,39,46,47,984,none
9,55,99,34,27,39,81,77,46,41,46,51,984,us_base_accident
10,56,100,34,27,36,80,76,48,43,46,53,984,none
0,60,15,30,20,20,80,78,40,35,10,30,985,initial
1,59,22,30,20,22,80,77,40,35,10,33,985,none
2,61,28,30,20,29,80,77,40,35,19,34,985,india_transport_success
3,62,38,30,20,26,80,77,40,35,19,36,985,none
4,53,47,30,20,32,81,77,41,36,19,42,985,none
5,45,58,30,20,36,81,77,42,37,19,48,985,none
6,51,61,30,20,36,80,77,43,38,19,48,985,none
7,53,66,25,17,40,80,77,44,39,14,48,985,rare_unknown
8,54,76,25,17,37,80,76,45,40,14,50,985,none
9,53,83,25,17,39,80,75,47,42,14,53,985,none
10,45,94,25,17,43,80,75,49,44,14,59,985,none
0,60,15,30,20,20,80,78,40,35,10,30,986,initial
1,58,24,30,20,20,80,78,40,35,10,34,986,us_base_accident
2,57,31,30,20,22,81,79,40,35,10,37,986,none
3,64,35,36,20,19,82,80,40,35,10,38,986,scientific_discovery
4,71,39,36,20,16,82,81,39,34,10,37,986,none
5,81,44,36,20,15,82,81,39,34,10,35,986,new_ice_discovery
6,81,52,36,20,14,82,80,39,34,10,37,986,none
7,87,55,36,20,14,82,80,39,34,10,37,986,none
8,86,62,36,20,16,81,80,39,34,10,40,986,none
9,86,70,36,20,15,81,81,39,34,10,42,986,none
10,92,73,36,20,15,81,82,39,34,10,42,986,none
0,60,15,30,20,20,80,78,40,35,10,30,987,initial
1,68,20,30,20,14,80,78,40,35,10,28,987,none
2,67,27,30,20,16,79,78,40,35,10,31,987,none
3,75,32,30,20,10,80,77,39,34,10,29,987,none
4,82,35,30,28,10,81,77,38,33,8,30,987,rare_unknown
5,85,40,30,28,7,80,77,37,32,8,30,987,none
6,92,44,30,28,4,80,77,37,32,8,29,987,none
7,98,48,30,28,1,80,77,37,32,8,28,987,none
8,98,53,30,28,0,80,78,37,32,8,26,987,none
9,96,62,30,28,0,80,79,37,32,8,29,987,none
10,95,70,30,28,2,81,79,37,32,8,31,987,none
0,60,15,30,20,20,80,78,40,35,10,30,988,initial
1,59,25,30,20,17,81,79,40,35,10,33,988,chinese_base_accident
2,66,29,30,20,14,82,78,40,35,10,32,988,none
3,73,33,30,20,11,82,79,39,34,10,31,988,none
4,79,36,30,20,11,82,79,38,33,10,31,988,none
5,87,41,30,20,5,81,79,38,33,10,29,988,none
6,88,50,38,21,5,82,79,38,33,13,24,988,rare_unknown
7,96,55,38,21,0,82,78,38,33,13,22,988,none
8,98,60,38,21,0,83,78,38,33,13,20,988,none
9,96,69,38,21,0,84,78,38,33,13,23,988,none
10,95,77,38,21,2,85,78,38,33,13,25,988,none
0,60,15,30,20,20,80,78,40,35,10,30,989,initial
1,59,22,30,20,22,80,79,40,35,10,33,989,none
2,59,30,30,20,21,80,78,40,35,10,35,989,none
3,66,34,30,20,18,80,77,40,35,10,34,989,none
4,58,45,30,20,22,80,77,41,36,10,40,989,none
5,57,52,30,20,24,81,76,42,37,10,43,989,none
6,59,57,30,20,26,82,77,43,38,14,43,989,none
7,59,66,30,20,26,81,77,44,39,14,46,989,none
8,59,74,30,20,29,81,77,45,40,19,48,989,india_transport_success
9,66,78,30,20,26,81,77,46,41,19,47,989,none
10,69,81,30,27,26,81,77,47,42,16,49,989,rare_unknown
0,60,15,30,20,20,80,78,40,35,10,30,990,initial
1,71,15,35,20,19,80,78,39,34,10,29,990,new_ice_discovery
2,68,25,40,20,22,81,78,39,34,22,36,990,japanese_breakthrough
3,66,34,40,20,22,80,78,39,34,22,40,990,chinese_base_accident
4,69,41,40,20,26,79,79,40,35,31,40,990,india_transport_success
5,62,54,40,20,28,79,79,41,36,31,46,990,none
6,69,58,40,20,25,79,80,42,37,31,45,990,none
7,76,62,40,20,22,79,80,42,37,31,44,990,none
8,84,67,40,20,16,80,79,42,37,31,42,990,none
9,84,76,40,20,16,79,79,42,37,31,45,990,none
10,81,86,45,20,19,79,79,43,38,43,52,990,japanese_breakthrough
0,60,15,30,20,20,80,78,40,35,10,30,991,initial
1,61,17,30,35,22,80,79,40,35,10,31,991,mars_breakthrough
2,61,26,30,35,26,80,78,40,35,15,34,991,india_transport_success
3,66,27,30,35,28,80,78,40,35,15,34,991,none
4,68,33,30,35,35,79,77,40,35,24,35,991,india_transport_success
5,74,36,30,35,35,79,78,39,34,24,35,991,none
6,78,41,35,35,35,80,78,39,34,36,38,991,japanese_breakthrough
7,85,45,35,35,32,80,77,39,34,36,37,991,none
8,91,48,35,35,32,80,76,39,34,36,37,991,none
9,85,60,35,35,35,80,76,39,34,40,42,991,us_base_accident
10,84,67,35,35,37,80,76,39,34,40,45,991,none
0,60,15,30,20,20,80,78,40,35,10,30,992,initial
1,61,25,30,20,17,79,78,40,35,10,32,992,none
2,62,29,35,20,17,79,78,40,35,10,36,992,none
3,61,36,35,20,19,79,78,40,35,10,39,992,none
4,57,44,40,20,24,78,78,41,36,22,46,992,japanese_breakthrough
5,73,43,45,20,21,77,79,37,32,22,42,992,earth_tension
6,77,46,45,20,21,77,78,37,32,22,43,992,us_base_accident
7,77,54,45,20,20,77,79,37,32,22,45,992,none
8,84,58,45,20,17,77,79,37,32,22,44,992,none
9,91,62,45,20,14,78,79,37,32,22,43,992,none
10,98,67,45,20,8,78,78,37,32,22,41,992,none
0,60,15,30,20,20,80,78,40,35,10,30,993,initial
1,67,19,30,20,17,80,78,40,35,10,29,993,none
2,75,27,30,20,16,80,77,35,30,10,27,993,earth_tension
3,68,40,30,20,18,80,77,35,30,10,33,993,none
4,76,45,30,20,12,81,77,35,30,10,31,993,none
5,83,49,30,20,9,81,78,35,30,10,30,993,none
6,82,56,30,20,11,80,78,35,30,10,33,993,none
7,81,63,30,20,13,80,78,35,30,10,36,993,none
8,81,72,30,20,17,79,78,35,30,15,39,993,india_transport_success
9,76,82,30,20,22,79,77,35,30,19,43,993,none
10,86,88,30,20,25,79,77,31,26,23,40,993,earth_tension
0,60,15,30,20,20,80,78,40,35,10,30,994,initial
1,59,22,30,20,22,80,78,40,35,10,33,994,none
2,58,29,30,20,24,80,78,40,35,10,36,994,none
3,66,34,30,20,18,79,79,40,35,10,34,994,none
4,73,38,30,20,15,79,79,39,34,10,33,994,none
5,81,43,30,20,9,79,79,39,34,10,31,994,none
6,75,50,28,30,11,78,79,39,34,15,33,994,rare_unknown
7,75,58,28,30,10,79,79,39,34,15,35,994,none
8,82,62,28,30,7,79,79,39,34,15,34,994,none
9,83,65,39,30,6,78,79,39,34,15,39,994,scientific_discovery
10,82,72,39,30,8,78,79,39,34,15,42,994,none
0,60,15,30,20,20,80,78,40,35,10,30,995,initial
1,67,19,30,20,17,80,78,40,35,10,29,995,none
2,74,23,30,20,14,80,77,39,34,10,28,995,none
3,73,30,30,20,16,80,77,38,33,10,31,995,none
4,72,37,30,20,18,80,77,37,32,10,34,995,none
5,79,41,30,20,15,80,77,37,32,10,33,995,none
6,75,53,30,20,18,80,77,37,32,14,37,995,none
7,83,58,30,20,12,80,78,37,32,14,35,995,none
8,82,65,30,20,14,80,78,37,32,14,38,995,none
9,89,69,30,20,11,79,79,37,32,14,37,995,none
10,97,74,30,20,5,79,79,37,32,14,35,995,none
0,60,15,30,20,20,80,78,40,35,10,30,996,initial
1,68,20,30,20,14,79,79,40,35,10,28,996,none
2,71,27,30,20,14,78,79,39,34,14,28,996,none
3,79,32,30,20,8,77,79,38,33,14,26,996,none
4,80,39,30,20,8,78,78,37,32,18,27,996,us_base_accident
5,80,48,30,20,8,78,78,37,32,18,30,996,none
6,87,52,30,20,5,79,78,37,32,18,29,996,none
7,94,56,30,20,2,80,78,37,32,18,28,996,none
8,98,61,30,20,0,81,77,37,32,18,26,996,none
9,98,66,30,20,0,81,77,37,32,18,24,996,none
10,98,70,30,20,0,81,77,37,32,18,23,996,none
0,60,15,30,20,20,80,78,40,35,10,30,997,initial
1,59,22,30,20,22,81,78,40,35,10,33,997,none
2,65,25,30,20,22,81,77,40,35,10,33,997,none
3,61,37,30,20,25,81,78,40,35,14,37,997,none
4,61,45,30,20,24,81,78,41,36,14,39,997,none
5,70,48,30,20,25,80,79,42,37,14,37,997,new_ice_discovery
6,76,50,30,30,24,80,79,42,37,14,36,997,mars_breakthrough
7,75,57,30,30,26,79,79,42,37,14,39,997,none
8,89,60,27,30,26,79,79,42,37,20,45,997,rare_unknown
9,96,64,27,30,23,78,80,42,37,20,44,997,none
10,96,73,27,30,23,78,80,42,37,20,47,997,none
0,60,15,30,20,20,80,78,40,35,10,30,998,initial
1,60,23,30,20,19,81,77,40,35,10,32,998,none
2,54,35,30,20,22,81,77,40,35,14,37,998,us_base_accident
3,53,42,30,20,24,82,77,41,36,14,40,998,none
4,57,47,35,20,24,82,77,42,37,26,43,998,japanese_breakthrough
5,57,56,35,20,24,82,78,43,38,26,46,998,none
6,64,60,35,20,21,82,78,44,39,26,45,998,none
7,63,67,35,20,23,83,79,45,40,26,48,998,none
8,70,71,35,20,20,83,78,46,41,26,47,998,none
9,62,86,35,20,20,83,77,48,43,26,54,998,chinese_base_accident
10,62,95,35,20,20,83,77,50,45,26,57,998,none
0,60,15,30,20,20,80,78,40,35,10,30,999,initial
1,67,19,30,20,17,80,78,40,35,10,29,999,none
2,74,23,30,20,14,79,78,39,34,10,28,999,none
3,74,29,30,20,17,79,78,38,33,14,30,999,us_base_accident
4,83,33,30,20,19,79,78,37,32,14,29,999,new_ice_discovery
5,91,38,30,20,13,79,78,36,31,14,27,999,none
6,98,42,30,20,10,79,78,36,31,14,26,999,none
7,98,46,30,20,7,79,78,36,31,14,25,999,none
8,98,52,30,20,14,79,78,36,31,23,26,999,india_transport_success
9,98,56,30,20,11,79,78,36,31,23,25,999,none
10,95,64,30,20,10,79,79,36,31,23,27,999,none
0,60,15,30,20,20,80,78,40,35,10,30,1000,initial
1,52,26,30,20,24,80,78,40,35,10,36,1000,none
2,59,30,30,20,21,80,79,40,35,10,35,1000,none
3,65,33,30,20,21,80,80,40,35,10,35,1000,none
4,58,46,30,20,23,80,80,41,36,10,41,1000,none
5,66,51,30,20,17,79,80,42,37,10,39,1000,none
6,73,58,30,20,14,79,80,42,37,18,40,1000,japanese_breakthrough
7,68,68,30,20,19,80,80,43,38,22,44,1000,none
8,61,81,30,20,21,80,79,44,39,22,50,1000,none
9,60,88,30,20,23,79,79,46,41,22,53,1000,none
10,53,100,30,20,25,79,80,48,43,22,59,1000,none
